solid charuco
facet normal 0 0 1
outer loop
vertex -0.0975000000 0.0675000000 0.0000000000
vertex -0.0825000000 0.0525000000 0.0000000000
vertex -0.0825000000 0.0675000000 0.0000000000
endloop
endfacet
facet normal 0 0 1
outer loop
vertex -0.0975000000 0.0675000000 0.0000000000
vertex -0.0975000000 0.0525000000 0.0000000000
vertex -0.0825000000 0.0525000000 0.0000000000
endloop
endfacet
facet normal 0 0 1
outer loop
vertex -0.0675000000 0.0675000000 0.0000000000
vertex -0.0525000000 0.0525000000 0.0000000000
vertex -0.0525000000 0.0675000000 0.0000000000
endloop
endfacet
facet normal 0 0 1
outer loop
vertex -0.0675000000 0.0675000000 0.0000000000
vertex -0.0675000000 0.0525000000 0.0000000000
vertex -0.0525000000 0.0525000000 0.0000000000
endloop
endfacet
facet normal 0 0 1
outer loop
vertex -0.0375000000 0.0675000000 0.0000000000
vertex -0.0225000000 0.0525000000 0.0000000000
vertex -0.0225000000 0.0675000000 0.0000000000
endloop
endfacet
facet normal 0 0 1
outer loop
vertex -0.0375000000 0.0675000000 0.0000000000
vertex -0.0375000000 0.0525000000 0.0000000000
vertex -0.0225000000 0.0525000000 0.0000000000
endloop
endfacet
facet normal 0 0 1
outer loop
vertex -0.0075000000 0.0675000000 0.0000000000
vertex 0.0075000000 0.0525000000 0.0000000000
vertex 0.0075000000 0.0675000000 0.0000000000
endloop
endfacet
facet normal 0 0 1
outer loop
vertex -0.0075000000 0.0675000000 0.0000000000
vertex -0.0075000000 0.0525000000 0.0000000000
vertex 0.0075000000 0.0525000000 0.0000000000
endloop
endfacet
facet normal 0 0 1
outer loop
vertex 0.0225000000 0.0675000000 0.0000000000
vertex 0.0375000000 0.0525000000 0.0000000000
vertex 0.0375000000 0.0675000000 0.0000000000
endloop
endfacet
facet normal 0 0 1
outer loop
vertex 0.0225000000 0.0675000000 0.0000000000
vertex 0.0225000000 0.0525000000 0.0000000000
vertex 0.0375000000 0.0525000000 0.0000000000
endloop
endfacet
facet normal 0 0 1
outer loop
vertex 0.0525000000 0.0675000000 0.0000000000
vertex 0.0675000000 0.0525000000 0.0000000000
vertex 0.0675000000 0.0675000000 0.0000000000
endloop
endfacet
facet normal 0 0 1
outer loop
vertex 0.0525000000 0.0675000000 0.0000000000
vertex 0.0525000000 0.0525000000 0.0000000000
vertex 0.0675000000 0.0525000000 0.0000000000
endloop
endfacet
facet normal 0 0 1
outer loop
vertex 0.0825000000 0.0675000000 0.0000000000
vertex 0.0975000000 0.0525000000 0.0000000000
vertex 0.0975000000 0.0675000000 0.0000000000
endloop
endfacet
facet normal 0 0 1
outer loop
vertex 0.0825000000 0.0675000000 0.0000000000
vertex 0.0825000000 0.0525000000 0.0000000000
vertex 0.0975000000 0.0525000000 0.0000000000
endloop
endfacet
facet normal 0 0 1
outer loop
vertex -0.0825000000 0.0525000000 0.0000000000
vertex -0.0675000000 0.0375000000 0.0000000000
vertex -0.0675000000 0.0525000000 0.0000000000
endloop
endfacet
facet normal 0 0 1
outer loop
vertex -0.0825000000 0.0525000000 0.0000000000
vertex -0.0825000000 0.0375000000 0.0000000000
vertex -0.0675000000 0.0375000000 0.0000000000
endloop
endfacet
facet normal 0 0 1
outer loop
vertex -0.0525000000 0.0525000000 0.0000000000
vertex -0.0375000000 0.0375000000 0.0000000000
vertex -0.0375000000 0.0525000000 0.0000000000
endloop
endfacet
facet normal 0 0 1
outer loop
vertex -0.0525000000 0.0525000000 0.0000000000
vertex -0.0525000000 0.0375000000 0.0000000000
vertex -0.0375000000 0.0375000000 0.0000000000
endloop
endfacet
facet normal 0 0 1
outer loop
vertex -0.0225000000 0.0525000000 0.0000000000
vertex -0.0075000000 0.0375000000 0.0000000000
vertex -0.0075000000 0.0525000000 0.0000000000
endloop
endfacet
facet normal 0 0 1
outer loop
vertex -0.0225000000 0.0525000000 0.0000000000
vertex -0.0225000000 0.0375000000 0.0000000000
vertex -0.0075000000 0.0375000000 0.0000000000
endloop
endfacet
facet normal 0 0 1
outer loop
vertex 0.0075000000 0.0525000000 0.0000000000
vertex 0.0225000000 0.0375000000 0.0000000000
vertex 0.0225000000 0.0525000000 0.0000000000
endloop
endfacet
facet normal 0 0 1
outer loop
vertex 0.0075000000 0.0525000000 0.0000000000
vertex 0.0075000000 0.0375000000 0.0000000000
vertex 0.0225000000 0.0375000000 0.0000000000
endloop
endfacet
facet normal 0 0 1
outer loop
vertex 0.0375000000 0.0525000000 0.0000000000
vertex 0.0525000000 0.0375000000 0.0000000000
vertex 0.0525000000 0.0525000000 0.0000000000
endloop
endfacet
facet normal 0 0 1
outer loop
vertex 0.0375000000 0.0525000000 0.0000000000
vertex 0.0375000000 0.0375000000 0.0000000000
vertex 0.0525000000 0.0375000000 0.0000000000
endloop
endfacet
facet normal 0 0 1
outer loop
vertex 0.0675000000 0.0525000000 0.0000000000
vertex 0.0825000000 0.0375000000 0.0000000000
vertex 0.0825000000 0.0525000000 0.0000000000
endloop
endfacet
facet normal 0 0 1
outer loop
vertex 0.0675000000 0.0525000000 0.0000000000
vertex 0.0675000000 0.0375000000 0.0000000000
vertex 0.0825000000 0.0375000000 0.0000000000
endloop
endfacet
facet normal 0 0 1
outer loop
vertex -0.0975000000 0.0375000000 0.0000000000
vertex -0.0825000000 0.0225000000 0.0000000000
vertex -0.0825000000 0.0375000000 0.0000000000
endloop
endfacet
facet normal 0 0 1
outer loop
vertex -0.0975000000 0.0375000000 0.0000000000
vertex -0.0975000000 0.0225000000 0.0000000000
vertex -0.0825000000 0.0225000000 0.0000000000
endloop
endfacet
facet normal 0 0 1
outer loop
vertex -0.0675000000 0.0375000000 0.0000000000
vertex -0.0525000000 0.0225000000 0.0000000000
vertex -0.0525000000 0.0375000000 0.0000000000
endloop
endfacet
facet normal 0 0 1
outer loop
vertex -0.0675000000 0.0375000000 0.0000000000
vertex -0.0675000000 0.0225000000 0.0000000000
vertex -0.0525000000 0.0225000000 0.0000000000
endloop
endfacet
facet normal 0 0 1
outer loop
vertex -0.0375000000 0.0375000000 0.0000000000
vertex -0.0225000000 0.0225000000 0.0000000000
vertex -0.0225000000 0.0375000000 0.0000000000
endloop
endfacet
facet normal 0 0 1
outer loop
vertex -0.0375000000 0.0375000000 0.0000000000
vertex -0.0375000000 0.0225000000 0.0000000000
vertex -0.0225000000 0.0225000000 0.0000000000
endloop
endfacet
facet normal 0 0 1
outer loop
vertex -0.0075000000 0.0375000000 0.0000000000
vertex 0.0075000000 0.0225000000 0.0000000000
vertex 0.0075000000 0.0375000000 0.0000000000
endloop
endfacet
facet normal 0 0 1
outer loop
vertex -0.0075000000 0.0375000000 0.0000000000
vertex -0.0075000000 0.0225000000 0.0000000000
vertex 0.0075000000 0.0225000000 0.0000000000
endloop
endfacet
facet normal 0 0 1
outer loop
vertex 0.0225000000 0.0375000000 0.0000000000
vertex 0.0375000000 0.0225000000 0.0000000000
vertex 0.0375000000 0.0375000000 0.0000000000
endloop
endfacet
facet normal 0 0 1
outer loop
vertex 0.0225000000 0.0375000000 0.0000000000
vertex 0.0225000000 0.0225000000 0.0000000000
vertex 0.0375000000 0.0225000000 0.0000000000
endloop
endfacet
facet normal 0 0 1
outer loop
vertex 0.0525000000 0.0375000000 0.0000000000
vertex 0.0675000000 0.0225000000 0.0000000000
vertex 0.0675000000 0.0375000000 0.0000000000
endloop
endfacet
facet normal 0 0 1
outer loop
vertex 0.0525000000 0.0375000000 0.0000000000
vertex 0.0525000000 0.0225000000 0.0000000000
vertex 0.0675000000 0.0225000000 0.0000000000
endloop
endfacet
facet normal 0 0 1
outer loop
vertex 0.0825000000 0.0375000000 0.0000000000
vertex 0.0975000000 0.0225000000 0.0000000000
vertex 0.0975000000 0.0375000000 0.0000000000
endloop
endfacet
facet normal 0 0 1
outer loop
vertex 0.0825000000 0.0375000000 0.0000000000
vertex 0.0825000000 0.0225000000 0.0000000000
vertex 0.0975000000 0.0225000000 0.0000000000
endloop
endfacet
facet normal 0 0 1
outer loop
vertex -0.0825000000 0.0225000000 0.0000000000
vertex -0.0675000000 0.0075000000 0.0000000000
vertex -0.0675000000 0.0225000000 0.0000000000
endloop
endfacet
facet normal 0 0 1
outer loop
vertex -0.0825000000 0.0225000000 0.0000000000
vertex -0.0825000000 0.0075000000 0.0000000000
vertex -0.0675000000 0.0075000000 0.0000000000
endloop
endfacet
facet normal 0 0 1
outer loop
vertex -0.0525000000 0.0225000000 0.0000000000
vertex -0.0375000000 0.0075000000 0.0000000000
vertex -0.0375000000 0.0225000000 0.0000000000
endloop
endfacet
facet normal 0 0 1
outer loop
vertex -0.0525000000 0.0225000000 0.0000000000
vertex -0.0525000000 0.0075000000 0.0000000000
vertex -0.0375000000 0.0075000000 0.0000000000
endloop
endfacet
facet normal 0 0 1
outer loop
vertex -0.0225000000 0.0225000000 0.0000000000
vertex -0.0075000000 0.0075000000 0.0000000000
vertex -0.0075000000 0.0225000000 0.0000000000
endloop
endfacet
facet normal 0 0 1
outer loop
vertex -0.0225000000 0.0225000000 0.0000000000
vertex -0.0225000000 0.0075000000 0.0000000000
vertex -0.0075000000 0.0075000000 0.0000000000
endloop
endfacet
facet normal 0 0 1
outer loop
vertex 0.0075000000 0.0225000000 0.0000000000
vertex 0.0225000000 0.0075000000 0.0000000000
vertex 0.0225000000 0.0225000000 0.0000000000
endloop
endfacet
facet normal 0 0 1
outer loop
vertex 0.0075000000 0.0225000000 0.0000000000
vertex 0.0075000000 0.0075000000 0.0000000000
vertex 0.0225000000 0.0075000000 0.0000000000
endloop
endfacet
facet normal 0 0 1
outer loop
vertex 0.0375000000 0.0225000000 0.0000000000
vertex 0.0525000000 0.0075000000 0.0000000000
vertex 0.0525000000 0.0225000000 0.0000000000
endloop
endfacet
facet normal 0 0 1
outer loop
vertex 0.0375000000 0.0225000000 0.0000000000
vertex 0.0375000000 0.0075000000 0.0000000000
vertex 0.0525000000 0.0075000000 0.0000000000
endloop
endfacet
facet normal 0 0 1
outer loop
vertex 0.0675000000 0.0225000000 0.0000000000
vertex 0.0825000000 0.0075000000 0.0000000000
vertex 0.0825000000 0.0225000000 0.0000000000
endloop
endfacet
facet normal 0 0 1
outer loop
vertex 0.0675000000 0.0225000000 0.0000000000
vertex 0.0675000000 0.0075000000 0.0000000000
vertex 0.0825000000 0.0075000000 0.0000000000
endloop
endfacet
facet normal 0 0 1
outer loop
vertex -0.0975000000 0.0075000000 0.0000000000
vertex -0.0825000000 -0.0075000000 0.0000000000
vertex -0.0825000000 0.0075000000 0.0000000000
endloop
endfacet
facet normal 0 0 1
outer loop
vertex -0.0975000000 0.0075000000 0.0000000000
vertex -0.0975000000 -0.0075000000 0.0000000000
vertex -0.0825000000 -0.0075000000 0.0000000000
endloop
endfacet
facet normal 0 0 1
outer loop
vertex -0.0675000000 0.0075000000 0.0000000000
vertex -0.0525000000 -0.0075000000 0.0000000000
vertex -0.0525000000 0.0075000000 0.0000000000
endloop
endfacet
facet normal 0 0 1
outer loop
vertex -0.0675000000 0.0075000000 0.0000000000
vertex -0.0675000000 -0.0075000000 0.0000000000
vertex -0.0525000000 -0.0075000000 0.0000000000
endloop
endfacet
facet normal 0 0 1
outer loop
vertex -0.0375000000 0.0075000000 0.0000000000
vertex -0.0225000000 -0.0075000000 0.0000000000
vertex -0.0225000000 0.0075000000 0.0000000000
endloop
endfacet
facet normal 0 0 1
outer loop
vertex -0.0375000000 0.0075000000 0.0000000000
vertex -0.0375000000 -0.0075000000 0.0000000000
vertex -0.0225000000 -0.0075000000 0.0000000000
endloop
endfacet
facet normal 0 0 1
outer loop
vertex -0.0075000000 0.0075000000 0.0000000000
vertex 0.0075000000 -0.0075000000 0.0000000000
vertex 0.0075000000 0.0075000000 0.0000000000
endloop
endfacet
facet normal 0 0 1
outer loop
vertex -0.0075000000 0.0075000000 0.0000000000
vertex -0.0075000000 -0.0075000000 0.0000000000
vertex 0.0075000000 -0.0075000000 0.0000000000
endloop
endfacet
facet normal 0 0 1
outer loop
vertex 0.0225000000 0.0075000000 0.0000000000
vertex 0.0375000000 -0.0075000000 0.0000000000
vertex 0.0375000000 0.0075000000 0.0000000000
endloop
endfacet
facet normal 0 0 1
outer loop
vertex 0.0225000000 0.0075000000 0.0000000000
vertex 0.0225000000 -0.0075000000 0.0000000000
vertex 0.0375000000 -0.0075000000 0.0000000000
endloop
endfacet
facet normal 0 0 1
outer loop
vertex 0.0525000000 0.0075000000 0.0000000000
vertex 0.0675000000 -0.0075000000 0.0000000000
vertex 0.0675000000 0.0075000000 0.0000000000
endloop
endfacet
facet normal 0 0 1
outer loop
vertex 0.0525000000 0.0075000000 0.0000000000
vertex 0.0525000000 -0.0075000000 0.0000000000
vertex 0.0675000000 -0.0075000000 0.0000000000
endloop
endfacet
facet normal 0 0 1
outer loop
vertex 0.0825000000 0.0075000000 0.0000000000
vertex 0.0975000000 -0.0075000000 0.0000000000
vertex 0.0975000000 0.0075000000 0.0000000000
endloop
endfacet
facet normal 0 0 1
outer loop
vertex 0.0825000000 0.0075000000 0.0000000000
vertex 0.0825000000 -0.0075000000 0.0000000000
vertex 0.0975000000 -0.0075000000 0.0000000000
endloop
endfacet
facet normal 0 0 1
outer loop
vertex -0.0825000000 -0.0075000000 0.0000000000
vertex -0.0675000000 -0.0225000000 0.0000000000
vertex -0.0675000000 -0.0075000000 0.0000000000
endloop
endfacet
facet normal 0 0 1
outer loop
vertex -0.0825000000 -0.0075000000 0.0000000000
vertex -0.0825000000 -0.0225000000 0.0000000000
vertex -0.0675000000 -0.0225000000 0.0000000000
endloop
endfacet
facet normal 0 0 1
outer loop
vertex -0.0525000000 -0.0075000000 0.0000000000
vertex -0.0375000000 -0.0225000000 0.0000000000
vertex -0.0375000000 -0.0075000000 0.0000000000
endloop
endfacet
facet normal 0 0 1
outer loop
vertex -0.0525000000 -0.0075000000 0.0000000000
vertex -0.0525000000 -0.0225000000 0.0000000000
vertex -0.0375000000 -0.0225000000 0.0000000000
endloop
endfacet
facet normal 0 0 1
outer loop
vertex -0.0225000000 -0.0075000000 0.0000000000
vertex -0.0075000000 -0.0225000000 0.0000000000
vertex -0.0075000000 -0.0075000000 0.0000000000
endloop
endfacet
facet normal 0 0 1
outer loop
vertex -0.0225000000 -0.0075000000 0.0000000000
vertex -0.0225000000 -0.0225000000 0.0000000000
vertex -0.0075000000 -0.0225000000 0.0000000000
endloop
endfacet
facet normal 0 0 1
outer loop
vertex 0.0075000000 -0.0075000000 0.0000000000
vertex 0.0225000000 -0.0225000000 0.0000000000
vertex 0.0225000000 -0.0075000000 0.0000000000
endloop
endfacet
facet normal 0 0 1
outer loop
vertex 0.0075000000 -0.0075000000 0.0000000000
vertex 0.0075000000 -0.0225000000 0.0000000000
vertex 0.0225000000 -0.0225000000 0.0000000000
endloop
endfacet
facet normal 0 0 1
outer loop
vertex 0.0375000000 -0.0075000000 0.0000000000
vertex 0.0525000000 -0.0225000000 0.0000000000
vertex 0.0525000000 -0.0075000000 0.0000000000
endloop
endfacet
facet normal 0 0 1
outer loop
vertex 0.0375000000 -0.0075000000 0.0000000000
vertex 0.0375000000 -0.0225000000 0.0000000000
vertex 0.0525000000 -0.0225000000 0.0000000000
endloop
endfacet
facet normal 0 0 1
outer loop
vertex 0.0675000000 -0.0075000000 0.0000000000
vertex 0.0825000000 -0.0225000000 0.0000000000
vertex 0.0825000000 -0.0075000000 0.0000000000
endloop
endfacet
facet normal 0 0 1
outer loop
vertex 0.0675000000 -0.0075000000 0.0000000000
vertex 0.0675000000 -0.0225000000 0.0000000000
vertex 0.0825000000 -0.0225000000 0.0000000000
endloop
endfacet
facet normal 0 0 1
outer loop
vertex -0.0975000000 -0.0225000000 0.0000000000
vertex -0.0825000000 -0.0375000000 0.0000000000
vertex -0.0825000000 -0.0225000000 0.0000000000
endloop
endfacet
facet normal 0 0 1
outer loop
vertex -0.0975000000 -0.0225000000 0.0000000000
vertex -0.0975000000 -0.0375000000 0.0000000000
vertex -0.0825000000 -0.0375000000 0.0000000000
endloop
endfacet
facet normal 0 0 1
outer loop
vertex -0.0675000000 -0.0225000000 0.0000000000
vertex -0.0525000000 -0.0375000000 0.0000000000
vertex -0.0525000000 -0.0225000000 0.0000000000
endloop
endfacet
facet normal 0 0 1
outer loop
vertex -0.0675000000 -0.0225000000 0.0000000000
vertex -0.0675000000 -0.0375000000 0.0000000000
vertex -0.0525000000 -0.0375000000 0.0000000000
endloop
endfacet
facet normal 0 0 1
outer loop
vertex -0.0375000000 -0.0225000000 0.0000000000
vertex -0.0225000000 -0.0375000000 0.0000000000
vertex -0.0225000000 -0.0225000000 0.0000000000
endloop
endfacet
facet normal 0 0 1
outer loop
vertex -0.0375000000 -0.0225000000 0.0000000000
vertex -0.0375000000 -0.0375000000 0.0000000000
vertex -0.0225000000 -0.0375000000 0.0000000000
endloop
endfacet
facet normal 0 0 1
outer loop
vertex -0.0075000000 -0.0225000000 0.0000000000
vertex 0.0075000000 -0.0375000000 0.0000000000
vertex 0.0075000000 -0.0225000000 0.0000000000
endloop
endfacet
facet normal 0 0 1
outer loop
vertex -0.0075000000 -0.0225000000 0.0000000000
vertex -0.0075000000 -0.0375000000 0.0000000000
vertex 0.0075000000 -0.0375000000 0.0000000000
endloop
endfacet
facet normal 0 0 1
outer loop
vertex 0.0225000000 -0.0225000000 0.0000000000
vertex 0.0375000000 -0.0375000000 0.0000000000
vertex 0.0375000000 -0.0225000000 0.0000000000
endloop
endfacet
facet normal 0 0 1
outer loop
vertex 0.0225000000 -0.0225000000 0.0000000000
vertex 0.0225000000 -0.0375000000 0.0000000000
vertex 0.0375000000 -0.0375000000 0.0000000000
endloop
endfacet
facet normal 0 0 1
outer loop
vertex 0.0525000000 -0.0225000000 0.0000000000
vertex 0.0675000000 -0.0375000000 0.0000000000
vertex 0.0675000000 -0.0225000000 0.0000000000
endloop
endfacet
facet normal 0 0 1
outer loop
vertex 0.0525000000 -0.0225000000 0.0000000000
vertex 0.0525000000 -0.0375000000 0.0000000000
vertex 0.0675000000 -0.0375000000 0.0000000000
endloop
endfacet
facet normal 0 0 1
outer loop
vertex 0.0825000000 -0.0225000000 0.0000000000
vertex 0.0975000000 -0.0375000000 0.0000000000
vertex 0.0975000000 -0.0225000000 0.0000000000
endloop
endfacet
facet normal 0 0 1
outer loop
vertex 0.0825000000 -0.0225000000 0.0000000000
vertex 0.0825000000 -0.0375000000 0.0000000000
vertex 0.0975000000 -0.0375000000 0.0000000000
endloop
endfacet
facet normal 0 0 1
outer loop
vertex -0.0825000000 -0.0375000000 0.0000000000
vertex -0.0675000000 -0.0525000000 0.0000000000
vertex -0.0675000000 -0.0375000000 0.0000000000
endloop
endfacet
facet normal 0 0 1
outer loop
vertex -0.0825000000 -0.0375000000 0.0000000000
vertex -0.0825000000 -0.0525000000 0.0000000000
vertex -0.0675000000 -0.0525000000 0.0000000000
endloop
endfacet
facet normal 0 0 1
outer loop
vertex -0.0525000000 -0.0375000000 0.0000000000
vertex -0.0375000000 -0.0525000000 0.0000000000
vertex -0.0375000000 -0.0375000000 0.0000000000
endloop
endfacet
facet normal 0 0 1
outer loop
vertex -0.0525000000 -0.0375000000 0.0000000000
vertex -0.0525000000 -0.0525000000 0.0000000000
vertex -0.0375000000 -0.0525000000 0.0000000000
endloop
endfacet
facet normal 0 0 1
outer loop
vertex -0.0225000000 -0.0375000000 0.0000000000
vertex -0.0075000000 -0.0525000000 0.0000000000
vertex -0.0075000000 -0.0375000000 0.0000000000
endloop
endfacet
facet normal 0 0 1
outer loop
vertex -0.0225000000 -0.0375000000 0.0000000000
vertex -0.0225000000 -0.0525000000 0.0000000000
vertex -0.0075000000 -0.0525000000 0.0000000000
endloop
endfacet
facet normal 0 0 1
outer loop
vertex 0.0075000000 -0.0375000000 0.0000000000
vertex 0.0225000000 -0.0525000000 0.0000000000
vertex 0.0225000000 -0.0375000000 0.0000000000
endloop
endfacet
facet normal 0 0 1
outer loop
vertex 0.0075000000 -0.0375000000 0.0000000000
vertex 0.0075000000 -0.0525000000 0.0000000000
vertex 0.0225000000 -0.0525000000 0.0000000000
endloop
endfacet
facet normal 0 0 1
outer loop
vertex 0.0375000000 -0.0375000000 0.0000000000
vertex 0.0525000000 -0.0525000000 0.0000000000
vertex 0.0525000000 -0.0375000000 0.0000000000
endloop
endfacet
facet normal 0 0 1
outer loop
vertex 0.0375000000 -0.0375000000 0.0000000000
vertex 0.0375000000 -0.0525000000 0.0000000000
vertex 0.0525000000 -0.0525000000 0.0000000000
endloop
endfacet
facet normal 0 0 1
outer loop
vertex 0.0675000000 -0.0375000000 0.0000000000
vertex 0.0825000000 -0.0525000000 0.0000000000
vertex 0.0825000000 -0.0375000000 0.0000000000
endloop
endfacet
facet normal 0 0 1
outer loop
vertex 0.0675000000 -0.0375000000 0.0000000000
vertex 0.0675000000 -0.0525000000 0.0000000000
vertex 0.0825000000 -0.0525000000 0.0000000000
endloop
endfacet
facet normal 0 0 1
outer loop
vertex -0.0975000000 -0.0525000000 0.0000000000
vertex -0.0825000000 -0.0675000000 0.0000000000
vertex -0.0825000000 -0.0525000000 0.0000000000
endloop
endfacet
facet normal 0 0 1
outer loop
vertex -0.0975000000 -0.0525000000 0.0000000000
vertex -0.0975000000 -0.0675000000 0.0000000000
vertex -0.0825000000 -0.0675000000 0.0000000000
endloop
endfacet
facet normal 0 0 1
outer loop
vertex -0.0675000000 -0.0525000000 0.0000000000
vertex -0.0525000000 -0.0675000000 0.0000000000
vertex -0.0525000000 -0.0525000000 0.0000000000
endloop
endfacet
facet normal 0 0 1
outer loop
vertex -0.0675000000 -0.0525000000 0.0000000000
vertex -0.0675000000 -0.0675000000 0.0000000000
vertex -0.0525000000 -0.0675000000 0.0000000000
endloop
endfacet
facet normal 0 0 1
outer loop
vertex -0.0375000000 -0.0525000000 0.0000000000
vertex -0.0225000000 -0.0675000000 0.0000000000
vertex -0.0225000000 -0.0525000000 0.0000000000
endloop
endfacet
facet normal 0 0 1
outer loop
vertex -0.0375000000 -0.0525000000 0.0000000000
vertex -0.0375000000 -0.0675000000 0.0000000000
vertex -0.0225000000 -0.0675000000 0.0000000000
endloop
endfacet
facet normal 0 0 1
outer loop
vertex -0.0075000000 -0.0525000000 0.0000000000
vertex 0.0075000000 -0.0675000000 0.0000000000
vertex 0.0075000000 -0.0525000000 0.0000000000
endloop
endfacet
facet normal 0 0 1
outer loop
vertex -0.0075000000 -0.0525000000 0.0000000000
vertex -0.0075000000 -0.0675000000 0.0000000000
vertex 0.0075000000 -0.0675000000 0.0000000000
endloop
endfacet
facet normal 0 0 1
outer loop
vertex 0.0225000000 -0.0525000000 0.0000000000
vertex 0.0375000000 -0.0675000000 0.0000000000
vertex 0.0375000000 -0.0525000000 0.0000000000
endloop
endfacet
facet normal 0 0 1
outer loop
vertex 0.0225000000 -0.0525000000 0.0000000000
vertex 0.0225000000 -0.0675000000 0.0000000000
vertex 0.0375000000 -0.0675000000 0.0000000000
endloop
endfacet
facet normal 0 0 1
outer loop
vertex 0.0525000000 -0.0525000000 0.0000000000
vertex 0.0675000000 -0.0675000000 0.0000000000
vertex 0.0675000000 -0.0525000000 0.0000000000
endloop
endfacet
facet normal 0 0 1
outer loop
vertex 0.0525000000 -0.0525000000 0.0000000000
vertex 0.0525000000 -0.0675000000 0.0000000000
vertex 0.0675000000 -0.0675000000 0.0000000000
endloop
endfacet
facet normal 0 0 1
outer loop
vertex 0.0825000000 -0.0525000000 0.0000000000
vertex 0.0975000000 -0.0675000000 0.0000000000
vertex 0.0975000000 -0.0525000000 0.0000000000
endloop
endfacet
facet normal 0 0 1
outer loop
vertex 0.0825000000 -0.0525000000 0.0000000000
vertex 0.0825000000 -0.0675000000 0.0000000000
vertex 0.0975000000 -0.0675000000 0.0000000000
endloop
endfacet
facet normal 0 0 1
outer loop
vertex -0.0805000009 0.0655000001 0.0000000000
vertex -0.0786666676 0.0636666668 0.0000000000
vertex -0.0786666676 0.0655000001 0.0000000000
endloop
endfacet
facet normal 0 0 1
outer loop
vertex -0.0805000009 0.0655000001 0.0000000000
vertex -0.0805000009 0.0636666668 0.0000000000
vertex -0.0786666676 0.0636666668 0.0000000000
endloop
endfacet
facet normal 0 0 1
outer loop
vertex -0.0786666676 0.0655000001 0.0000000000
vertex -0.0768333343 0.0636666668 0.0000000000
vertex -0.0768333343 0.0655000001 0.0000000000
endloop
endfacet
facet normal 0 0 1
outer loop
vertex -0.0786666676 0.0655000001 0.0000000000
vertex -0.0786666676 0.0636666668 0.0000000000
vertex -0.0768333343 0.0636666668 0.0000000000
endloop
endfacet
facet normal 0 0 1
outer loop
vertex -0.0768333343 0.0655000001 0.0000000000
vertex -0.0750000009 0.0636666668 0.0000000000
vertex -0.0750000009 0.0655000001 0.0000000000
endloop
endfacet
facet normal 0 0 1
outer loop
vertex -0.0768333343 0.0655000001 0.0000000000
vertex -0.0768333343 0.0636666668 0.0000000000
vertex -0.0750000009 0.0636666668 0.0000000000
endloop
endfacet
facet normal 0 0 1
outer loop
vertex -0.0750000009 0.0655000001 0.0000000000
vertex -0.0731666676 0.0636666668 0.0000000000
vertex -0.0731666676 0.0655000001 0.0000000000
endloop
endfacet
facet normal 0 0 1
outer loop
vertex -0.0750000009 0.0655000001 0.0000000000
vertex -0.0750000009 0.0636666668 0.0000000000
vertex -0.0731666676 0.0636666668 0.0000000000
endloop
endfacet
facet normal 0 0 1
outer loop
vertex -0.0731666676 0.0655000001 0.0000000000
vertex -0.0713333343 0.0636666668 0.0000000000
vertex -0.0713333343 0.0655000001 0.0000000000
endloop
endfacet
facet normal 0 0 1
outer loop
vertex -0.0731666676 0.0655000001 0.0000000000
vertex -0.0731666676 0.0636666668 0.0000000000
vertex -0.0713333343 0.0636666668 0.0000000000
endloop
endfacet
facet normal 0 0 1
outer loop
vertex -0.0713333343 0.0655000001 0.0000000000
vertex -0.0695000009 0.0636666668 0.0000000000
vertex -0.0695000009 0.0655000001 0.0000000000
endloop
endfacet
facet normal 0 0 1
outer loop
vertex -0.0713333343 0.0655000001 0.0000000000
vertex -0.0713333343 0.0636666668 0.0000000000
vertex -0.0695000009 0.0636666668 0.0000000000
endloop
endfacet
facet normal 0 0 1
outer loop
vertex -0.0805000009 0.0636666668 0.0000000000
vertex -0.0786666676 0.0618333335 0.0000000000
vertex -0.0786666676 0.0636666668 0.0000000000
endloop
endfacet
facet normal 0 0 1
outer loop
vertex -0.0805000009 0.0636666668 0.0000000000
vertex -0.0805000009 0.0618333335 0.0000000000
vertex -0.0786666676 0.0618333335 0.0000000000
endloop
endfacet
facet normal 0 0 1
outer loop
vertex -0.0768333343 0.0636666668 0.0000000000
vertex -0.0750000009 0.0618333335 0.0000000000
vertex -0.0750000009 0.0636666668 0.0000000000
endloop
endfacet
facet normal 0 0 1
outer loop
vertex -0.0768333343 0.0636666668 0.0000000000
vertex -0.0768333343 0.0618333335 0.0000000000
vertex -0.0750000009 0.0618333335 0.0000000000
endloop
endfacet
facet normal 0 0 1
outer loop
vertex -0.0713333343 0.0636666668 0.0000000000
vertex -0.0695000009 0.0618333335 0.0000000000
vertex -0.0695000009 0.0636666668 0.0000000000
endloop
endfacet
facet normal 0 0 1
outer loop
vertex -0.0713333343 0.0636666668 0.0000000000
vertex -0.0713333343 0.0618333335 0.0000000000
vertex -0.0695000009 0.0618333335 0.0000000000
endloop
endfacet
facet normal 0 0 1
outer loop
vertex -0.0805000009 0.0618333335 0.0000000000
vertex -0.0786666676 0.0600000001 0.0000000000
vertex -0.0786666676 0.0618333335 0.0000000000
endloop
endfacet
facet normal 0 0 1
outer loop
vertex -0.0805000009 0.0618333335 0.0000000000
vertex -0.0805000009 0.0600000001 0.0000000000
vertex -0.0786666676 0.0600000001 0.0000000000
endloop
endfacet
facet normal 0 0 1
outer loop
vertex -0.0786666676 0.0618333335 0.0000000000
vertex -0.0768333343 0.0600000001 0.0000000000
vertex -0.0768333343 0.0618333335 0.0000000000
endloop
endfacet
facet normal 0 0 1
outer loop
vertex -0.0786666676 0.0618333335 0.0000000000
vertex -0.0786666676 0.0600000001 0.0000000000
vertex -0.0768333343 0.0600000001 0.0000000000
endloop
endfacet
facet normal 0 0 1
outer loop
vertex -0.0750000009 0.0618333335 0.0000000000
vertex -0.0731666676 0.0600000001 0.0000000000
vertex -0.0731666676 0.0618333335 0.0000000000
endloop
endfacet
facet normal 0 0 1
outer loop
vertex -0.0750000009 0.0618333335 0.0000000000
vertex -0.0750000009 0.0600000001 0.0000000000
vertex -0.0731666676 0.0600000001 0.0000000000
endloop
endfacet
facet normal 0 0 1
outer loop
vertex -0.0713333343 0.0618333335 0.0000000000
vertex -0.0695000009 0.0600000001 0.0000000000
vertex -0.0695000009 0.0618333335 0.0000000000
endloop
endfacet
facet normal 0 0 1
outer loop
vertex -0.0713333343 0.0618333335 0.0000000000
vertex -0.0713333343 0.0600000001 0.0000000000
vertex -0.0695000009 0.0600000001 0.0000000000
endloop
endfacet
facet normal 0 0 1
outer loop
vertex -0.0805000009 0.0600000001 0.0000000000
vertex -0.0786666676 0.0581666668 0.0000000000
vertex -0.0786666676 0.0600000001 0.0000000000
endloop
endfacet
facet normal 0 0 1
outer loop
vertex -0.0805000009 0.0600000001 0.0000000000
vertex -0.0805000009 0.0581666668 0.0000000000
vertex -0.0786666676 0.0581666668 0.0000000000
endloop
endfacet
facet normal 0 0 1
outer loop
vertex -0.0786666676 0.0600000001 0.0000000000
vertex -0.0768333343 0.0581666668 0.0000000000
vertex -0.0768333343 0.0600000001 0.0000000000
endloop
endfacet
facet normal 0 0 1
outer loop
vertex -0.0786666676 0.0600000001 0.0000000000
vertex -0.0786666676 0.0581666668 0.0000000000
vertex -0.0768333343 0.0581666668 0.0000000000
endloop
endfacet
facet normal 0 0 1
outer loop
vertex -0.0768333343 0.0600000001 0.0000000000
vertex -0.0750000009 0.0581666668 0.0000000000
vertex -0.0750000009 0.0600000001 0.0000000000
endloop
endfacet
facet normal 0 0 1
outer loop
vertex -0.0768333343 0.0600000001 0.0000000000
vertex -0.0768333343 0.0581666668 0.0000000000
vertex -0.0750000009 0.0581666668 0.0000000000
endloop
endfacet
facet normal 0 0 1
outer loop
vertex -0.0713333343 0.0600000001 0.0000000000
vertex -0.0695000009 0.0581666668 0.0000000000
vertex -0.0695000009 0.0600000001 0.0000000000
endloop
endfacet
facet normal 0 0 1
outer loop
vertex -0.0713333343 0.0600000001 0.0000000000
vertex -0.0713333343 0.0581666668 0.0000000000
vertex -0.0695000009 0.0581666668 0.0000000000
endloop
endfacet
facet normal 0 0 1
outer loop
vertex -0.0805000009 0.0581666668 0.0000000000
vertex -0.0786666676 0.0563333335 0.0000000000
vertex -0.0786666676 0.0581666668 0.0000000000
endloop
endfacet
facet normal 0 0 1
outer loop
vertex -0.0805000009 0.0581666668 0.0000000000
vertex -0.0805000009 0.0563333335 0.0000000000
vertex -0.0786666676 0.0563333335 0.0000000000
endloop
endfacet
facet normal 0 0 1
outer loop
vertex -0.0786666676 0.0581666668 0.0000000000
vertex -0.0768333343 0.0563333335 0.0000000000
vertex -0.0768333343 0.0581666668 0.0000000000
endloop
endfacet
facet normal 0 0 1
outer loop
vertex -0.0786666676 0.0581666668 0.0000000000
vertex -0.0786666676 0.0563333335 0.0000000000
vertex -0.0768333343 0.0563333335 0.0000000000
endloop
endfacet
facet normal 0 0 1
outer loop
vertex -0.0768333343 0.0581666668 0.0000000000
vertex -0.0750000009 0.0563333335 0.0000000000
vertex -0.0750000009 0.0581666668 0.0000000000
endloop
endfacet
facet normal 0 0 1
outer loop
vertex -0.0768333343 0.0581666668 0.0000000000
vertex -0.0768333343 0.0563333335 0.0000000000
vertex -0.0750000009 0.0563333335 0.0000000000
endloop
endfacet
facet normal 0 0 1
outer loop
vertex -0.0731666676 0.0581666668 0.0000000000
vertex -0.0713333343 0.0563333335 0.0000000000
vertex -0.0713333343 0.0581666668 0.0000000000
endloop
endfacet
facet normal 0 0 1
outer loop
vertex -0.0731666676 0.0581666668 0.0000000000
vertex -0.0731666676 0.0563333335 0.0000000000
vertex -0.0713333343 0.0563333335 0.0000000000
endloop
endfacet
facet normal 0 0 1
outer loop
vertex -0.0713333343 0.0581666668 0.0000000000
vertex -0.0695000009 0.0563333335 0.0000000000
vertex -0.0695000009 0.0581666668 0.0000000000
endloop
endfacet
facet normal 0 0 1
outer loop
vertex -0.0713333343 0.0581666668 0.0000000000
vertex -0.0713333343 0.0563333335 0.0000000000
vertex -0.0695000009 0.0563333335 0.0000000000
endloop
endfacet
facet normal 0 0 1
outer loop
vertex -0.0805000009 0.0563333335 0.0000000000
vertex -0.0786666676 0.0545000001 0.0000000000
vertex -0.0786666676 0.0563333335 0.0000000000
endloop
endfacet
facet normal 0 0 1
outer loop
vertex -0.0805000009 0.0563333335 0.0000000000
vertex -0.0805000009 0.0545000001 0.0000000000
vertex -0.0786666676 0.0545000001 0.0000000000
endloop
endfacet
facet normal 0 0 1
outer loop
vertex -0.0786666676 0.0563333335 0.0000000000
vertex -0.0768333343 0.0545000001 0.0000000000
vertex -0.0768333343 0.0563333335 0.0000000000
endloop
endfacet
facet normal 0 0 1
outer loop
vertex -0.0786666676 0.0563333335 0.0000000000
vertex -0.0786666676 0.0545000001 0.0000000000
vertex -0.0768333343 0.0545000001 0.0000000000
endloop
endfacet
facet normal 0 0 1
outer loop
vertex -0.0768333343 0.0563333335 0.0000000000
vertex -0.0750000009 0.0545000001 0.0000000000
vertex -0.0750000009 0.0563333335 0.0000000000
endloop
endfacet
facet normal 0 0 1
outer loop
vertex -0.0768333343 0.0563333335 0.0000000000
vertex -0.0768333343 0.0545000001 0.0000000000
vertex -0.0750000009 0.0545000001 0.0000000000
endloop
endfacet
facet normal 0 0 1
outer loop
vertex -0.0750000009 0.0563333335 0.0000000000
vertex -0.0731666676 0.0545000001 0.0000000000
vertex -0.0731666676 0.0563333335 0.0000000000
endloop
endfacet
facet normal 0 0 1
outer loop
vertex -0.0750000009 0.0563333335 0.0000000000
vertex -0.0750000009 0.0545000001 0.0000000000
vertex -0.0731666676 0.0545000001 0.0000000000
endloop
endfacet
facet normal 0 0 1
outer loop
vertex -0.0731666676 0.0563333335 0.0000000000
vertex -0.0713333343 0.0545000001 0.0000000000
vertex -0.0713333343 0.0563333335 0.0000000000
endloop
endfacet
facet normal 0 0 1
outer loop
vertex -0.0731666676 0.0563333335 0.0000000000
vertex -0.0731666676 0.0545000001 0.0000000000
vertex -0.0713333343 0.0545000001 0.0000000000
endloop
endfacet
facet normal 0 0 1
outer loop
vertex -0.0713333343 0.0563333335 0.0000000000
vertex -0.0695000009 0.0545000001 0.0000000000
vertex -0.0695000009 0.0563333335 0.0000000000
endloop
endfacet
facet normal 0 0 1
outer loop
vertex -0.0713333343 0.0563333335 0.0000000000
vertex -0.0713333343 0.0545000001 0.0000000000
vertex -0.0695000009 0.0545000001 0.0000000000
endloop
endfacet
facet normal 0 0 1
outer loop
vertex -0.0505000016 0.0655000001 0.0000000000
vertex -0.0486666683 0.0636666668 0.0000000000
vertex -0.0486666683 0.0655000001 0.0000000000
endloop
endfacet
facet normal 0 0 1
outer loop
vertex -0.0505000016 0.0655000001 0.0000000000
vertex -0.0505000016 0.0636666668 0.0000000000
vertex -0.0486666683 0.0636666668 0.0000000000
endloop
endfacet
facet normal 0 0 1
outer loop
vertex -0.0486666683 0.0655000001 0.0000000000
vertex -0.0468333349 0.0636666668 0.0000000000
vertex -0.0468333349 0.0655000001 0.0000000000
endloop
endfacet
facet normal 0 0 1
outer loop
vertex -0.0486666683 0.0655000001 0.0000000000
vertex -0.0486666683 0.0636666668 0.0000000000
vertex -0.0468333349 0.0636666668 0.0000000000
endloop
endfacet
facet normal 0 0 1
outer loop
vertex -0.0468333349 0.0655000001 0.0000000000
vertex -0.0450000016 0.0636666668 0.0000000000
vertex -0.0450000016 0.0655000001 0.0000000000
endloop
endfacet
facet normal 0 0 1
outer loop
vertex -0.0468333349 0.0655000001 0.0000000000
vertex -0.0468333349 0.0636666668 0.0000000000
vertex -0.0450000016 0.0636666668 0.0000000000
endloop
endfacet
facet normal 0 0 1
outer loop
vertex -0.0450000016 0.0655000001 0.0000000000
vertex -0.0431666683 0.0636666668 0.0000000000
vertex -0.0431666683 0.0655000001 0.0000000000
endloop
endfacet
facet normal 0 0 1
outer loop
vertex -0.0450000016 0.0655000001 0.0000000000
vertex -0.0450000016 0.0636666668 0.0000000000
vertex -0.0431666683 0.0636666668 0.0000000000
endloop
endfacet
facet normal 0 0 1
outer loop
vertex -0.0431666683 0.0655000001 0.0000000000
vertex -0.0413333349 0.0636666668 0.0000000000
vertex -0.0413333349 0.0655000001 0.0000000000
endloop
endfacet
facet normal 0 0 1
outer loop
vertex -0.0431666683 0.0655000001 0.0000000000
vertex -0.0431666683 0.0636666668 0.0000000000
vertex -0.0413333349 0.0636666668 0.0000000000
endloop
endfacet
facet normal 0 0 1
outer loop
vertex -0.0413333349 0.0655000001 0.0000000000
vertex -0.0395000016 0.0636666668 0.0000000000
vertex -0.0395000016 0.0655000001 0.0000000000
endloop
endfacet
facet normal 0 0 1
outer loop
vertex -0.0413333349 0.0655000001 0.0000000000
vertex -0.0413333349 0.0636666668 0.0000000000
vertex -0.0395000016 0.0636666668 0.0000000000
endloop
endfacet
facet normal 0 0 1
outer loop
vertex -0.0505000016 0.0636666668 0.0000000000
vertex -0.0486666683 0.0618333335 0.0000000000
vertex -0.0486666683 0.0636666668 0.0000000000
endloop
endfacet
facet normal 0 0 1
outer loop
vertex -0.0505000016 0.0636666668 0.0000000000
vertex -0.0505000016 0.0618333335 0.0000000000
vertex -0.0486666683 0.0618333335 0.0000000000
endloop
endfacet
facet normal 0 0 1
outer loop
vertex -0.0486666683 0.0636666668 0.0000000000
vertex -0.0468333349 0.0618333335 0.0000000000
vertex -0.0468333349 0.0636666668 0.0000000000
endloop
endfacet
facet normal 0 0 1
outer loop
vertex -0.0486666683 0.0636666668 0.0000000000
vertex -0.0486666683 0.0618333335 0.0000000000
vertex -0.0468333349 0.0618333335 0.0000000000
endloop
endfacet
facet normal 0 0 1
outer loop
vertex -0.0468333349 0.0636666668 0.0000000000
vertex -0.0450000016 0.0618333335 0.0000000000
vertex -0.0450000016 0.0636666668 0.0000000000
endloop
endfacet
facet normal 0 0 1
outer loop
vertex -0.0468333349 0.0636666668 0.0000000000
vertex -0.0468333349 0.0618333335 0.0000000000
vertex -0.0450000016 0.0618333335 0.0000000000
endloop
endfacet
facet normal 0 0 1
outer loop
vertex -0.0450000016 0.0636666668 0.0000000000
vertex -0.0431666683 0.0618333335 0.0000000000
vertex -0.0431666683 0.0636666668 0.0000000000
endloop
endfacet
facet normal 0 0 1
outer loop
vertex -0.0450000016 0.0636666668 0.0000000000
vertex -0.0450000016 0.0618333335 0.0000000000
vertex -0.0431666683 0.0618333335 0.0000000000
endloop
endfacet
facet normal 0 0 1
outer loop
vertex -0.0431666683 0.0636666668 0.0000000000
vertex -0.0413333349 0.0618333335 0.0000000000
vertex -0.0413333349 0.0636666668 0.0000000000
endloop
endfacet
facet normal 0 0 1
outer loop
vertex -0.0431666683 0.0636666668 0.0000000000
vertex -0.0431666683 0.0618333335 0.0000000000
vertex -0.0413333349 0.0618333335 0.0000000000
endloop
endfacet
facet normal 0 0 1
outer loop
vertex -0.0413333349 0.0636666668 0.0000000000
vertex -0.0395000016 0.0618333335 0.0000000000
vertex -0.0395000016 0.0636666668 0.0000000000
endloop
endfacet
facet normal 0 0 1
outer loop
vertex -0.0413333349 0.0636666668 0.0000000000
vertex -0.0413333349 0.0618333335 0.0000000000
vertex -0.0395000016 0.0618333335 0.0000000000
endloop
endfacet
facet normal 0 0 1
outer loop
vertex -0.0505000016 0.0618333335 0.0000000000
vertex -0.0486666683 0.0600000001 0.0000000000
vertex -0.0486666683 0.0618333335 0.0000000000
endloop
endfacet
facet normal 0 0 1
outer loop
vertex -0.0505000016 0.0618333335 0.0000000000
vertex -0.0505000016 0.0600000001 0.0000000000
vertex -0.0486666683 0.0600000001 0.0000000000
endloop
endfacet
facet normal 0 0 1
outer loop
vertex -0.0413333349 0.0618333335 0.0000000000
vertex -0.0395000016 0.0600000001 0.0000000000
vertex -0.0395000016 0.0618333335 0.0000000000
endloop
endfacet
facet normal 0 0 1
outer loop
vertex -0.0413333349 0.0618333335 0.0000000000
vertex -0.0413333349 0.0600000001 0.0000000000
vertex -0.0395000016 0.0600000001 0.0000000000
endloop
endfacet
facet normal 0 0 1
outer loop
vertex -0.0505000016 0.0600000001 0.0000000000
vertex -0.0486666683 0.0581666668 0.0000000000
vertex -0.0486666683 0.0600000001 0.0000000000
endloop
endfacet
facet normal 0 0 1
outer loop
vertex -0.0505000016 0.0600000001 0.0000000000
vertex -0.0505000016 0.0581666668 0.0000000000
vertex -0.0486666683 0.0581666668 0.0000000000
endloop
endfacet
facet normal 0 0 1
outer loop
vertex -0.0468333349 0.0600000001 0.0000000000
vertex -0.0450000016 0.0581666668 0.0000000000
vertex -0.0450000016 0.0600000001 0.0000000000
endloop
endfacet
facet normal 0 0 1
outer loop
vertex -0.0468333349 0.0600000001 0.0000000000
vertex -0.0468333349 0.0581666668 0.0000000000
vertex -0.0450000016 0.0581666668 0.0000000000
endloop
endfacet
facet normal 0 0 1
outer loop
vertex -0.0450000016 0.0600000001 0.0000000000
vertex -0.0431666683 0.0581666668 0.0000000000
vertex -0.0431666683 0.0600000001 0.0000000000
endloop
endfacet
facet normal 0 0 1
outer loop
vertex -0.0450000016 0.0600000001 0.0000000000
vertex -0.0450000016 0.0581666668 0.0000000000
vertex -0.0431666683 0.0581666668 0.0000000000
endloop
endfacet
facet normal 0 0 1
outer loop
vertex -0.0413333349 0.0600000001 0.0000000000
vertex -0.0395000016 0.0581666668 0.0000000000
vertex -0.0395000016 0.0600000001 0.0000000000
endloop
endfacet
facet normal 0 0 1
outer loop
vertex -0.0413333349 0.0600000001 0.0000000000
vertex -0.0413333349 0.0581666668 0.0000000000
vertex -0.0395000016 0.0581666668 0.0000000000
endloop
endfacet
facet normal 0 0 1
outer loop
vertex -0.0505000016 0.0581666668 0.0000000000
vertex -0.0486666683 0.0563333335 0.0000000000
vertex -0.0486666683 0.0581666668 0.0000000000
endloop
endfacet
facet normal 0 0 1
outer loop
vertex -0.0505000016 0.0581666668 0.0000000000
vertex -0.0505000016 0.0563333335 0.0000000000
vertex -0.0486666683 0.0563333335 0.0000000000
endloop
endfacet
facet normal 0 0 1
outer loop
vertex -0.0468333349 0.0581666668 0.0000000000
vertex -0.0450000016 0.0563333335 0.0000000000
vertex -0.0450000016 0.0581666668 0.0000000000
endloop
endfacet
facet normal 0 0 1
outer loop
vertex -0.0468333349 0.0581666668 0.0000000000
vertex -0.0468333349 0.0563333335 0.0000000000
vertex -0.0450000016 0.0563333335 0.0000000000
endloop
endfacet
facet normal 0 0 1
outer loop
vertex -0.0431666683 0.0581666668 0.0000000000
vertex -0.0413333349 0.0563333335 0.0000000000
vertex -0.0413333349 0.0581666668 0.0000000000
endloop
endfacet
facet normal 0 0 1
outer loop
vertex -0.0431666683 0.0581666668 0.0000000000
vertex -0.0431666683 0.0563333335 0.0000000000
vertex -0.0413333349 0.0563333335 0.0000000000
endloop
endfacet
facet normal 0 0 1
outer loop
vertex -0.0413333349 0.0581666668 0.0000000000
vertex -0.0395000016 0.0563333335 0.0000000000
vertex -0.0395000016 0.0581666668 0.0000000000
endloop
endfacet
facet normal 0 0 1
outer loop
vertex -0.0413333349 0.0581666668 0.0000000000
vertex -0.0413333349 0.0563333335 0.0000000000
vertex -0.0395000016 0.0563333335 0.0000000000
endloop
endfacet
facet normal 0 0 1
outer loop
vertex -0.0505000016 0.0563333335 0.0000000000
vertex -0.0486666683 0.0545000001 0.0000000000
vertex -0.0486666683 0.0563333335 0.0000000000
endloop
endfacet
facet normal 0 0 1
outer loop
vertex -0.0505000016 0.0563333335 0.0000000000
vertex -0.0505000016 0.0545000001 0.0000000000
vertex -0.0486666683 0.0545000001 0.0000000000
endloop
endfacet
facet normal 0 0 1
outer loop
vertex -0.0486666683 0.0563333335 0.0000000000
vertex -0.0468333349 0.0545000001 0.0000000000
vertex -0.0468333349 0.0563333335 0.0000000000
endloop
endfacet
facet normal 0 0 1
outer loop
vertex -0.0486666683 0.0563333335 0.0000000000
vertex -0.0486666683 0.0545000001 0.0000000000
vertex -0.0468333349 0.0545000001 0.0000000000
endloop
endfacet
facet normal 0 0 1
outer loop
vertex -0.0468333349 0.0563333335 0.0000000000
vertex -0.0450000016 0.0545000001 0.0000000000
vertex -0.0450000016 0.0563333335 0.0000000000
endloop
endfacet
facet normal 0 0 1
outer loop
vertex -0.0468333349 0.0563333335 0.0000000000
vertex -0.0468333349 0.0545000001 0.0000000000
vertex -0.0450000016 0.0545000001 0.0000000000
endloop
endfacet
facet normal 0 0 1
outer loop
vertex -0.0450000016 0.0563333335 0.0000000000
vertex -0.0431666683 0.0545000001 0.0000000000
vertex -0.0431666683 0.0563333335 0.0000000000
endloop
endfacet
facet normal 0 0 1
outer loop
vertex -0.0450000016 0.0563333335 0.0000000000
vertex -0.0450000016 0.0545000001 0.0000000000
vertex -0.0431666683 0.0545000001 0.0000000000
endloop
endfacet
facet normal 0 0 1
outer loop
vertex -0.0431666683 0.0563333335 0.0000000000
vertex -0.0413333349 0.0545000001 0.0000000000
vertex -0.0413333349 0.0563333335 0.0000000000
endloop
endfacet
facet normal 0 0 1
outer loop
vertex -0.0431666683 0.0563333335 0.0000000000
vertex -0.0431666683 0.0545000001 0.0000000000
vertex -0.0413333349 0.0545000001 0.0000000000
endloop
endfacet
facet normal 0 0 1
outer loop
vertex -0.0413333349 0.0563333335 0.0000000000
vertex -0.0395000016 0.0545000001 0.0000000000
vertex -0.0395000016 0.0563333335 0.0000000000
endloop
endfacet
facet normal 0 0 1
outer loop
vertex -0.0413333349 0.0563333335 0.0000000000
vertex -0.0413333349 0.0545000001 0.0000000000
vertex -0.0395000016 0.0545000001 0.0000000000
endloop
endfacet
facet normal 0 0 1
outer loop
vertex -0.0205000079 0.0655000001 0.0000000000
vertex -0.0186666745 0.0636666668 0.0000000000
vertex -0.0186666745 0.0655000001 0.0000000000
endloop
endfacet
facet normal 0 0 1
outer loop
vertex -0.0205000079 0.0655000001 0.0000000000
vertex -0.0205000079 0.0636666668 0.0000000000
vertex -0.0186666745 0.0636666668 0.0000000000
endloop
endfacet
facet normal 0 0 1
outer loop
vertex -0.0186666745 0.0655000001 0.0000000000
vertex -0.0168333412 0.0636666668 0.0000000000
vertex -0.0168333412 0.0655000001 0.0000000000
endloop
endfacet
facet normal 0 0 1
outer loop
vertex -0.0186666745 0.0655000001 0.0000000000
vertex -0.0186666745 0.0636666668 0.0000000000
vertex -0.0168333412 0.0636666668 0.0000000000
endloop
endfacet
facet normal 0 0 1
outer loop
vertex -0.0168333412 0.0655000001 0.0000000000
vertex -0.0150000079 0.0636666668 0.0000000000
vertex -0.0150000079 0.0655000001 0.0000000000
endloop
endfacet
facet normal 0 0 1
outer loop
vertex -0.0168333412 0.0655000001 0.0000000000
vertex -0.0168333412 0.0636666668 0.0000000000
vertex -0.0150000079 0.0636666668 0.0000000000
endloop
endfacet
facet normal 0 0 1
outer loop
vertex -0.0150000079 0.0655000001 0.0000000000
vertex -0.0131666745 0.0636666668 0.0000000000
vertex -0.0131666745 0.0655000001 0.0000000000
endloop
endfacet
facet normal 0 0 1
outer loop
vertex -0.0150000079 0.0655000001 0.0000000000
vertex -0.0150000079 0.0636666668 0.0000000000
vertex -0.0131666745 0.0636666668 0.0000000000
endloop
endfacet
facet normal 0 0 1
outer loop
vertex -0.0131666745 0.0655000001 0.0000000000
vertex -0.0113333412 0.0636666668 0.0000000000
vertex -0.0113333412 0.0655000001 0.0000000000
endloop
endfacet
facet normal 0 0 1
outer loop
vertex -0.0131666745 0.0655000001 0.0000000000
vertex -0.0131666745 0.0636666668 0.0000000000
vertex -0.0113333412 0.0636666668 0.0000000000
endloop
endfacet
facet normal 0 0 1
outer loop
vertex -0.0113333412 0.0655000001 0.0000000000
vertex -0.0095000079 0.0636666668 0.0000000000
vertex -0.0095000079 0.0655000001 0.0000000000
endloop
endfacet
facet normal 0 0 1
outer loop
vertex -0.0113333412 0.0655000001 0.0000000000
vertex -0.0113333412 0.0636666668 0.0000000000
vertex -0.0095000079 0.0636666668 0.0000000000
endloop
endfacet
facet normal 0 0 1
outer loop
vertex -0.0205000079 0.0636666668 0.0000000000
vertex -0.0186666745 0.0618333335 0.0000000000
vertex -0.0186666745 0.0636666668 0.0000000000
endloop
endfacet
facet normal 0 0 1
outer loop
vertex -0.0205000079 0.0636666668 0.0000000000
vertex -0.0205000079 0.0618333335 0.0000000000
vertex -0.0186666745 0.0618333335 0.0000000000
endloop
endfacet
facet normal 0 0 1
outer loop
vertex -0.0186666745 0.0636666668 0.0000000000
vertex -0.0168333412 0.0618333335 0.0000000000
vertex -0.0168333412 0.0636666668 0.0000000000
endloop
endfacet
facet normal 0 0 1
outer loop
vertex -0.0186666745 0.0636666668 0.0000000000
vertex -0.0186666745 0.0618333335 0.0000000000
vertex -0.0168333412 0.0618333335 0.0000000000
endloop
endfacet
facet normal 0 0 1
outer loop
vertex -0.0168333412 0.0636666668 0.0000000000
vertex -0.0150000079 0.0618333335 0.0000000000
vertex -0.0150000079 0.0636666668 0.0000000000
endloop
endfacet
facet normal 0 0 1
outer loop
vertex -0.0168333412 0.0636666668 0.0000000000
vertex -0.0168333412 0.0618333335 0.0000000000
vertex -0.0150000079 0.0618333335 0.0000000000
endloop
endfacet
facet normal 0 0 1
outer loop
vertex -0.0113333412 0.0636666668 0.0000000000
vertex -0.0095000079 0.0618333335 0.0000000000
vertex -0.0095000079 0.0636666668 0.0000000000
endloop
endfacet
facet normal 0 0 1
outer loop
vertex -0.0113333412 0.0636666668 0.0000000000
vertex -0.0113333412 0.0618333335 0.0000000000
vertex -0.0095000079 0.0618333335 0.0000000000
endloop
endfacet
facet normal 0 0 1
outer loop
vertex -0.0205000079 0.0618333335 0.0000000000
vertex -0.0186666745 0.0600000001 0.0000000000
vertex -0.0186666745 0.0618333335 0.0000000000
endloop
endfacet
facet normal 0 0 1
outer loop
vertex -0.0205000079 0.0618333335 0.0000000000
vertex -0.0205000079 0.0600000001 0.0000000000
vertex -0.0186666745 0.0600000001 0.0000000000
endloop
endfacet
facet normal 0 0 1
outer loop
vertex -0.0186666745 0.0618333335 0.0000000000
vertex -0.0168333412 0.0600000001 0.0000000000
vertex -0.0168333412 0.0618333335 0.0000000000
endloop
endfacet
facet normal 0 0 1
outer loop
vertex -0.0186666745 0.0618333335 0.0000000000
vertex -0.0186666745 0.0600000001 0.0000000000
vertex -0.0168333412 0.0600000001 0.0000000000
endloop
endfacet
facet normal 0 0 1
outer loop
vertex -0.0168333412 0.0618333335 0.0000000000
vertex -0.0150000079 0.0600000001 0.0000000000
vertex -0.0150000079 0.0618333335 0.0000000000
endloop
endfacet
facet normal 0 0 1
outer loop
vertex -0.0168333412 0.0618333335 0.0000000000
vertex -0.0168333412 0.0600000001 0.0000000000
vertex -0.0150000079 0.0600000001 0.0000000000
endloop
endfacet
facet normal 0 0 1
outer loop
vertex -0.0113333412 0.0618333335 0.0000000000
vertex -0.0095000079 0.0600000001 0.0000000000
vertex -0.0095000079 0.0618333335 0.0000000000
endloop
endfacet
facet normal 0 0 1
outer loop
vertex -0.0113333412 0.0618333335 0.0000000000
vertex -0.0113333412 0.0600000001 0.0000000000
vertex -0.0095000079 0.0600000001 0.0000000000
endloop
endfacet
facet normal 0 0 1
outer loop
vertex -0.0205000079 0.0600000001 0.0000000000
vertex -0.0186666745 0.0581666668 0.0000000000
vertex -0.0186666745 0.0600000001 0.0000000000
endloop
endfacet
facet normal 0 0 1
outer loop
vertex -0.0205000079 0.0600000001 0.0000000000
vertex -0.0205000079 0.0581666668 0.0000000000
vertex -0.0186666745 0.0581666668 0.0000000000
endloop
endfacet
facet normal 0 0 1
outer loop
vertex -0.0186666745 0.0600000001 0.0000000000
vertex -0.0168333412 0.0581666668 0.0000000000
vertex -0.0168333412 0.0600000001 0.0000000000
endloop
endfacet
facet normal 0 0 1
outer loop
vertex -0.0186666745 0.0600000001 0.0000000000
vertex -0.0186666745 0.0581666668 0.0000000000
vertex -0.0168333412 0.0581666668 0.0000000000
endloop
endfacet
facet normal 0 0 1
outer loop
vertex -0.0168333412 0.0600000001 0.0000000000
vertex -0.0150000079 0.0581666668 0.0000000000
vertex -0.0150000079 0.0600000001 0.0000000000
endloop
endfacet
facet normal 0 0 1
outer loop
vertex -0.0168333412 0.0600000001 0.0000000000
vertex -0.0168333412 0.0581666668 0.0000000000
vertex -0.0150000079 0.0581666668 0.0000000000
endloop
endfacet
facet normal 0 0 1
outer loop
vertex -0.0131666745 0.0600000001 0.0000000000
vertex -0.0113333412 0.0581666668 0.0000000000
vertex -0.0113333412 0.0600000001 0.0000000000
endloop
endfacet
facet normal 0 0 1
outer loop
vertex -0.0131666745 0.0600000001 0.0000000000
vertex -0.0131666745 0.0581666668 0.0000000000
vertex -0.0113333412 0.0581666668 0.0000000000
endloop
endfacet
facet normal 0 0 1
outer loop
vertex -0.0113333412 0.0600000001 0.0000000000
vertex -0.0095000079 0.0581666668 0.0000000000
vertex -0.0095000079 0.0600000001 0.0000000000
endloop
endfacet
facet normal 0 0 1
outer loop
vertex -0.0113333412 0.0600000001 0.0000000000
vertex -0.0113333412 0.0581666668 0.0000000000
vertex -0.0095000079 0.0581666668 0.0000000000
endloop
endfacet
facet normal 0 0 1
outer loop
vertex -0.0205000079 0.0581666668 0.0000000000
vertex -0.0186666745 0.0563333335 0.0000000000
vertex -0.0186666745 0.0581666668 0.0000000000
endloop
endfacet
facet normal 0 0 1
outer loop
vertex -0.0205000079 0.0581666668 0.0000000000
vertex -0.0205000079 0.0563333335 0.0000000000
vertex -0.0186666745 0.0563333335 0.0000000000
endloop
endfacet
facet normal 0 0 1
outer loop
vertex -0.0150000079 0.0581666668 0.0000000000
vertex -0.0131666745 0.0563333335 0.0000000000
vertex -0.0131666745 0.0581666668 0.0000000000
endloop
endfacet
facet normal 0 0 1
outer loop
vertex -0.0150000079 0.0581666668 0.0000000000
vertex -0.0150000079 0.0563333335 0.0000000000
vertex -0.0131666745 0.0563333335 0.0000000000
endloop
endfacet
facet normal 0 0 1
outer loop
vertex -0.0113333412 0.0581666668 0.0000000000
vertex -0.0095000079 0.0563333335 0.0000000000
vertex -0.0095000079 0.0581666668 0.0000000000
endloop
endfacet
facet normal 0 0 1
outer loop
vertex -0.0113333412 0.0581666668 0.0000000000
vertex -0.0113333412 0.0563333335 0.0000000000
vertex -0.0095000079 0.0563333335 0.0000000000
endloop
endfacet
facet normal 0 0 1
outer loop
vertex -0.0205000079 0.0563333335 0.0000000000
vertex -0.0186666745 0.0545000001 0.0000000000
vertex -0.0186666745 0.0563333335 0.0000000000
endloop
endfacet
facet normal 0 0 1
outer loop
vertex -0.0205000079 0.0563333335 0.0000000000
vertex -0.0205000079 0.0545000001 0.0000000000
vertex -0.0186666745 0.0545000001 0.0000000000
endloop
endfacet
facet normal 0 0 1
outer loop
vertex -0.0186666745 0.0563333335 0.0000000000
vertex -0.0168333412 0.0545000001 0.0000000000
vertex -0.0168333412 0.0563333335 0.0000000000
endloop
endfacet
facet normal 0 0 1
outer loop
vertex -0.0186666745 0.0563333335 0.0000000000
vertex -0.0186666745 0.0545000001 0.0000000000
vertex -0.0168333412 0.0545000001 0.0000000000
endloop
endfacet
facet normal 0 0 1
outer loop
vertex -0.0168333412 0.0563333335 0.0000000000
vertex -0.0150000079 0.0545000001 0.0000000000
vertex -0.0150000079 0.0563333335 0.0000000000
endloop
endfacet
facet normal 0 0 1
outer loop
vertex -0.0168333412 0.0563333335 0.0000000000
vertex -0.0168333412 0.0545000001 0.0000000000
vertex -0.0150000079 0.0545000001 0.0000000000
endloop
endfacet
facet normal 0 0 1
outer loop
vertex -0.0150000079 0.0563333335 0.0000000000
vertex -0.0131666745 0.0545000001 0.0000000000
vertex -0.0131666745 0.0563333335 0.0000000000
endloop
endfacet
facet normal 0 0 1
outer loop
vertex -0.0150000079 0.0563333335 0.0000000000
vertex -0.0150000079 0.0545000001 0.0000000000
vertex -0.0131666745 0.0545000001 0.0000000000
endloop
endfacet
facet normal 0 0 1
outer loop
vertex -0.0131666745 0.0563333335 0.0000000000
vertex -0.0113333412 0.0545000001 0.0000000000
vertex -0.0113333412 0.0563333335 0.0000000000
endloop
endfacet
facet normal 0 0 1
outer loop
vertex -0.0131666745 0.0563333335 0.0000000000
vertex -0.0131666745 0.0545000001 0.0000000000
vertex -0.0113333412 0.0545000001 0.0000000000
endloop
endfacet
facet normal 0 0 1
outer loop
vertex -0.0113333412 0.0563333335 0.0000000000
vertex -0.0095000079 0.0545000001 0.0000000000
vertex -0.0095000079 0.0563333335 0.0000000000
endloop
endfacet
facet normal 0 0 1
outer loop
vertex -0.0113333412 0.0563333335 0.0000000000
vertex -0.0113333412 0.0545000001 0.0000000000
vertex -0.0095000079 0.0545000001 0.0000000000
endloop
endfacet
facet normal 0 0 1
outer loop
vertex 0.0094999933 0.0655000001 0.0000000000
vertex 0.0113333267 0.0636666668 0.0000000000
vertex 0.0113333267 0.0655000001 0.0000000000
endloop
endfacet
facet normal 0 0 1
outer loop
vertex 0.0094999933 0.0655000001 0.0000000000
vertex 0.0094999933 0.0636666668 0.0000000000
vertex 0.0113333267 0.0636666668 0.0000000000
endloop
endfacet
facet normal 0 0 1
outer loop
vertex 0.0113333267 0.0655000001 0.0000000000
vertex 0.0131666600 0.0636666668 0.0000000000
vertex 0.0131666600 0.0655000001 0.0000000000
endloop
endfacet
facet normal 0 0 1
outer loop
vertex 0.0113333267 0.0655000001 0.0000000000
vertex 0.0113333267 0.0636666668 0.0000000000
vertex 0.0131666600 0.0636666668 0.0000000000
endloop
endfacet
facet normal 0 0 1
outer loop
vertex 0.0131666600 0.0655000001 0.0000000000
vertex 0.0149999933 0.0636666668 0.0000000000
vertex 0.0149999933 0.0655000001 0.0000000000
endloop
endfacet
facet normal 0 0 1
outer loop
vertex 0.0131666600 0.0655000001 0.0000000000
vertex 0.0131666600 0.0636666668 0.0000000000
vertex 0.0149999933 0.0636666668 0.0000000000
endloop
endfacet
facet normal 0 0 1
outer loop
vertex 0.0149999933 0.0655000001 0.0000000000
vertex 0.0168333267 0.0636666668 0.0000000000
vertex 0.0168333267 0.0655000001 0.0000000000
endloop
endfacet
facet normal 0 0 1
outer loop
vertex 0.0149999933 0.0655000001 0.0000000000
vertex 0.0149999933 0.0636666668 0.0000000000
vertex 0.0168333267 0.0636666668 0.0000000000
endloop
endfacet
facet normal 0 0 1
outer loop
vertex 0.0168333267 0.0655000001 0.0000000000
vertex 0.0186666600 0.0636666668 0.0000000000
vertex 0.0186666600 0.0655000001 0.0000000000
endloop
endfacet
facet normal 0 0 1
outer loop
vertex 0.0168333267 0.0655000001 0.0000000000
vertex 0.0168333267 0.0636666668 0.0000000000
vertex 0.0186666600 0.0636666668 0.0000000000
endloop
endfacet
facet normal 0 0 1
outer loop
vertex 0.0186666600 0.0655000001 0.0000000000
vertex 0.0204999933 0.0636666668 0.0000000000
vertex 0.0204999933 0.0655000001 0.0000000000
endloop
endfacet
facet normal 0 0 1
outer loop
vertex 0.0186666600 0.0655000001 0.0000000000
vertex 0.0186666600 0.0636666668 0.0000000000
vertex 0.0204999933 0.0636666668 0.0000000000
endloop
endfacet
facet normal 0 0 1
outer loop
vertex 0.0094999933 0.0636666668 0.0000000000
vertex 0.0113333267 0.0618333335 0.0000000000
vertex 0.0113333267 0.0636666668 0.0000000000
endloop
endfacet
facet normal 0 0 1
outer loop
vertex 0.0094999933 0.0636666668 0.0000000000
vertex 0.0094999933 0.0618333335 0.0000000000
vertex 0.0113333267 0.0618333335 0.0000000000
endloop
endfacet
facet normal 0 0 1
outer loop
vertex 0.0131666600 0.0636666668 0.0000000000
vertex 0.0149999933 0.0618333335 0.0000000000
vertex 0.0149999933 0.0636666668 0.0000000000
endloop
endfacet
facet normal 0 0 1
outer loop
vertex 0.0131666600 0.0636666668 0.0000000000
vertex 0.0131666600 0.0618333335 0.0000000000
vertex 0.0149999933 0.0618333335 0.0000000000
endloop
endfacet
facet normal 0 0 1
outer loop
vertex 0.0149999933 0.0636666668 0.0000000000
vertex 0.0168333267 0.0618333335 0.0000000000
vertex 0.0168333267 0.0636666668 0.0000000000
endloop
endfacet
facet normal 0 0 1
outer loop
vertex 0.0149999933 0.0636666668 0.0000000000
vertex 0.0149999933 0.0618333335 0.0000000000
vertex 0.0168333267 0.0618333335 0.0000000000
endloop
endfacet
facet normal 0 0 1
outer loop
vertex 0.0186666600 0.0636666668 0.0000000000
vertex 0.0204999933 0.0618333335 0.0000000000
vertex 0.0204999933 0.0636666668 0.0000000000
endloop
endfacet
facet normal 0 0 1
outer loop
vertex 0.0186666600 0.0636666668 0.0000000000
vertex 0.0186666600 0.0618333335 0.0000000000
vertex 0.0204999933 0.0618333335 0.0000000000
endloop
endfacet
facet normal 0 0 1
outer loop
vertex 0.0094999933 0.0618333335 0.0000000000
vertex 0.0113333267 0.0600000001 0.0000000000
vertex 0.0113333267 0.0618333335 0.0000000000
endloop
endfacet
facet normal 0 0 1
outer loop
vertex 0.0094999933 0.0618333335 0.0000000000
vertex 0.0094999933 0.0600000001 0.0000000000
vertex 0.0113333267 0.0600000001 0.0000000000
endloop
endfacet
facet normal 0 0 1
outer loop
vertex 0.0131666600 0.0618333335 0.0000000000
vertex 0.0149999933 0.0600000001 0.0000000000
vertex 0.0149999933 0.0618333335 0.0000000000
endloop
endfacet
facet normal 0 0 1
outer loop
vertex 0.0131666600 0.0618333335 0.0000000000
vertex 0.0131666600 0.0600000001 0.0000000000
vertex 0.0149999933 0.0600000001 0.0000000000
endloop
endfacet
facet normal 0 0 1
outer loop
vertex 0.0149999933 0.0618333335 0.0000000000
vertex 0.0168333267 0.0600000001 0.0000000000
vertex 0.0168333267 0.0618333335 0.0000000000
endloop
endfacet
facet normal 0 0 1
outer loop
vertex 0.0149999933 0.0618333335 0.0000000000
vertex 0.0149999933 0.0600000001 0.0000000000
vertex 0.0168333267 0.0600000001 0.0000000000
endloop
endfacet
facet normal 0 0 1
outer loop
vertex 0.0186666600 0.0618333335 0.0000000000
vertex 0.0204999933 0.0600000001 0.0000000000
vertex 0.0204999933 0.0618333335 0.0000000000
endloop
endfacet
facet normal 0 0 1
outer loop
vertex 0.0186666600 0.0618333335 0.0000000000
vertex 0.0186666600 0.0600000001 0.0000000000
vertex 0.0204999933 0.0600000001 0.0000000000
endloop
endfacet
facet normal 0 0 1
outer loop
vertex 0.0094999933 0.0600000001 0.0000000000
vertex 0.0113333267 0.0581666668 0.0000000000
vertex 0.0113333267 0.0600000001 0.0000000000
endloop
endfacet
facet normal 0 0 1
outer loop
vertex 0.0094999933 0.0600000001 0.0000000000
vertex 0.0094999933 0.0581666668 0.0000000000
vertex 0.0113333267 0.0581666668 0.0000000000
endloop
endfacet
facet normal 0 0 1
outer loop
vertex 0.0113333267 0.0600000001 0.0000000000
vertex 0.0131666600 0.0581666668 0.0000000000
vertex 0.0131666600 0.0600000001 0.0000000000
endloop
endfacet
facet normal 0 0 1
outer loop
vertex 0.0113333267 0.0600000001 0.0000000000
vertex 0.0113333267 0.0581666668 0.0000000000
vertex 0.0131666600 0.0581666668 0.0000000000
endloop
endfacet
facet normal 0 0 1
outer loop
vertex 0.0149999933 0.0600000001 0.0000000000
vertex 0.0168333267 0.0581666668 0.0000000000
vertex 0.0168333267 0.0600000001 0.0000000000
endloop
endfacet
facet normal 0 0 1
outer loop
vertex 0.0149999933 0.0600000001 0.0000000000
vertex 0.0149999933 0.0581666668 0.0000000000
vertex 0.0168333267 0.0581666668 0.0000000000
endloop
endfacet
facet normal 0 0 1
outer loop
vertex 0.0168333267 0.0600000001 0.0000000000
vertex 0.0186666600 0.0581666668 0.0000000000
vertex 0.0186666600 0.0600000001 0.0000000000
endloop
endfacet
facet normal 0 0 1
outer loop
vertex 0.0168333267 0.0600000001 0.0000000000
vertex 0.0168333267 0.0581666668 0.0000000000
vertex 0.0186666600 0.0581666668 0.0000000000
endloop
endfacet
facet normal 0 0 1
outer loop
vertex 0.0186666600 0.0600000001 0.0000000000
vertex 0.0204999933 0.0581666668 0.0000000000
vertex 0.0204999933 0.0600000001 0.0000000000
endloop
endfacet
facet normal 0 0 1
outer loop
vertex 0.0186666600 0.0600000001 0.0000000000
vertex 0.0186666600 0.0581666668 0.0000000000
vertex 0.0204999933 0.0581666668 0.0000000000
endloop
endfacet
facet normal 0 0 1
outer loop
vertex 0.0094999933 0.0581666668 0.0000000000
vertex 0.0113333267 0.0563333335 0.0000000000
vertex 0.0113333267 0.0581666668 0.0000000000
endloop
endfacet
facet normal 0 0 1
outer loop
vertex 0.0094999933 0.0581666668 0.0000000000
vertex 0.0094999933 0.0563333335 0.0000000000
vertex 0.0113333267 0.0563333335 0.0000000000
endloop
endfacet
facet normal 0 0 1
outer loop
vertex 0.0113333267 0.0581666668 0.0000000000
vertex 0.0131666600 0.0563333335 0.0000000000
vertex 0.0131666600 0.0581666668 0.0000000000
endloop
endfacet
facet normal 0 0 1
outer loop
vertex 0.0113333267 0.0581666668 0.0000000000
vertex 0.0113333267 0.0563333335 0.0000000000
vertex 0.0131666600 0.0563333335 0.0000000000
endloop
endfacet
facet normal 0 0 1
outer loop
vertex 0.0168333267 0.0581666668 0.0000000000
vertex 0.0186666600 0.0563333335 0.0000000000
vertex 0.0186666600 0.0581666668 0.0000000000
endloop
endfacet
facet normal 0 0 1
outer loop
vertex 0.0168333267 0.0581666668 0.0000000000
vertex 0.0168333267 0.0563333335 0.0000000000
vertex 0.0186666600 0.0563333335 0.0000000000
endloop
endfacet
facet normal 0 0 1
outer loop
vertex 0.0186666600 0.0581666668 0.0000000000
vertex 0.0204999933 0.0563333335 0.0000000000
vertex 0.0204999933 0.0581666668 0.0000000000
endloop
endfacet
facet normal 0 0 1
outer loop
vertex 0.0186666600 0.0581666668 0.0000000000
vertex 0.0186666600 0.0563333335 0.0000000000
vertex 0.0204999933 0.0563333335 0.0000000000
endloop
endfacet
facet normal 0 0 1
outer loop
vertex 0.0094999933 0.0563333335 0.0000000000
vertex 0.0113333267 0.0545000001 0.0000000000
vertex 0.0113333267 0.0563333335 0.0000000000
endloop
endfacet
facet normal 0 0 1
outer loop
vertex 0.0094999933 0.0563333335 0.0000000000
vertex 0.0094999933 0.0545000001 0.0000000000
vertex 0.0113333267 0.0545000001 0.0000000000
endloop
endfacet
facet normal 0 0 1
outer loop
vertex 0.0113333267 0.0563333335 0.0000000000
vertex 0.0131666600 0.0545000001 0.0000000000
vertex 0.0131666600 0.0563333335 0.0000000000
endloop
endfacet
facet normal 0 0 1
outer loop
vertex 0.0113333267 0.0563333335 0.0000000000
vertex 0.0113333267 0.0545000001 0.0000000000
vertex 0.0131666600 0.0545000001 0.0000000000
endloop
endfacet
facet normal 0 0 1
outer loop
vertex 0.0131666600 0.0563333335 0.0000000000
vertex 0.0149999933 0.0545000001 0.0000000000
vertex 0.0149999933 0.0563333335 0.0000000000
endloop
endfacet
facet normal 0 0 1
outer loop
vertex 0.0131666600 0.0563333335 0.0000000000
vertex 0.0131666600 0.0545000001 0.0000000000
vertex 0.0149999933 0.0545000001 0.0000000000
endloop
endfacet
facet normal 0 0 1
outer loop
vertex 0.0149999933 0.0563333335 0.0000000000
vertex 0.0168333267 0.0545000001 0.0000000000
vertex 0.0168333267 0.0563333335 0.0000000000
endloop
endfacet
facet normal 0 0 1
outer loop
vertex 0.0149999933 0.0563333335 0.0000000000
vertex 0.0149999933 0.0545000001 0.0000000000
vertex 0.0168333267 0.0545000001 0.0000000000
endloop
endfacet
facet normal 0 0 1
outer loop
vertex 0.0168333267 0.0563333335 0.0000000000
vertex 0.0186666600 0.0545000001 0.0000000000
vertex 0.0186666600 0.0563333335 0.0000000000
endloop
endfacet
facet normal 0 0 1
outer loop
vertex 0.0168333267 0.0563333335 0.0000000000
vertex 0.0168333267 0.0545000001 0.0000000000
vertex 0.0186666600 0.0545000001 0.0000000000
endloop
endfacet
facet normal 0 0 1
outer loop
vertex 0.0186666600 0.0563333335 0.0000000000
vertex 0.0204999933 0.0545000001 0.0000000000
vertex 0.0204999933 0.0563333335 0.0000000000
endloop
endfacet
facet normal 0 0 1
outer loop
vertex 0.0186666600 0.0563333335 0.0000000000
vertex 0.0186666600 0.0545000001 0.0000000000
vertex 0.0204999933 0.0545000001 0.0000000000
endloop
endfacet
facet normal 0 0 1
outer loop
vertex 0.0394999945 0.0655000001 0.0000000000
vertex 0.0413333278 0.0636666668 0.0000000000
vertex 0.0413333278 0.0655000001 0.0000000000
endloop
endfacet
facet normal 0 0 1
outer loop
vertex 0.0394999945 0.0655000001 0.0000000000
vertex 0.0394999945 0.0636666668 0.0000000000
vertex 0.0413333278 0.0636666668 0.0000000000
endloop
endfacet
facet normal 0 0 1
outer loop
vertex 0.0413333278 0.0655000001 0.0000000000
vertex 0.0431666612 0.0636666668 0.0000000000
vertex 0.0431666612 0.0655000001 0.0000000000
endloop
endfacet
facet normal 0 0 1
outer loop
vertex 0.0413333278 0.0655000001 0.0000000000
vertex 0.0413333278 0.0636666668 0.0000000000
vertex 0.0431666612 0.0636666668 0.0000000000
endloop
endfacet
facet normal 0 0 1
outer loop
vertex 0.0431666612 0.0655000001 0.0000000000
vertex 0.0449999945 0.0636666668 0.0000000000
vertex 0.0449999945 0.0655000001 0.0000000000
endloop
endfacet
facet normal 0 0 1
outer loop
vertex 0.0431666612 0.0655000001 0.0000000000
vertex 0.0431666612 0.0636666668 0.0000000000
vertex 0.0449999945 0.0636666668 0.0000000000
endloop
endfacet
facet normal 0 0 1
outer loop
vertex 0.0449999945 0.0655000001 0.0000000000
vertex 0.0468333278 0.0636666668 0.0000000000
vertex 0.0468333278 0.0655000001 0.0000000000
endloop
endfacet
facet normal 0 0 1
outer loop
vertex 0.0449999945 0.0655000001 0.0000000000
vertex 0.0449999945 0.0636666668 0.0000000000
vertex 0.0468333278 0.0636666668 0.0000000000
endloop
endfacet
facet normal 0 0 1
outer loop
vertex 0.0468333278 0.0655000001 0.0000000000
vertex 0.0486666612 0.0636666668 0.0000000000
vertex 0.0486666612 0.0655000001 0.0000000000
endloop
endfacet
facet normal 0 0 1
outer loop
vertex 0.0468333278 0.0655000001 0.0000000000
vertex 0.0468333278 0.0636666668 0.0000000000
vertex 0.0486666612 0.0636666668 0.0000000000
endloop
endfacet
facet normal 0 0 1
outer loop
vertex 0.0486666612 0.0655000001 0.0000000000
vertex 0.0504999945 0.0636666668 0.0000000000
vertex 0.0504999945 0.0655000001 0.0000000000
endloop
endfacet
facet normal 0 0 1
outer loop
vertex 0.0486666612 0.0655000001 0.0000000000
vertex 0.0486666612 0.0636666668 0.0000000000
vertex 0.0504999945 0.0636666668 0.0000000000
endloop
endfacet
facet normal 0 0 1
outer loop
vertex 0.0394999945 0.0636666668 0.0000000000
vertex 0.0413333278 0.0618333335 0.0000000000
vertex 0.0413333278 0.0636666668 0.0000000000
endloop
endfacet
facet normal 0 0 1
outer loop
vertex 0.0394999945 0.0636666668 0.0000000000
vertex 0.0394999945 0.0618333335 0.0000000000
vertex 0.0413333278 0.0618333335 0.0000000000
endloop
endfacet
facet normal 0 0 1
outer loop
vertex 0.0413333278 0.0636666668 0.0000000000
vertex 0.0431666612 0.0618333335 0.0000000000
vertex 0.0431666612 0.0636666668 0.0000000000
endloop
endfacet
facet normal 0 0 1
outer loop
vertex 0.0413333278 0.0636666668 0.0000000000
vertex 0.0413333278 0.0618333335 0.0000000000
vertex 0.0431666612 0.0618333335 0.0000000000
endloop
endfacet
facet normal 0 0 1
outer loop
vertex 0.0449999945 0.0636666668 0.0000000000
vertex 0.0468333278 0.0618333335 0.0000000000
vertex 0.0468333278 0.0636666668 0.0000000000
endloop
endfacet
facet normal 0 0 1
outer loop
vertex 0.0449999945 0.0636666668 0.0000000000
vertex 0.0449999945 0.0618333335 0.0000000000
vertex 0.0468333278 0.0618333335 0.0000000000
endloop
endfacet
facet normal 0 0 1
outer loop
vertex 0.0486666612 0.0636666668 0.0000000000
vertex 0.0504999945 0.0618333335 0.0000000000
vertex 0.0504999945 0.0636666668 0.0000000000
endloop
endfacet
facet normal 0 0 1
outer loop
vertex 0.0486666612 0.0636666668 0.0000000000
vertex 0.0486666612 0.0618333335 0.0000000000
vertex 0.0504999945 0.0618333335 0.0000000000
endloop
endfacet
facet normal 0 0 1
outer loop
vertex 0.0394999945 0.0618333335 0.0000000000
vertex 0.0413333278 0.0600000001 0.0000000000
vertex 0.0413333278 0.0618333335 0.0000000000
endloop
endfacet
facet normal 0 0 1
outer loop
vertex 0.0394999945 0.0618333335 0.0000000000
vertex 0.0394999945 0.0600000001 0.0000000000
vertex 0.0413333278 0.0600000001 0.0000000000
endloop
endfacet
facet normal 0 0 1
outer loop
vertex 0.0413333278 0.0618333335 0.0000000000
vertex 0.0431666612 0.0600000001 0.0000000000
vertex 0.0431666612 0.0618333335 0.0000000000
endloop
endfacet
facet normal 0 0 1
outer loop
vertex 0.0413333278 0.0618333335 0.0000000000
vertex 0.0413333278 0.0600000001 0.0000000000
vertex 0.0431666612 0.0600000001 0.0000000000
endloop
endfacet
facet normal 0 0 1
outer loop
vertex 0.0449999945 0.0618333335 0.0000000000
vertex 0.0468333278 0.0600000001 0.0000000000
vertex 0.0468333278 0.0618333335 0.0000000000
endloop
endfacet
facet normal 0 0 1
outer loop
vertex 0.0449999945 0.0618333335 0.0000000000
vertex 0.0449999945 0.0600000001 0.0000000000
vertex 0.0468333278 0.0600000001 0.0000000000
endloop
endfacet
facet normal 0 0 1
outer loop
vertex 0.0468333278 0.0618333335 0.0000000000
vertex 0.0486666612 0.0600000001 0.0000000000
vertex 0.0486666612 0.0618333335 0.0000000000
endloop
endfacet
facet normal 0 0 1
outer loop
vertex 0.0468333278 0.0618333335 0.0000000000
vertex 0.0468333278 0.0600000001 0.0000000000
vertex 0.0486666612 0.0600000001 0.0000000000
endloop
endfacet
facet normal 0 0 1
outer loop
vertex 0.0486666612 0.0618333335 0.0000000000
vertex 0.0504999945 0.0600000001 0.0000000000
vertex 0.0504999945 0.0618333335 0.0000000000
endloop
endfacet
facet normal 0 0 1
outer loop
vertex 0.0486666612 0.0618333335 0.0000000000
vertex 0.0486666612 0.0600000001 0.0000000000
vertex 0.0504999945 0.0600000001 0.0000000000
endloop
endfacet
facet normal 0 0 1
outer loop
vertex 0.0394999945 0.0600000001 0.0000000000
vertex 0.0413333278 0.0581666668 0.0000000000
vertex 0.0413333278 0.0600000001 0.0000000000
endloop
endfacet
facet normal 0 0 1
outer loop
vertex 0.0394999945 0.0600000001 0.0000000000
vertex 0.0394999945 0.0581666668 0.0000000000
vertex 0.0413333278 0.0581666668 0.0000000000
endloop
endfacet
facet normal 0 0 1
outer loop
vertex 0.0431666612 0.0600000001 0.0000000000
vertex 0.0449999945 0.0581666668 0.0000000000
vertex 0.0449999945 0.0600000001 0.0000000000
endloop
endfacet
facet normal 0 0 1
outer loop
vertex 0.0431666612 0.0600000001 0.0000000000
vertex 0.0431666612 0.0581666668 0.0000000000
vertex 0.0449999945 0.0581666668 0.0000000000
endloop
endfacet
facet normal 0 0 1
outer loop
vertex 0.0449999945 0.0600000001 0.0000000000
vertex 0.0468333278 0.0581666668 0.0000000000
vertex 0.0468333278 0.0600000001 0.0000000000
endloop
endfacet
facet normal 0 0 1
outer loop
vertex 0.0449999945 0.0600000001 0.0000000000
vertex 0.0449999945 0.0581666668 0.0000000000
vertex 0.0468333278 0.0581666668 0.0000000000
endloop
endfacet
facet normal 0 0 1
outer loop
vertex 0.0486666612 0.0600000001 0.0000000000
vertex 0.0504999945 0.0581666668 0.0000000000
vertex 0.0504999945 0.0600000001 0.0000000000
endloop
endfacet
facet normal 0 0 1
outer loop
vertex 0.0486666612 0.0600000001 0.0000000000
vertex 0.0486666612 0.0581666668 0.0000000000
vertex 0.0504999945 0.0581666668 0.0000000000
endloop
endfacet
facet normal 0 0 1
outer loop
vertex 0.0394999945 0.0581666668 0.0000000000
vertex 0.0413333278 0.0563333335 0.0000000000
vertex 0.0413333278 0.0581666668 0.0000000000
endloop
endfacet
facet normal 0 0 1
outer loop
vertex 0.0394999945 0.0581666668 0.0000000000
vertex 0.0394999945 0.0563333335 0.0000000000
vertex 0.0413333278 0.0563333335 0.0000000000
endloop
endfacet
facet normal 0 0 1
outer loop
vertex 0.0468333278 0.0581666668 0.0000000000
vertex 0.0486666612 0.0563333335 0.0000000000
vertex 0.0486666612 0.0581666668 0.0000000000
endloop
endfacet
facet normal 0 0 1
outer loop
vertex 0.0468333278 0.0581666668 0.0000000000
vertex 0.0468333278 0.0563333335 0.0000000000
vertex 0.0486666612 0.0563333335 0.0000000000
endloop
endfacet
facet normal 0 0 1
outer loop
vertex 0.0486666612 0.0581666668 0.0000000000
vertex 0.0504999945 0.0563333335 0.0000000000
vertex 0.0504999945 0.0581666668 0.0000000000
endloop
endfacet
facet normal 0 0 1
outer loop
vertex 0.0486666612 0.0581666668 0.0000000000
vertex 0.0486666612 0.0563333335 0.0000000000
vertex 0.0504999945 0.0563333335 0.0000000000
endloop
endfacet
facet normal 0 0 1
outer loop
vertex 0.0394999945 0.0563333335 0.0000000000
vertex 0.0413333278 0.0545000001 0.0000000000
vertex 0.0413333278 0.0563333335 0.0000000000
endloop
endfacet
facet normal 0 0 1
outer loop
vertex 0.0394999945 0.0563333335 0.0000000000
vertex 0.0394999945 0.0545000001 0.0000000000
vertex 0.0413333278 0.0545000001 0.0000000000
endloop
endfacet
facet normal 0 0 1
outer loop
vertex 0.0413333278 0.0563333335 0.0000000000
vertex 0.0431666612 0.0545000001 0.0000000000
vertex 0.0431666612 0.0563333335 0.0000000000
endloop
endfacet
facet normal 0 0 1
outer loop
vertex 0.0413333278 0.0563333335 0.0000000000
vertex 0.0413333278 0.0545000001 0.0000000000
vertex 0.0431666612 0.0545000001 0.0000000000
endloop
endfacet
facet normal 0 0 1
outer loop
vertex 0.0431666612 0.0563333335 0.0000000000
vertex 0.0449999945 0.0545000001 0.0000000000
vertex 0.0449999945 0.0563333335 0.0000000000
endloop
endfacet
facet normal 0 0 1
outer loop
vertex 0.0431666612 0.0563333335 0.0000000000
vertex 0.0431666612 0.0545000001 0.0000000000
vertex 0.0449999945 0.0545000001 0.0000000000
endloop
endfacet
facet normal 0 0 1
outer loop
vertex 0.0449999945 0.0563333335 0.0000000000
vertex 0.0468333278 0.0545000001 0.0000000000
vertex 0.0468333278 0.0563333335 0.0000000000
endloop
endfacet
facet normal 0 0 1
outer loop
vertex 0.0449999945 0.0563333335 0.0000000000
vertex 0.0449999945 0.0545000001 0.0000000000
vertex 0.0468333278 0.0545000001 0.0000000000
endloop
endfacet
facet normal 0 0 1
outer loop
vertex 0.0468333278 0.0563333335 0.0000000000
vertex 0.0486666612 0.0545000001 0.0000000000
vertex 0.0486666612 0.0563333335 0.0000000000
endloop
endfacet
facet normal 0 0 1
outer loop
vertex 0.0468333278 0.0563333335 0.0000000000
vertex 0.0468333278 0.0545000001 0.0000000000
vertex 0.0486666612 0.0545000001 0.0000000000
endloop
endfacet
facet normal 0 0 1
outer loop
vertex 0.0486666612 0.0563333335 0.0000000000
vertex 0.0504999945 0.0545000001 0.0000000000
vertex 0.0504999945 0.0563333335 0.0000000000
endloop
endfacet
facet normal 0 0 1
outer loop
vertex 0.0486666612 0.0563333335 0.0000000000
vertex 0.0486666612 0.0545000001 0.0000000000
vertex 0.0504999945 0.0545000001 0.0000000000
endloop
endfacet
facet normal 0 0 1
outer loop
vertex 0.0694999957 0.0655000001 0.0000000000
vertex 0.0713333290 0.0636666668 0.0000000000
vertex 0.0713333290 0.0655000001 0.0000000000
endloop
endfacet
facet normal 0 0 1
outer loop
vertex 0.0694999957 0.0655000001 0.0000000000
vertex 0.0694999957 0.0636666668 0.0000000000
vertex 0.0713333290 0.0636666668 0.0000000000
endloop
endfacet
facet normal 0 0 1
outer loop
vertex 0.0713333290 0.0655000001 0.0000000000
vertex 0.0731666624 0.0636666668 0.0000000000
vertex 0.0731666624 0.0655000001 0.0000000000
endloop
endfacet
facet normal 0 0 1
outer loop
vertex 0.0713333290 0.0655000001 0.0000000000
vertex 0.0713333290 0.0636666668 0.0000000000
vertex 0.0731666624 0.0636666668 0.0000000000
endloop
endfacet
facet normal 0 0 1
outer loop
vertex 0.0731666624 0.0655000001 0.0000000000
vertex 0.0749999957 0.0636666668 0.0000000000
vertex 0.0749999957 0.0655000001 0.0000000000
endloop
endfacet
facet normal 0 0 1
outer loop
vertex 0.0731666624 0.0655000001 0.0000000000
vertex 0.0731666624 0.0636666668 0.0000000000
vertex 0.0749999957 0.0636666668 0.0000000000
endloop
endfacet
facet normal 0 0 1
outer loop
vertex 0.0749999957 0.0655000001 0.0000000000
vertex 0.0768333290 0.0636666668 0.0000000000
vertex 0.0768333290 0.0655000001 0.0000000000
endloop
endfacet
facet normal 0 0 1
outer loop
vertex 0.0749999957 0.0655000001 0.0000000000
vertex 0.0749999957 0.0636666668 0.0000000000
vertex 0.0768333290 0.0636666668 0.0000000000
endloop
endfacet
facet normal 0 0 1
outer loop
vertex 0.0768333290 0.0655000001 0.0000000000
vertex 0.0786666624 0.0636666668 0.0000000000
vertex 0.0786666624 0.0655000001 0.0000000000
endloop
endfacet
facet normal 0 0 1
outer loop
vertex 0.0768333290 0.0655000001 0.0000000000
vertex 0.0768333290 0.0636666668 0.0000000000
vertex 0.0786666624 0.0636666668 0.0000000000
endloop
endfacet
facet normal 0 0 1
outer loop
vertex 0.0786666624 0.0655000001 0.0000000000
vertex 0.0804999957 0.0636666668 0.0000000000
vertex 0.0804999957 0.0655000001 0.0000000000
endloop
endfacet
facet normal 0 0 1
outer loop
vertex 0.0786666624 0.0655000001 0.0000000000
vertex 0.0786666624 0.0636666668 0.0000000000
vertex 0.0804999957 0.0636666668 0.0000000000
endloop
endfacet
facet normal 0 0 1
outer loop
vertex 0.0694999957 0.0636666668 0.0000000000
vertex 0.0713333290 0.0618333335 0.0000000000
vertex 0.0713333290 0.0636666668 0.0000000000
endloop
endfacet
facet normal 0 0 1
outer loop
vertex 0.0694999957 0.0636666668 0.0000000000
vertex 0.0694999957 0.0618333335 0.0000000000
vertex 0.0713333290 0.0618333335 0.0000000000
endloop
endfacet
facet normal 0 0 1
outer loop
vertex 0.0713333290 0.0636666668 0.0000000000
vertex 0.0731666624 0.0618333335 0.0000000000
vertex 0.0731666624 0.0636666668 0.0000000000
endloop
endfacet
facet normal 0 0 1
outer loop
vertex 0.0713333290 0.0636666668 0.0000000000
vertex 0.0713333290 0.0618333335 0.0000000000
vertex 0.0731666624 0.0618333335 0.0000000000
endloop
endfacet
facet normal 0 0 1
outer loop
vertex 0.0786666624 0.0636666668 0.0000000000
vertex 0.0804999957 0.0618333335 0.0000000000
vertex 0.0804999957 0.0636666668 0.0000000000
endloop
endfacet
facet normal 0 0 1
outer loop
vertex 0.0786666624 0.0636666668 0.0000000000
vertex 0.0786666624 0.0618333335 0.0000000000
vertex 0.0804999957 0.0618333335 0.0000000000
endloop
endfacet
facet normal 0 0 1
outer loop
vertex 0.0694999957 0.0618333335 0.0000000000
vertex 0.0713333290 0.0600000001 0.0000000000
vertex 0.0713333290 0.0618333335 0.0000000000
endloop
endfacet
facet normal 0 0 1
outer loop
vertex 0.0694999957 0.0618333335 0.0000000000
vertex 0.0694999957 0.0600000001 0.0000000000
vertex 0.0713333290 0.0600000001 0.0000000000
endloop
endfacet
facet normal 0 0 1
outer loop
vertex 0.0731666624 0.0618333335 0.0000000000
vertex 0.0749999957 0.0600000001 0.0000000000
vertex 0.0749999957 0.0618333335 0.0000000000
endloop
endfacet
facet normal 0 0 1
outer loop
vertex 0.0731666624 0.0618333335 0.0000000000
vertex 0.0731666624 0.0600000001 0.0000000000
vertex 0.0749999957 0.0600000001 0.0000000000
endloop
endfacet
facet normal 0 0 1
outer loop
vertex 0.0749999957 0.0618333335 0.0000000000
vertex 0.0768333290 0.0600000001 0.0000000000
vertex 0.0768333290 0.0618333335 0.0000000000
endloop
endfacet
facet normal 0 0 1
outer loop
vertex 0.0749999957 0.0618333335 0.0000000000
vertex 0.0749999957 0.0600000001 0.0000000000
vertex 0.0768333290 0.0600000001 0.0000000000
endloop
endfacet
facet normal 0 0 1
outer loop
vertex 0.0786666624 0.0618333335 0.0000000000
vertex 0.0804999957 0.0600000001 0.0000000000
vertex 0.0804999957 0.0618333335 0.0000000000
endloop
endfacet
facet normal 0 0 1
outer loop
vertex 0.0786666624 0.0618333335 0.0000000000
vertex 0.0786666624 0.0600000001 0.0000000000
vertex 0.0804999957 0.0600000001 0.0000000000
endloop
endfacet
facet normal 0 0 1
outer loop
vertex 0.0694999957 0.0600000001 0.0000000000
vertex 0.0713333290 0.0581666668 0.0000000000
vertex 0.0713333290 0.0600000001 0.0000000000
endloop
endfacet
facet normal 0 0 1
outer loop
vertex 0.0694999957 0.0600000001 0.0000000000
vertex 0.0694999957 0.0581666668 0.0000000000
vertex 0.0713333290 0.0581666668 0.0000000000
endloop
endfacet
facet normal 0 0 1
outer loop
vertex 0.0749999957 0.0600000001 0.0000000000
vertex 0.0768333290 0.0581666668 0.0000000000
vertex 0.0768333290 0.0600000001 0.0000000000
endloop
endfacet
facet normal 0 0 1
outer loop
vertex 0.0749999957 0.0600000001 0.0000000000
vertex 0.0749999957 0.0581666668 0.0000000000
vertex 0.0768333290 0.0581666668 0.0000000000
endloop
endfacet
facet normal 0 0 1
outer loop
vertex 0.0768333290 0.0600000001 0.0000000000
vertex 0.0786666624 0.0581666668 0.0000000000
vertex 0.0786666624 0.0600000001 0.0000000000
endloop
endfacet
facet normal 0 0 1
outer loop
vertex 0.0768333290 0.0600000001 0.0000000000
vertex 0.0768333290 0.0581666668 0.0000000000
vertex 0.0786666624 0.0581666668 0.0000000000
endloop
endfacet
facet normal 0 0 1
outer loop
vertex 0.0786666624 0.0600000001 0.0000000000
vertex 0.0804999957 0.0581666668 0.0000000000
vertex 0.0804999957 0.0600000001 0.0000000000
endloop
endfacet
facet normal 0 0 1
outer loop
vertex 0.0786666624 0.0600000001 0.0000000000
vertex 0.0786666624 0.0581666668 0.0000000000
vertex 0.0804999957 0.0581666668 0.0000000000
endloop
endfacet
facet normal 0 0 1
outer loop
vertex 0.0694999957 0.0581666668 0.0000000000
vertex 0.0713333290 0.0563333335 0.0000000000
vertex 0.0713333290 0.0581666668 0.0000000000
endloop
endfacet
facet normal 0 0 1
outer loop
vertex 0.0694999957 0.0581666668 0.0000000000
vertex 0.0694999957 0.0563333335 0.0000000000
vertex 0.0713333290 0.0563333335 0.0000000000
endloop
endfacet
facet normal 0 0 1
outer loop
vertex 0.0749999957 0.0581666668 0.0000000000
vertex 0.0768333290 0.0563333335 0.0000000000
vertex 0.0768333290 0.0581666668 0.0000000000
endloop
endfacet
facet normal 0 0 1
outer loop
vertex 0.0749999957 0.0581666668 0.0000000000
vertex 0.0749999957 0.0563333335 0.0000000000
vertex 0.0768333290 0.0563333335 0.0000000000
endloop
endfacet
facet normal 0 0 1
outer loop
vertex 0.0786666624 0.0581666668 0.0000000000
vertex 0.0804999957 0.0563333335 0.0000000000
vertex 0.0804999957 0.0581666668 0.0000000000
endloop
endfacet
facet normal 0 0 1
outer loop
vertex 0.0786666624 0.0581666668 0.0000000000
vertex 0.0786666624 0.0563333335 0.0000000000
vertex 0.0804999957 0.0563333335 0.0000000000
endloop
endfacet
facet normal 0 0 1
outer loop
vertex 0.0694999957 0.0563333335 0.0000000000
vertex 0.0713333290 0.0545000001 0.0000000000
vertex 0.0713333290 0.0563333335 0.0000000000
endloop
endfacet
facet normal 0 0 1
outer loop
vertex 0.0694999957 0.0563333335 0.0000000000
vertex 0.0694999957 0.0545000001 0.0000000000
vertex 0.0713333290 0.0545000001 0.0000000000
endloop
endfacet
facet normal 0 0 1
outer loop
vertex 0.0713333290 0.0563333335 0.0000000000
vertex 0.0731666624 0.0545000001 0.0000000000
vertex 0.0731666624 0.0563333335 0.0000000000
endloop
endfacet
facet normal 0 0 1
outer loop
vertex 0.0713333290 0.0563333335 0.0000000000
vertex 0.0713333290 0.0545000001 0.0000000000
vertex 0.0731666624 0.0545000001 0.0000000000
endloop
endfacet
facet normal 0 0 1
outer loop
vertex 0.0731666624 0.0563333335 0.0000000000
vertex 0.0749999957 0.0545000001 0.0000000000
vertex 0.0749999957 0.0563333335 0.0000000000
endloop
endfacet
facet normal 0 0 1
outer loop
vertex 0.0731666624 0.0563333335 0.0000000000
vertex 0.0731666624 0.0545000001 0.0000000000
vertex 0.0749999957 0.0545000001 0.0000000000
endloop
endfacet
facet normal 0 0 1
outer loop
vertex 0.0749999957 0.0563333335 0.0000000000
vertex 0.0768333290 0.0545000001 0.0000000000
vertex 0.0768333290 0.0563333335 0.0000000000
endloop
endfacet
facet normal 0 0 1
outer loop
vertex 0.0749999957 0.0563333335 0.0000000000
vertex 0.0749999957 0.0545000001 0.0000000000
vertex 0.0768333290 0.0545000001 0.0000000000
endloop
endfacet
facet normal 0 0 1
outer loop
vertex 0.0768333290 0.0563333335 0.0000000000
vertex 0.0786666624 0.0545000001 0.0000000000
vertex 0.0786666624 0.0563333335 0.0000000000
endloop
endfacet
facet normal 0 0 1
outer loop
vertex 0.0768333290 0.0563333335 0.0000000000
vertex 0.0768333290 0.0545000001 0.0000000000
vertex 0.0786666624 0.0545000001 0.0000000000
endloop
endfacet
facet normal 0 0 1
outer loop
vertex 0.0786666624 0.0563333335 0.0000000000
vertex 0.0804999957 0.0545000001 0.0000000000
vertex 0.0804999957 0.0563333335 0.0000000000
endloop
endfacet
facet normal 0 0 1
outer loop
vertex 0.0786666624 0.0563333335 0.0000000000
vertex 0.0786666624 0.0545000001 0.0000000000
vertex 0.0804999957 0.0545000001 0.0000000000
endloop
endfacet
facet normal 0 0 1
outer loop
vertex -0.0955000001 0.0505000009 0.0000000000
vertex -0.0936666668 0.0486666676 0.0000000000
vertex -0.0936666668 0.0505000009 0.0000000000
endloop
endfacet
facet normal 0 0 1
outer loop
vertex -0.0955000001 0.0505000009 0.0000000000
vertex -0.0955000001 0.0486666676 0.0000000000
vertex -0.0936666668 0.0486666676 0.0000000000
endloop
endfacet
facet normal 0 0 1
outer loop
vertex -0.0936666668 0.0505000009 0.0000000000
vertex -0.0918333335 0.0486666676 0.0000000000
vertex -0.0918333335 0.0505000009 0.0000000000
endloop
endfacet
facet normal 0 0 1
outer loop
vertex -0.0936666668 0.0505000009 0.0000000000
vertex -0.0936666668 0.0486666676 0.0000000000
vertex -0.0918333335 0.0486666676 0.0000000000
endloop
endfacet
facet normal 0 0 1
outer loop
vertex -0.0918333335 0.0505000009 0.0000000000
vertex -0.0900000001 0.0486666676 0.0000000000
vertex -0.0900000001 0.0505000009 0.0000000000
endloop
endfacet
facet normal 0 0 1
outer loop
vertex -0.0918333335 0.0505000009 0.0000000000
vertex -0.0918333335 0.0486666676 0.0000000000
vertex -0.0900000001 0.0486666676 0.0000000000
endloop
endfacet
facet normal 0 0 1
outer loop
vertex -0.0900000001 0.0505000009 0.0000000000
vertex -0.0881666668 0.0486666676 0.0000000000
vertex -0.0881666668 0.0505000009 0.0000000000
endloop
endfacet
facet normal 0 0 1
outer loop
vertex -0.0900000001 0.0505000009 0.0000000000
vertex -0.0900000001 0.0486666676 0.0000000000
vertex -0.0881666668 0.0486666676 0.0000000000
endloop
endfacet
facet normal 0 0 1
outer loop
vertex -0.0881666668 0.0505000009 0.0000000000
vertex -0.0863333335 0.0486666676 0.0000000000
vertex -0.0863333335 0.0505000009 0.0000000000
endloop
endfacet
facet normal 0 0 1
outer loop
vertex -0.0881666668 0.0505000009 0.0000000000
vertex -0.0881666668 0.0486666676 0.0000000000
vertex -0.0863333335 0.0486666676 0.0000000000
endloop
endfacet
facet normal 0 0 1
outer loop
vertex -0.0863333335 0.0505000009 0.0000000000
vertex -0.0845000001 0.0486666676 0.0000000000
vertex -0.0845000001 0.0505000009 0.0000000000
endloop
endfacet
facet normal 0 0 1
outer loop
vertex -0.0863333335 0.0505000009 0.0000000000
vertex -0.0863333335 0.0486666676 0.0000000000
vertex -0.0845000001 0.0486666676 0.0000000000
endloop
endfacet
facet normal 0 0 1
outer loop
vertex -0.0955000001 0.0486666676 0.0000000000
vertex -0.0936666668 0.0468333343 0.0000000000
vertex -0.0936666668 0.0486666676 0.0000000000
endloop
endfacet
facet normal 0 0 1
outer loop
vertex -0.0955000001 0.0486666676 0.0000000000
vertex -0.0955000001 0.0468333343 0.0000000000
vertex -0.0936666668 0.0468333343 0.0000000000
endloop
endfacet
facet normal 0 0 1
outer loop
vertex -0.0918333335 0.0486666676 0.0000000000
vertex -0.0900000001 0.0468333343 0.0000000000
vertex -0.0900000001 0.0486666676 0.0000000000
endloop
endfacet
facet normal 0 0 1
outer loop
vertex -0.0918333335 0.0486666676 0.0000000000
vertex -0.0918333335 0.0468333343 0.0000000000
vertex -0.0900000001 0.0468333343 0.0000000000
endloop
endfacet
facet normal 0 0 1
outer loop
vertex -0.0900000001 0.0486666676 0.0000000000
vertex -0.0881666668 0.0468333343 0.0000000000
vertex -0.0881666668 0.0486666676 0.0000000000
endloop
endfacet
facet normal 0 0 1
outer loop
vertex -0.0900000001 0.0486666676 0.0000000000
vertex -0.0900000001 0.0468333343 0.0000000000
vertex -0.0881666668 0.0468333343 0.0000000000
endloop
endfacet
facet normal 0 0 1
outer loop
vertex -0.0863333335 0.0486666676 0.0000000000
vertex -0.0845000001 0.0468333343 0.0000000000
vertex -0.0845000001 0.0486666676 0.0000000000
endloop
endfacet
facet normal 0 0 1
outer loop
vertex -0.0863333335 0.0486666676 0.0000000000
vertex -0.0863333335 0.0468333343 0.0000000000
vertex -0.0845000001 0.0468333343 0.0000000000
endloop
endfacet
facet normal 0 0 1
outer loop
vertex -0.0955000001 0.0468333343 0.0000000000
vertex -0.0936666668 0.0450000009 0.0000000000
vertex -0.0936666668 0.0468333343 0.0000000000
endloop
endfacet
facet normal 0 0 1
outer loop
vertex -0.0955000001 0.0468333343 0.0000000000
vertex -0.0955000001 0.0450000009 0.0000000000
vertex -0.0936666668 0.0450000009 0.0000000000
endloop
endfacet
facet normal 0 0 1
outer loop
vertex -0.0881666668 0.0468333343 0.0000000000
vertex -0.0863333335 0.0450000009 0.0000000000
vertex -0.0863333335 0.0468333343 0.0000000000
endloop
endfacet
facet normal 0 0 1
outer loop
vertex -0.0881666668 0.0468333343 0.0000000000
vertex -0.0881666668 0.0450000009 0.0000000000
vertex -0.0863333335 0.0450000009 0.0000000000
endloop
endfacet
facet normal 0 0 1
outer loop
vertex -0.0863333335 0.0468333343 0.0000000000
vertex -0.0845000001 0.0450000009 0.0000000000
vertex -0.0845000001 0.0468333343 0.0000000000
endloop
endfacet
facet normal 0 0 1
outer loop
vertex -0.0863333335 0.0468333343 0.0000000000
vertex -0.0863333335 0.0450000009 0.0000000000
vertex -0.0845000001 0.0450000009 0.0000000000
endloop
endfacet
facet normal 0 0 1
outer loop
vertex -0.0955000001 0.0450000009 0.0000000000
vertex -0.0936666668 0.0431666676 0.0000000000
vertex -0.0936666668 0.0450000009 0.0000000000
endloop
endfacet
facet normal 0 0 1
outer loop
vertex -0.0955000001 0.0450000009 0.0000000000
vertex -0.0955000001 0.0431666676 0.0000000000
vertex -0.0936666668 0.0431666676 0.0000000000
endloop
endfacet
facet normal 0 0 1
outer loop
vertex -0.0936666668 0.0450000009 0.0000000000
vertex -0.0918333335 0.0431666676 0.0000000000
vertex -0.0918333335 0.0450000009 0.0000000000
endloop
endfacet
facet normal 0 0 1
outer loop
vertex -0.0936666668 0.0450000009 0.0000000000
vertex -0.0936666668 0.0431666676 0.0000000000
vertex -0.0918333335 0.0431666676 0.0000000000
endloop
endfacet
facet normal 0 0 1
outer loop
vertex -0.0918333335 0.0450000009 0.0000000000
vertex -0.0900000001 0.0431666676 0.0000000000
vertex -0.0900000001 0.0450000009 0.0000000000
endloop
endfacet
facet normal 0 0 1
outer loop
vertex -0.0918333335 0.0450000009 0.0000000000
vertex -0.0918333335 0.0431666676 0.0000000000
vertex -0.0900000001 0.0431666676 0.0000000000
endloop
endfacet
facet normal 0 0 1
outer loop
vertex -0.0881666668 0.0450000009 0.0000000000
vertex -0.0863333335 0.0431666676 0.0000000000
vertex -0.0863333335 0.0450000009 0.0000000000
endloop
endfacet
facet normal 0 0 1
outer loop
vertex -0.0881666668 0.0450000009 0.0000000000
vertex -0.0881666668 0.0431666676 0.0000000000
vertex -0.0863333335 0.0431666676 0.0000000000
endloop
endfacet
facet normal 0 0 1
outer loop
vertex -0.0863333335 0.0450000009 0.0000000000
vertex -0.0845000001 0.0431666676 0.0000000000
vertex -0.0845000001 0.0450000009 0.0000000000
endloop
endfacet
facet normal 0 0 1
outer loop
vertex -0.0863333335 0.0450000009 0.0000000000
vertex -0.0863333335 0.0431666676 0.0000000000
vertex -0.0845000001 0.0431666676 0.0000000000
endloop
endfacet
facet normal 0 0 1
outer loop
vertex -0.0955000001 0.0431666676 0.0000000000
vertex -0.0936666668 0.0413333343 0.0000000000
vertex -0.0936666668 0.0431666676 0.0000000000
endloop
endfacet
facet normal 0 0 1
outer loop
vertex -0.0955000001 0.0431666676 0.0000000000
vertex -0.0955000001 0.0413333343 0.0000000000
vertex -0.0936666668 0.0413333343 0.0000000000
endloop
endfacet
facet normal 0 0 1
outer loop
vertex -0.0881666668 0.0431666676 0.0000000000
vertex -0.0863333335 0.0413333343 0.0000000000
vertex -0.0863333335 0.0431666676 0.0000000000
endloop
endfacet
facet normal 0 0 1
outer loop
vertex -0.0881666668 0.0431666676 0.0000000000
vertex -0.0881666668 0.0413333343 0.0000000000
vertex -0.0863333335 0.0413333343 0.0000000000
endloop
endfacet
facet normal 0 0 1
outer loop
vertex -0.0863333335 0.0431666676 0.0000000000
vertex -0.0845000001 0.0413333343 0.0000000000
vertex -0.0845000001 0.0431666676 0.0000000000
endloop
endfacet
facet normal 0 0 1
outer loop
vertex -0.0863333335 0.0431666676 0.0000000000
vertex -0.0863333335 0.0413333343 0.0000000000
vertex -0.0845000001 0.0413333343 0.0000000000
endloop
endfacet
facet normal 0 0 1
outer loop
vertex -0.0955000001 0.0413333343 0.0000000000
vertex -0.0936666668 0.0395000009 0.0000000000
vertex -0.0936666668 0.0413333343 0.0000000000
endloop
endfacet
facet normal 0 0 1
outer loop
vertex -0.0955000001 0.0413333343 0.0000000000
vertex -0.0955000001 0.0395000009 0.0000000000
vertex -0.0936666668 0.0395000009 0.0000000000
endloop
endfacet
facet normal 0 0 1
outer loop
vertex -0.0936666668 0.0413333343 0.0000000000
vertex -0.0918333335 0.0395000009 0.0000000000
vertex -0.0918333335 0.0413333343 0.0000000000
endloop
endfacet
facet normal 0 0 1
outer loop
vertex -0.0936666668 0.0413333343 0.0000000000
vertex -0.0936666668 0.0395000009 0.0000000000
vertex -0.0918333335 0.0395000009 0.0000000000
endloop
endfacet
facet normal 0 0 1
outer loop
vertex -0.0918333335 0.0413333343 0.0000000000
vertex -0.0900000001 0.0395000009 0.0000000000
vertex -0.0900000001 0.0413333343 0.0000000000
endloop
endfacet
facet normal 0 0 1
outer loop
vertex -0.0918333335 0.0413333343 0.0000000000
vertex -0.0918333335 0.0395000009 0.0000000000
vertex -0.0900000001 0.0395000009 0.0000000000
endloop
endfacet
facet normal 0 0 1
outer loop
vertex -0.0900000001 0.0413333343 0.0000000000
vertex -0.0881666668 0.0395000009 0.0000000000
vertex -0.0881666668 0.0413333343 0.0000000000
endloop
endfacet
facet normal 0 0 1
outer loop
vertex -0.0900000001 0.0413333343 0.0000000000
vertex -0.0900000001 0.0395000009 0.0000000000
vertex -0.0881666668 0.0395000009 0.0000000000
endloop
endfacet
facet normal 0 0 1
outer loop
vertex -0.0881666668 0.0413333343 0.0000000000
vertex -0.0863333335 0.0395000009 0.0000000000
vertex -0.0863333335 0.0413333343 0.0000000000
endloop
endfacet
facet normal 0 0 1
outer loop
vertex -0.0881666668 0.0413333343 0.0000000000
vertex -0.0881666668 0.0395000009 0.0000000000
vertex -0.0863333335 0.0395000009 0.0000000000
endloop
endfacet
facet normal 0 0 1
outer loop
vertex -0.0863333335 0.0413333343 0.0000000000
vertex -0.0845000001 0.0395000009 0.0000000000
vertex -0.0845000001 0.0413333343 0.0000000000
endloop
endfacet
facet normal 0 0 1
outer loop
vertex -0.0863333335 0.0413333343 0.0000000000
vertex -0.0863333335 0.0395000009 0.0000000000
vertex -0.0845000001 0.0395000009 0.0000000000
endloop
endfacet
facet normal 0 0 1
outer loop
vertex -0.0655000022 0.0505000009 0.0000000000
vertex -0.0636666689 0.0486666676 0.0000000000
vertex -0.0636666689 0.0505000009 0.0000000000
endloop
endfacet
facet normal 0 0 1
outer loop
vertex -0.0655000022 0.0505000009 0.0000000000
vertex -0.0655000022 0.0486666676 0.0000000000
vertex -0.0636666689 0.0486666676 0.0000000000
endloop
endfacet
facet normal 0 0 1
outer loop
vertex -0.0636666689 0.0505000009 0.0000000000
vertex -0.0618333355 0.0486666676 0.0000000000
vertex -0.0618333355 0.0505000009 0.0000000000
endloop
endfacet
facet normal 0 0 1
outer loop
vertex -0.0636666689 0.0505000009 0.0000000000
vertex -0.0636666689 0.0486666676 0.0000000000
vertex -0.0618333355 0.0486666676 0.0000000000
endloop
endfacet
facet normal 0 0 1
outer loop
vertex -0.0618333355 0.0505000009 0.0000000000
vertex -0.0600000022 0.0486666676 0.0000000000
vertex -0.0600000022 0.0505000009 0.0000000000
endloop
endfacet
facet normal 0 0 1
outer loop
vertex -0.0618333355 0.0505000009 0.0000000000
vertex -0.0618333355 0.0486666676 0.0000000000
vertex -0.0600000022 0.0486666676 0.0000000000
endloop
endfacet
facet normal 0 0 1
outer loop
vertex -0.0600000022 0.0505000009 0.0000000000
vertex -0.0581666689 0.0486666676 0.0000000000
vertex -0.0581666689 0.0505000009 0.0000000000
endloop
endfacet
facet normal 0 0 1
outer loop
vertex -0.0600000022 0.0505000009 0.0000000000
vertex -0.0600000022 0.0486666676 0.0000000000
vertex -0.0581666689 0.0486666676 0.0000000000
endloop
endfacet
facet normal 0 0 1
outer loop
vertex -0.0581666689 0.0505000009 0.0000000000
vertex -0.0563333355 0.0486666676 0.0000000000
vertex -0.0563333355 0.0505000009 0.0000000000
endloop
endfacet
facet normal 0 0 1
outer loop
vertex -0.0581666689 0.0505000009 0.0000000000
vertex -0.0581666689 0.0486666676 0.0000000000
vertex -0.0563333355 0.0486666676 0.0000000000
endloop
endfacet
facet normal 0 0 1
outer loop
vertex -0.0563333355 0.0505000009 0.0000000000
vertex -0.0545000022 0.0486666676 0.0000000000
vertex -0.0545000022 0.0505000009 0.0000000000
endloop
endfacet
facet normal 0 0 1
outer loop
vertex -0.0563333355 0.0505000009 0.0000000000
vertex -0.0563333355 0.0486666676 0.0000000000
vertex -0.0545000022 0.0486666676 0.0000000000
endloop
endfacet
facet normal 0 0 1
outer loop
vertex -0.0655000022 0.0486666676 0.0000000000
vertex -0.0636666689 0.0468333343 0.0000000000
vertex -0.0636666689 0.0486666676 0.0000000000
endloop
endfacet
facet normal 0 0 1
outer loop
vertex -0.0655000022 0.0486666676 0.0000000000
vertex -0.0655000022 0.0468333343 0.0000000000
vertex -0.0636666689 0.0468333343 0.0000000000
endloop
endfacet
facet normal 0 0 1
outer loop
vertex -0.0600000022 0.0486666676 0.0000000000
vertex -0.0581666689 0.0468333343 0.0000000000
vertex -0.0581666689 0.0486666676 0.0000000000
endloop
endfacet
facet normal 0 0 1
outer loop
vertex -0.0600000022 0.0486666676 0.0000000000
vertex -0.0600000022 0.0468333343 0.0000000000
vertex -0.0581666689 0.0468333343 0.0000000000
endloop
endfacet
facet normal 0 0 1
outer loop
vertex -0.0581666689 0.0486666676 0.0000000000
vertex -0.0563333355 0.0468333343 0.0000000000
vertex -0.0563333355 0.0486666676 0.0000000000
endloop
endfacet
facet normal 0 0 1
outer loop
vertex -0.0581666689 0.0486666676 0.0000000000
vertex -0.0581666689 0.0468333343 0.0000000000
vertex -0.0563333355 0.0468333343 0.0000000000
endloop
endfacet
facet normal 0 0 1
outer loop
vertex -0.0563333355 0.0486666676 0.0000000000
vertex -0.0545000022 0.0468333343 0.0000000000
vertex -0.0545000022 0.0486666676 0.0000000000
endloop
endfacet
facet normal 0 0 1
outer loop
vertex -0.0563333355 0.0486666676 0.0000000000
vertex -0.0563333355 0.0468333343 0.0000000000
vertex -0.0545000022 0.0468333343 0.0000000000
endloop
endfacet
facet normal 0 0 1
outer loop
vertex -0.0655000022 0.0468333343 0.0000000000
vertex -0.0636666689 0.0450000009 0.0000000000
vertex -0.0636666689 0.0468333343 0.0000000000
endloop
endfacet
facet normal 0 0 1
outer loop
vertex -0.0655000022 0.0468333343 0.0000000000
vertex -0.0655000022 0.0450000009 0.0000000000
vertex -0.0636666689 0.0450000009 0.0000000000
endloop
endfacet
facet normal 0 0 1
outer loop
vertex -0.0636666689 0.0468333343 0.0000000000
vertex -0.0618333355 0.0450000009 0.0000000000
vertex -0.0618333355 0.0468333343 0.0000000000
endloop
endfacet
facet normal 0 0 1
outer loop
vertex -0.0636666689 0.0468333343 0.0000000000
vertex -0.0636666689 0.0450000009 0.0000000000
vertex -0.0618333355 0.0450000009 0.0000000000
endloop
endfacet
facet normal 0 0 1
outer loop
vertex -0.0600000022 0.0468333343 0.0000000000
vertex -0.0581666689 0.0450000009 0.0000000000
vertex -0.0581666689 0.0468333343 0.0000000000
endloop
endfacet
facet normal 0 0 1
outer loop
vertex -0.0600000022 0.0468333343 0.0000000000
vertex -0.0600000022 0.0450000009 0.0000000000
vertex -0.0581666689 0.0450000009 0.0000000000
endloop
endfacet
facet normal 0 0 1
outer loop
vertex -0.0581666689 0.0468333343 0.0000000000
vertex -0.0563333355 0.0450000009 0.0000000000
vertex -0.0563333355 0.0468333343 0.0000000000
endloop
endfacet
facet normal 0 0 1
outer loop
vertex -0.0581666689 0.0468333343 0.0000000000
vertex -0.0581666689 0.0450000009 0.0000000000
vertex -0.0563333355 0.0450000009 0.0000000000
endloop
endfacet
facet normal 0 0 1
outer loop
vertex -0.0563333355 0.0468333343 0.0000000000
vertex -0.0545000022 0.0450000009 0.0000000000
vertex -0.0545000022 0.0468333343 0.0000000000
endloop
endfacet
facet normal 0 0 1
outer loop
vertex -0.0563333355 0.0468333343 0.0000000000
vertex -0.0563333355 0.0450000009 0.0000000000
vertex -0.0545000022 0.0450000009 0.0000000000
endloop
endfacet
facet normal 0 0 1
outer loop
vertex -0.0655000022 0.0450000009 0.0000000000
vertex -0.0636666689 0.0431666676 0.0000000000
vertex -0.0636666689 0.0450000009 0.0000000000
endloop
endfacet
facet normal 0 0 1
outer loop
vertex -0.0655000022 0.0450000009 0.0000000000
vertex -0.0655000022 0.0431666676 0.0000000000
vertex -0.0636666689 0.0431666676 0.0000000000
endloop
endfacet
facet normal 0 0 1
outer loop
vertex -0.0563333355 0.0450000009 0.0000000000
vertex -0.0545000022 0.0431666676 0.0000000000
vertex -0.0545000022 0.0450000009 0.0000000000
endloop
endfacet
facet normal 0 0 1
outer loop
vertex -0.0563333355 0.0450000009 0.0000000000
vertex -0.0563333355 0.0431666676 0.0000000000
vertex -0.0545000022 0.0431666676 0.0000000000
endloop
endfacet
facet normal 0 0 1
outer loop
vertex -0.0655000022 0.0431666676 0.0000000000
vertex -0.0636666689 0.0413333343 0.0000000000
vertex -0.0636666689 0.0431666676 0.0000000000
endloop
endfacet
facet normal 0 0 1
outer loop
vertex -0.0655000022 0.0431666676 0.0000000000
vertex -0.0655000022 0.0413333343 0.0000000000
vertex -0.0636666689 0.0413333343 0.0000000000
endloop
endfacet
facet normal 0 0 1
outer loop
vertex -0.0636666689 0.0431666676 0.0000000000
vertex -0.0618333355 0.0413333343 0.0000000000
vertex -0.0618333355 0.0431666676 0.0000000000
endloop
endfacet
facet normal 0 0 1
outer loop
vertex -0.0636666689 0.0431666676 0.0000000000
vertex -0.0636666689 0.0413333343 0.0000000000
vertex -0.0618333355 0.0413333343 0.0000000000
endloop
endfacet
facet normal 0 0 1
outer loop
vertex -0.0618333355 0.0431666676 0.0000000000
vertex -0.0600000022 0.0413333343 0.0000000000
vertex -0.0600000022 0.0431666676 0.0000000000
endloop
endfacet
facet normal 0 0 1
outer loop
vertex -0.0618333355 0.0431666676 0.0000000000
vertex -0.0618333355 0.0413333343 0.0000000000
vertex -0.0600000022 0.0413333343 0.0000000000
endloop
endfacet
facet normal 0 0 1
outer loop
vertex -0.0581666689 0.0431666676 0.0000000000
vertex -0.0563333355 0.0413333343 0.0000000000
vertex -0.0563333355 0.0431666676 0.0000000000
endloop
endfacet
facet normal 0 0 1
outer loop
vertex -0.0581666689 0.0431666676 0.0000000000
vertex -0.0581666689 0.0413333343 0.0000000000
vertex -0.0563333355 0.0413333343 0.0000000000
endloop
endfacet
facet normal 0 0 1
outer loop
vertex -0.0563333355 0.0431666676 0.0000000000
vertex -0.0545000022 0.0413333343 0.0000000000
vertex -0.0545000022 0.0431666676 0.0000000000
endloop
endfacet
facet normal 0 0 1
outer loop
vertex -0.0563333355 0.0431666676 0.0000000000
vertex -0.0563333355 0.0413333343 0.0000000000
vertex -0.0545000022 0.0413333343 0.0000000000
endloop
endfacet
facet normal 0 0 1
outer loop
vertex -0.0655000022 0.0413333343 0.0000000000
vertex -0.0636666689 0.0395000009 0.0000000000
vertex -0.0636666689 0.0413333343 0.0000000000
endloop
endfacet
facet normal 0 0 1
outer loop
vertex -0.0655000022 0.0413333343 0.0000000000
vertex -0.0655000022 0.0395000009 0.0000000000
vertex -0.0636666689 0.0395000009 0.0000000000
endloop
endfacet
facet normal 0 0 1
outer loop
vertex -0.0636666689 0.0413333343 0.0000000000
vertex -0.0618333355 0.0395000009 0.0000000000
vertex -0.0618333355 0.0413333343 0.0000000000
endloop
endfacet
facet normal 0 0 1
outer loop
vertex -0.0636666689 0.0413333343 0.0000000000
vertex -0.0636666689 0.0395000009 0.0000000000
vertex -0.0618333355 0.0395000009 0.0000000000
endloop
endfacet
facet normal 0 0 1
outer loop
vertex -0.0618333355 0.0413333343 0.0000000000
vertex -0.0600000022 0.0395000009 0.0000000000
vertex -0.0600000022 0.0413333343 0.0000000000
endloop
endfacet
facet normal 0 0 1
outer loop
vertex -0.0618333355 0.0413333343 0.0000000000
vertex -0.0618333355 0.0395000009 0.0000000000
vertex -0.0600000022 0.0395000009 0.0000000000
endloop
endfacet
facet normal 0 0 1
outer loop
vertex -0.0600000022 0.0413333343 0.0000000000
vertex -0.0581666689 0.0395000009 0.0000000000
vertex -0.0581666689 0.0413333343 0.0000000000
endloop
endfacet
facet normal 0 0 1
outer loop
vertex -0.0600000022 0.0413333343 0.0000000000
vertex -0.0600000022 0.0395000009 0.0000000000
vertex -0.0581666689 0.0395000009 0.0000000000
endloop
endfacet
facet normal 0 0 1
outer loop
vertex -0.0581666689 0.0413333343 0.0000000000
vertex -0.0563333355 0.0395000009 0.0000000000
vertex -0.0563333355 0.0413333343 0.0000000000
endloop
endfacet
facet normal 0 0 1
outer loop
vertex -0.0581666689 0.0413333343 0.0000000000
vertex -0.0581666689 0.0395000009 0.0000000000
vertex -0.0563333355 0.0395000009 0.0000000000
endloop
endfacet
facet normal 0 0 1
outer loop
vertex -0.0563333355 0.0413333343 0.0000000000
vertex -0.0545000022 0.0395000009 0.0000000000
vertex -0.0545000022 0.0413333343 0.0000000000
endloop
endfacet
facet normal 0 0 1
outer loop
vertex -0.0563333355 0.0413333343 0.0000000000
vertex -0.0563333355 0.0395000009 0.0000000000
vertex -0.0545000022 0.0395000009 0.0000000000
endloop
endfacet
facet normal 0 0 1
outer loop
vertex -0.0355000010 0.0505000009 0.0000000000
vertex -0.0336666677 0.0486666676 0.0000000000
vertex -0.0336666677 0.0505000009 0.0000000000
endloop
endfacet
facet normal 0 0 1
outer loop
vertex -0.0355000010 0.0505000009 0.0000000000
vertex -0.0355000010 0.0486666676 0.0000000000
vertex -0.0336666677 0.0486666676 0.0000000000
endloop
endfacet
facet normal 0 0 1
outer loop
vertex -0.0336666677 0.0505000009 0.0000000000
vertex -0.0318333343 0.0486666676 0.0000000000
vertex -0.0318333343 0.0505000009 0.0000000000
endloop
endfacet
facet normal 0 0 1
outer loop
vertex -0.0336666677 0.0505000009 0.0000000000
vertex -0.0336666677 0.0486666676 0.0000000000
vertex -0.0318333343 0.0486666676 0.0000000000
endloop
endfacet
facet normal 0 0 1
outer loop
vertex -0.0318333343 0.0505000009 0.0000000000
vertex -0.0300000010 0.0486666676 0.0000000000
vertex -0.0300000010 0.0505000009 0.0000000000
endloop
endfacet
facet normal 0 0 1
outer loop
vertex -0.0318333343 0.0505000009 0.0000000000
vertex -0.0318333343 0.0486666676 0.0000000000
vertex -0.0300000010 0.0486666676 0.0000000000
endloop
endfacet
facet normal 0 0 1
outer loop
vertex -0.0300000010 0.0505000009 0.0000000000
vertex -0.0281666677 0.0486666676 0.0000000000
vertex -0.0281666677 0.0505000009 0.0000000000
endloop
endfacet
facet normal 0 0 1
outer loop
vertex -0.0300000010 0.0505000009 0.0000000000
vertex -0.0300000010 0.0486666676 0.0000000000
vertex -0.0281666677 0.0486666676 0.0000000000
endloop
endfacet
facet normal 0 0 1
outer loop
vertex -0.0281666677 0.0505000009 0.0000000000
vertex -0.0263333343 0.0486666676 0.0000000000
vertex -0.0263333343 0.0505000009 0.0000000000
endloop
endfacet
facet normal 0 0 1
outer loop
vertex -0.0281666677 0.0505000009 0.0000000000
vertex -0.0281666677 0.0486666676 0.0000000000
vertex -0.0263333343 0.0486666676 0.0000000000
endloop
endfacet
facet normal 0 0 1
outer loop
vertex -0.0263333343 0.0505000009 0.0000000000
vertex -0.0245000010 0.0486666676 0.0000000000
vertex -0.0245000010 0.0505000009 0.0000000000
endloop
endfacet
facet normal 0 0 1
outer loop
vertex -0.0263333343 0.0505000009 0.0000000000
vertex -0.0263333343 0.0486666676 0.0000000000
vertex -0.0245000010 0.0486666676 0.0000000000
endloop
endfacet
facet normal 0 0 1
outer loop
vertex -0.0355000010 0.0486666676 0.0000000000
vertex -0.0336666677 0.0468333343 0.0000000000
vertex -0.0336666677 0.0486666676 0.0000000000
endloop
endfacet
facet normal 0 0 1
outer loop
vertex -0.0355000010 0.0486666676 0.0000000000
vertex -0.0355000010 0.0468333343 0.0000000000
vertex -0.0336666677 0.0468333343 0.0000000000
endloop
endfacet
facet normal 0 0 1
outer loop
vertex -0.0263333343 0.0486666676 0.0000000000
vertex -0.0245000010 0.0468333343 0.0000000000
vertex -0.0245000010 0.0486666676 0.0000000000
endloop
endfacet
facet normal 0 0 1
outer loop
vertex -0.0263333343 0.0486666676 0.0000000000
vertex -0.0263333343 0.0468333343 0.0000000000
vertex -0.0245000010 0.0468333343 0.0000000000
endloop
endfacet
facet normal 0 0 1
outer loop
vertex -0.0355000010 0.0468333343 0.0000000000
vertex -0.0336666677 0.0450000009 0.0000000000
vertex -0.0336666677 0.0468333343 0.0000000000
endloop
endfacet
facet normal 0 0 1
outer loop
vertex -0.0355000010 0.0468333343 0.0000000000
vertex -0.0355000010 0.0450000009 0.0000000000
vertex -0.0336666677 0.0450000009 0.0000000000
endloop
endfacet
facet normal 0 0 1
outer loop
vertex -0.0281666677 0.0468333343 0.0000000000
vertex -0.0263333343 0.0450000009 0.0000000000
vertex -0.0263333343 0.0468333343 0.0000000000
endloop
endfacet
facet normal 0 0 1
outer loop
vertex -0.0281666677 0.0468333343 0.0000000000
vertex -0.0281666677 0.0450000009 0.0000000000
vertex -0.0263333343 0.0450000009 0.0000000000
endloop
endfacet
facet normal 0 0 1
outer loop
vertex -0.0263333343 0.0468333343 0.0000000000
vertex -0.0245000010 0.0450000009 0.0000000000
vertex -0.0245000010 0.0468333343 0.0000000000
endloop
endfacet
facet normal 0 0 1
outer loop
vertex -0.0263333343 0.0468333343 0.0000000000
vertex -0.0263333343 0.0450000009 0.0000000000
vertex -0.0245000010 0.0450000009 0.0000000000
endloop
endfacet
facet normal 0 0 1
outer loop
vertex -0.0355000010 0.0450000009 0.0000000000
vertex -0.0336666677 0.0431666676 0.0000000000
vertex -0.0336666677 0.0450000009 0.0000000000
endloop
endfacet
facet normal 0 0 1
outer loop
vertex -0.0355000010 0.0450000009 0.0000000000
vertex -0.0355000010 0.0431666676 0.0000000000
vertex -0.0336666677 0.0431666676 0.0000000000
endloop
endfacet
facet normal 0 0 1
outer loop
vertex -0.0300000010 0.0450000009 0.0000000000
vertex -0.0281666677 0.0431666676 0.0000000000
vertex -0.0281666677 0.0450000009 0.0000000000
endloop
endfacet
facet normal 0 0 1
outer loop
vertex -0.0300000010 0.0450000009 0.0000000000
vertex -0.0300000010 0.0431666676 0.0000000000
vertex -0.0281666677 0.0431666676 0.0000000000
endloop
endfacet
facet normal 0 0 1
outer loop
vertex -0.0263333343 0.0450000009 0.0000000000
vertex -0.0245000010 0.0431666676 0.0000000000
vertex -0.0245000010 0.0450000009 0.0000000000
endloop
endfacet
facet normal 0 0 1
outer loop
vertex -0.0263333343 0.0450000009 0.0000000000
vertex -0.0263333343 0.0431666676 0.0000000000
vertex -0.0245000010 0.0431666676 0.0000000000
endloop
endfacet
facet normal 0 0 1
outer loop
vertex -0.0355000010 0.0431666676 0.0000000000
vertex -0.0336666677 0.0413333343 0.0000000000
vertex -0.0336666677 0.0431666676 0.0000000000
endloop
endfacet
facet normal 0 0 1
outer loop
vertex -0.0355000010 0.0431666676 0.0000000000
vertex -0.0355000010 0.0413333343 0.0000000000
vertex -0.0336666677 0.0413333343 0.0000000000
endloop
endfacet
facet normal 0 0 1
outer loop
vertex -0.0318333343 0.0431666676 0.0000000000
vertex -0.0300000010 0.0413333343 0.0000000000
vertex -0.0300000010 0.0431666676 0.0000000000
endloop
endfacet
facet normal 0 0 1
outer loop
vertex -0.0318333343 0.0431666676 0.0000000000
vertex -0.0318333343 0.0413333343 0.0000000000
vertex -0.0300000010 0.0413333343 0.0000000000
endloop
endfacet
facet normal 0 0 1
outer loop
vertex -0.0281666677 0.0431666676 0.0000000000
vertex -0.0263333343 0.0413333343 0.0000000000
vertex -0.0263333343 0.0431666676 0.0000000000
endloop
endfacet
facet normal 0 0 1
outer loop
vertex -0.0281666677 0.0431666676 0.0000000000
vertex -0.0281666677 0.0413333343 0.0000000000
vertex -0.0263333343 0.0413333343 0.0000000000
endloop
endfacet
facet normal 0 0 1
outer loop
vertex -0.0263333343 0.0431666676 0.0000000000
vertex -0.0245000010 0.0413333343 0.0000000000
vertex -0.0245000010 0.0431666676 0.0000000000
endloop
endfacet
facet normal 0 0 1
outer loop
vertex -0.0263333343 0.0431666676 0.0000000000
vertex -0.0263333343 0.0413333343 0.0000000000
vertex -0.0245000010 0.0413333343 0.0000000000
endloop
endfacet
facet normal 0 0 1
outer loop
vertex -0.0355000010 0.0413333343 0.0000000000
vertex -0.0336666677 0.0395000009 0.0000000000
vertex -0.0336666677 0.0413333343 0.0000000000
endloop
endfacet
facet normal 0 0 1
outer loop
vertex -0.0355000010 0.0413333343 0.0000000000
vertex -0.0355000010 0.0395000009 0.0000000000
vertex -0.0336666677 0.0395000009 0.0000000000
endloop
endfacet
facet normal 0 0 1
outer loop
vertex -0.0336666677 0.0413333343 0.0000000000
vertex -0.0318333343 0.0395000009 0.0000000000
vertex -0.0318333343 0.0413333343 0.0000000000
endloop
endfacet
facet normal 0 0 1
outer loop
vertex -0.0336666677 0.0413333343 0.0000000000
vertex -0.0336666677 0.0395000009 0.0000000000
vertex -0.0318333343 0.0395000009 0.0000000000
endloop
endfacet
facet normal 0 0 1
outer loop
vertex -0.0318333343 0.0413333343 0.0000000000
vertex -0.0300000010 0.0395000009 0.0000000000
vertex -0.0300000010 0.0413333343 0.0000000000
endloop
endfacet
facet normal 0 0 1
outer loop
vertex -0.0318333343 0.0413333343 0.0000000000
vertex -0.0318333343 0.0395000009 0.0000000000
vertex -0.0300000010 0.0395000009 0.0000000000
endloop
endfacet
facet normal 0 0 1
outer loop
vertex -0.0300000010 0.0413333343 0.0000000000
vertex -0.0281666677 0.0395000009 0.0000000000
vertex -0.0281666677 0.0413333343 0.0000000000
endloop
endfacet
facet normal 0 0 1
outer loop
vertex -0.0300000010 0.0413333343 0.0000000000
vertex -0.0300000010 0.0395000009 0.0000000000
vertex -0.0281666677 0.0395000009 0.0000000000
endloop
endfacet
facet normal 0 0 1
outer loop
vertex -0.0281666677 0.0413333343 0.0000000000
vertex -0.0263333343 0.0395000009 0.0000000000
vertex -0.0263333343 0.0413333343 0.0000000000
endloop
endfacet
facet normal 0 0 1
outer loop
vertex -0.0281666677 0.0413333343 0.0000000000
vertex -0.0281666677 0.0395000009 0.0000000000
vertex -0.0263333343 0.0395000009 0.0000000000
endloop
endfacet
facet normal 0 0 1
outer loop
vertex -0.0263333343 0.0413333343 0.0000000000
vertex -0.0245000010 0.0395000009 0.0000000000
vertex -0.0245000010 0.0413333343 0.0000000000
endloop
endfacet
facet normal 0 0 1
outer loop
vertex -0.0263333343 0.0413333343 0.0000000000
vertex -0.0263333343 0.0395000009 0.0000000000
vertex -0.0245000010 0.0395000009 0.0000000000
endloop
endfacet
facet normal 0 0 1
outer loop
vertex -0.0055000073 0.0505000009 0.0000000000
vertex -0.0036666739 0.0486666676 0.0000000000
vertex -0.0036666739 0.0505000009 0.0000000000
endloop
endfacet
facet normal 0 0 1
outer loop
vertex -0.0055000073 0.0505000009 0.0000000000
vertex -0.0055000073 0.0486666676 0.0000000000
vertex -0.0036666739 0.0486666676 0.0000000000
endloop
endfacet
facet normal 0 0 1
outer loop
vertex -0.0036666739 0.0505000009 0.0000000000
vertex -0.0018333406 0.0486666676 0.0000000000
vertex -0.0018333406 0.0505000009 0.0000000000
endloop
endfacet
facet normal 0 0 1
outer loop
vertex -0.0036666739 0.0505000009 0.0000000000
vertex -0.0036666739 0.0486666676 0.0000000000
vertex -0.0018333406 0.0486666676 0.0000000000
endloop
endfacet
facet normal 0 0 1
outer loop
vertex -0.0018333406 0.0505000009 0.0000000000
vertex -0.0000000073 0.0486666676 0.0000000000
vertex -0.0000000073 0.0505000009 0.0000000000
endloop
endfacet
facet normal 0 0 1
outer loop
vertex -0.0018333406 0.0505000009 0.0000000000
vertex -0.0018333406 0.0486666676 0.0000000000
vertex -0.0000000073 0.0486666676 0.0000000000
endloop
endfacet
facet normal 0 0 1
outer loop
vertex -0.0000000073 0.0505000009 0.0000000000
vertex 0.0018333261 0.0486666676 0.0000000000
vertex 0.0018333261 0.0505000009 0.0000000000
endloop
endfacet
facet normal 0 0 1
outer loop
vertex -0.0000000073 0.0505000009 0.0000000000
vertex -0.0000000073 0.0486666676 0.0000000000
vertex 0.0018333261 0.0486666676 0.0000000000
endloop
endfacet
facet normal 0 0 1
outer loop
vertex 0.0018333261 0.0505000009 0.0000000000
vertex 0.0036666594 0.0486666676 0.0000000000
vertex 0.0036666594 0.0505000009 0.0000000000
endloop
endfacet
facet normal 0 0 1
outer loop
vertex 0.0018333261 0.0505000009 0.0000000000
vertex 0.0018333261 0.0486666676 0.0000000000
vertex 0.0036666594 0.0486666676 0.0000000000
endloop
endfacet
facet normal 0 0 1
outer loop
vertex 0.0036666594 0.0505000009 0.0000000000
vertex 0.0054999927 0.0486666676 0.0000000000
vertex 0.0054999927 0.0505000009 0.0000000000
endloop
endfacet
facet normal 0 0 1
outer loop
vertex 0.0036666594 0.0505000009 0.0000000000
vertex 0.0036666594 0.0486666676 0.0000000000
vertex 0.0054999927 0.0486666676 0.0000000000
endloop
endfacet
facet normal 0 0 1
outer loop
vertex -0.0055000073 0.0486666676 0.0000000000
vertex -0.0036666739 0.0468333343 0.0000000000
vertex -0.0036666739 0.0486666676 0.0000000000
endloop
endfacet
facet normal 0 0 1
outer loop
vertex -0.0055000073 0.0486666676 0.0000000000
vertex -0.0055000073 0.0468333343 0.0000000000
vertex -0.0036666739 0.0468333343 0.0000000000
endloop
endfacet
facet normal 0 0 1
outer loop
vertex -0.0000000073 0.0486666676 0.0000000000
vertex 0.0018333261 0.0468333343 0.0000000000
vertex 0.0018333261 0.0486666676 0.0000000000
endloop
endfacet
facet normal 0 0 1
outer loop
vertex -0.0000000073 0.0486666676 0.0000000000
vertex -0.0000000073 0.0468333343 0.0000000000
vertex 0.0018333261 0.0468333343 0.0000000000
endloop
endfacet
facet normal 0 0 1
outer loop
vertex 0.0018333261 0.0486666676 0.0000000000
vertex 0.0036666594 0.0468333343 0.0000000000
vertex 0.0036666594 0.0486666676 0.0000000000
endloop
endfacet
facet normal 0 0 1
outer loop
vertex 0.0018333261 0.0486666676 0.0000000000
vertex 0.0018333261 0.0468333343 0.0000000000
vertex 0.0036666594 0.0468333343 0.0000000000
endloop
endfacet
facet normal 0 0 1
outer loop
vertex 0.0036666594 0.0486666676 0.0000000000
vertex 0.0054999927 0.0468333343 0.0000000000
vertex 0.0054999927 0.0486666676 0.0000000000
endloop
endfacet
facet normal 0 0 1
outer loop
vertex 0.0036666594 0.0486666676 0.0000000000
vertex 0.0036666594 0.0468333343 0.0000000000
vertex 0.0054999927 0.0468333343 0.0000000000
endloop
endfacet
facet normal 0 0 1
outer loop
vertex -0.0055000073 0.0468333343 0.0000000000
vertex -0.0036666739 0.0450000009 0.0000000000
vertex -0.0036666739 0.0468333343 0.0000000000
endloop
endfacet
facet normal 0 0 1
outer loop
vertex -0.0055000073 0.0468333343 0.0000000000
vertex -0.0055000073 0.0450000009 0.0000000000
vertex -0.0036666739 0.0450000009 0.0000000000
endloop
endfacet
facet normal 0 0 1
outer loop
vertex 0.0036666594 0.0468333343 0.0000000000
vertex 0.0054999927 0.0450000009 0.0000000000
vertex 0.0054999927 0.0468333343 0.0000000000
endloop
endfacet
facet normal 0 0 1
outer loop
vertex 0.0036666594 0.0468333343 0.0000000000
vertex 0.0036666594 0.0450000009 0.0000000000
vertex 0.0054999927 0.0450000009 0.0000000000
endloop
endfacet
facet normal 0 0 1
outer loop
vertex -0.0055000073 0.0450000009 0.0000000000
vertex -0.0036666739 0.0431666676 0.0000000000
vertex -0.0036666739 0.0450000009 0.0000000000
endloop
endfacet
facet normal 0 0 1
outer loop
vertex -0.0055000073 0.0450000009 0.0000000000
vertex -0.0055000073 0.0431666676 0.0000000000
vertex -0.0036666739 0.0431666676 0.0000000000
endloop
endfacet
facet normal 0 0 1
outer loop
vertex -0.0036666739 0.0450000009 0.0000000000
vertex -0.0018333406 0.0431666676 0.0000000000
vertex -0.0018333406 0.0450000009 0.0000000000
endloop
endfacet
facet normal 0 0 1
outer loop
vertex -0.0036666739 0.0450000009 0.0000000000
vertex -0.0036666739 0.0431666676 0.0000000000
vertex -0.0018333406 0.0431666676 0.0000000000
endloop
endfacet
facet normal 0 0 1
outer loop
vertex -0.0000000073 0.0450000009 0.0000000000
vertex 0.0018333261 0.0431666676 0.0000000000
vertex 0.0018333261 0.0450000009 0.0000000000
endloop
endfacet
facet normal 0 0 1
outer loop
vertex -0.0000000073 0.0450000009 0.0000000000
vertex -0.0000000073 0.0431666676 0.0000000000
vertex 0.0018333261 0.0431666676 0.0000000000
endloop
endfacet
facet normal 0 0 1
outer loop
vertex 0.0036666594 0.0450000009 0.0000000000
vertex 0.0054999927 0.0431666676 0.0000000000
vertex 0.0054999927 0.0450000009 0.0000000000
endloop
endfacet
facet normal 0 0 1
outer loop
vertex 0.0036666594 0.0450000009 0.0000000000
vertex 0.0036666594 0.0431666676 0.0000000000
vertex 0.0054999927 0.0431666676 0.0000000000
endloop
endfacet
facet normal 0 0 1
outer loop
vertex -0.0055000073 0.0431666676 0.0000000000
vertex -0.0036666739 0.0413333343 0.0000000000
vertex -0.0036666739 0.0431666676 0.0000000000
endloop
endfacet
facet normal 0 0 1
outer loop
vertex -0.0055000073 0.0431666676 0.0000000000
vertex -0.0055000073 0.0413333343 0.0000000000
vertex -0.0036666739 0.0413333343 0.0000000000
endloop
endfacet
facet normal 0 0 1
outer loop
vertex -0.0036666739 0.0431666676 0.0000000000
vertex -0.0018333406 0.0413333343 0.0000000000
vertex -0.0018333406 0.0431666676 0.0000000000
endloop
endfacet
facet normal 0 0 1
outer loop
vertex -0.0036666739 0.0431666676 0.0000000000
vertex -0.0036666739 0.0413333343 0.0000000000
vertex -0.0018333406 0.0413333343 0.0000000000
endloop
endfacet
facet normal 0 0 1
outer loop
vertex 0.0018333261 0.0431666676 0.0000000000
vertex 0.0036666594 0.0413333343 0.0000000000
vertex 0.0036666594 0.0431666676 0.0000000000
endloop
endfacet
facet normal 0 0 1
outer loop
vertex 0.0018333261 0.0431666676 0.0000000000
vertex 0.0018333261 0.0413333343 0.0000000000
vertex 0.0036666594 0.0413333343 0.0000000000
endloop
endfacet
facet normal 0 0 1
outer loop
vertex 0.0036666594 0.0431666676 0.0000000000
vertex 0.0054999927 0.0413333343 0.0000000000
vertex 0.0054999927 0.0431666676 0.0000000000
endloop
endfacet
facet normal 0 0 1
outer loop
vertex 0.0036666594 0.0431666676 0.0000000000
vertex 0.0036666594 0.0413333343 0.0000000000
vertex 0.0054999927 0.0413333343 0.0000000000
endloop
endfacet
facet normal 0 0 1
outer loop
vertex -0.0055000073 0.0413333343 0.0000000000
vertex -0.0036666739 0.0395000009 0.0000000000
vertex -0.0036666739 0.0413333343 0.0000000000
endloop
endfacet
facet normal 0 0 1
outer loop
vertex -0.0055000073 0.0413333343 0.0000000000
vertex -0.0055000073 0.0395000009 0.0000000000
vertex -0.0036666739 0.0395000009 0.0000000000
endloop
endfacet
facet normal 0 0 1
outer loop
vertex -0.0036666739 0.0413333343 0.0000000000
vertex -0.0018333406 0.0395000009 0.0000000000
vertex -0.0018333406 0.0413333343 0.0000000000
endloop
endfacet
facet normal 0 0 1
outer loop
vertex -0.0036666739 0.0413333343 0.0000000000
vertex -0.0036666739 0.0395000009 0.0000000000
vertex -0.0018333406 0.0395000009 0.0000000000
endloop
endfacet
facet normal 0 0 1
outer loop
vertex -0.0018333406 0.0413333343 0.0000000000
vertex -0.0000000073 0.0395000009 0.0000000000
vertex -0.0000000073 0.0413333343 0.0000000000
endloop
endfacet
facet normal 0 0 1
outer loop
vertex -0.0018333406 0.0413333343 0.0000000000
vertex -0.0018333406 0.0395000009 0.0000000000
vertex -0.0000000073 0.0395000009 0.0000000000
endloop
endfacet
facet normal 0 0 1
outer loop
vertex -0.0000000073 0.0413333343 0.0000000000
vertex 0.0018333261 0.0395000009 0.0000000000
vertex 0.0018333261 0.0413333343 0.0000000000
endloop
endfacet
facet normal 0 0 1
outer loop
vertex -0.0000000073 0.0413333343 0.0000000000
vertex -0.0000000073 0.0395000009 0.0000000000
vertex 0.0018333261 0.0395000009 0.0000000000
endloop
endfacet
facet normal 0 0 1
outer loop
vertex 0.0018333261 0.0413333343 0.0000000000
vertex 0.0036666594 0.0395000009 0.0000000000
vertex 0.0036666594 0.0413333343 0.0000000000
endloop
endfacet
facet normal 0 0 1
outer loop
vertex 0.0018333261 0.0413333343 0.0000000000
vertex 0.0018333261 0.0395000009 0.0000000000
vertex 0.0036666594 0.0395000009 0.0000000000
endloop
endfacet
facet normal 0 0 1
outer loop
vertex 0.0036666594 0.0413333343 0.0000000000
vertex 0.0054999927 0.0395000009 0.0000000000
vertex 0.0054999927 0.0413333343 0.0000000000
endloop
endfacet
facet normal 0 0 1
outer loop
vertex 0.0036666594 0.0413333343 0.0000000000
vertex 0.0036666594 0.0395000009 0.0000000000
vertex 0.0054999927 0.0395000009 0.0000000000
endloop
endfacet
facet normal 0 0 1
outer loop
vertex 0.0244999939 0.0505000009 0.0000000000
vertex 0.0263333273 0.0486666676 0.0000000000
vertex 0.0263333273 0.0505000009 0.0000000000
endloop
endfacet
facet normal 0 0 1
outer loop
vertex 0.0244999939 0.0505000009 0.0000000000
vertex 0.0244999939 0.0486666676 0.0000000000
vertex 0.0263333273 0.0486666676 0.0000000000
endloop
endfacet
facet normal 0 0 1
outer loop
vertex 0.0263333273 0.0505000009 0.0000000000
vertex 0.0281666606 0.0486666676 0.0000000000
vertex 0.0281666606 0.0505000009 0.0000000000
endloop
endfacet
facet normal 0 0 1
outer loop
vertex 0.0263333273 0.0505000009 0.0000000000
vertex 0.0263333273 0.0486666676 0.0000000000
vertex 0.0281666606 0.0486666676 0.0000000000
endloop
endfacet
facet normal 0 0 1
outer loop
vertex 0.0281666606 0.0505000009 0.0000000000
vertex 0.0299999939 0.0486666676 0.0000000000
vertex 0.0299999939 0.0505000009 0.0000000000
endloop
endfacet
facet normal 0 0 1
outer loop
vertex 0.0281666606 0.0505000009 0.0000000000
vertex 0.0281666606 0.0486666676 0.0000000000
vertex 0.0299999939 0.0486666676 0.0000000000
endloop
endfacet
facet normal 0 0 1
outer loop
vertex 0.0299999939 0.0505000009 0.0000000000
vertex 0.0318333273 0.0486666676 0.0000000000
vertex 0.0318333273 0.0505000009 0.0000000000
endloop
endfacet
facet normal 0 0 1
outer loop
vertex 0.0299999939 0.0505000009 0.0000000000
vertex 0.0299999939 0.0486666676 0.0000000000
vertex 0.0318333273 0.0486666676 0.0000000000
endloop
endfacet
facet normal 0 0 1
outer loop
vertex 0.0318333273 0.0505000009 0.0000000000
vertex 0.0336666606 0.0486666676 0.0000000000
vertex 0.0336666606 0.0505000009 0.0000000000
endloop
endfacet
facet normal 0 0 1
outer loop
vertex 0.0318333273 0.0505000009 0.0000000000
vertex 0.0318333273 0.0486666676 0.0000000000
vertex 0.0336666606 0.0486666676 0.0000000000
endloop
endfacet
facet normal 0 0 1
outer loop
vertex 0.0336666606 0.0505000009 0.0000000000
vertex 0.0354999939 0.0486666676 0.0000000000
vertex 0.0354999939 0.0505000009 0.0000000000
endloop
endfacet
facet normal 0 0 1
outer loop
vertex 0.0336666606 0.0505000009 0.0000000000
vertex 0.0336666606 0.0486666676 0.0000000000
vertex 0.0354999939 0.0486666676 0.0000000000
endloop
endfacet
facet normal 0 0 1
outer loop
vertex 0.0244999939 0.0486666676 0.0000000000
vertex 0.0263333273 0.0468333343 0.0000000000
vertex 0.0263333273 0.0486666676 0.0000000000
endloop
endfacet
facet normal 0 0 1
outer loop
vertex 0.0244999939 0.0486666676 0.0000000000
vertex 0.0244999939 0.0468333343 0.0000000000
vertex 0.0263333273 0.0468333343 0.0000000000
endloop
endfacet
facet normal 0 0 1
outer loop
vertex 0.0336666606 0.0486666676 0.0000000000
vertex 0.0354999939 0.0468333343 0.0000000000
vertex 0.0354999939 0.0486666676 0.0000000000
endloop
endfacet
facet normal 0 0 1
outer loop
vertex 0.0336666606 0.0486666676 0.0000000000
vertex 0.0336666606 0.0468333343 0.0000000000
vertex 0.0354999939 0.0468333343 0.0000000000
endloop
endfacet
facet normal 0 0 1
outer loop
vertex 0.0244999939 0.0468333343 0.0000000000
vertex 0.0263333273 0.0450000009 0.0000000000
vertex 0.0263333273 0.0468333343 0.0000000000
endloop
endfacet
facet normal 0 0 1
outer loop
vertex 0.0244999939 0.0468333343 0.0000000000
vertex 0.0244999939 0.0450000009 0.0000000000
vertex 0.0263333273 0.0450000009 0.0000000000
endloop
endfacet
facet normal 0 0 1
outer loop
vertex 0.0281666606 0.0468333343 0.0000000000
vertex 0.0299999939 0.0450000009 0.0000000000
vertex 0.0299999939 0.0468333343 0.0000000000
endloop
endfacet
facet normal 0 0 1
outer loop
vertex 0.0281666606 0.0468333343 0.0000000000
vertex 0.0281666606 0.0450000009 0.0000000000
vertex 0.0299999939 0.0450000009 0.0000000000
endloop
endfacet
facet normal 0 0 1
outer loop
vertex 0.0299999939 0.0468333343 0.0000000000
vertex 0.0318333273 0.0450000009 0.0000000000
vertex 0.0318333273 0.0468333343 0.0000000000
endloop
endfacet
facet normal 0 0 1
outer loop
vertex 0.0299999939 0.0468333343 0.0000000000
vertex 0.0299999939 0.0450000009 0.0000000000
vertex 0.0318333273 0.0450000009 0.0000000000
endloop
endfacet
facet normal 0 0 1
outer loop
vertex 0.0336666606 0.0468333343 0.0000000000
vertex 0.0354999939 0.0450000009 0.0000000000
vertex 0.0354999939 0.0468333343 0.0000000000
endloop
endfacet
facet normal 0 0 1
outer loop
vertex 0.0336666606 0.0468333343 0.0000000000
vertex 0.0336666606 0.0450000009 0.0000000000
vertex 0.0354999939 0.0450000009 0.0000000000
endloop
endfacet
facet normal 0 0 1
outer loop
vertex 0.0244999939 0.0450000009 0.0000000000
vertex 0.0263333273 0.0431666676 0.0000000000
vertex 0.0263333273 0.0450000009 0.0000000000
endloop
endfacet
facet normal 0 0 1
outer loop
vertex 0.0244999939 0.0450000009 0.0000000000
vertex 0.0244999939 0.0431666676 0.0000000000
vertex 0.0263333273 0.0431666676 0.0000000000
endloop
endfacet
facet normal 0 0 1
outer loop
vertex 0.0281666606 0.0450000009 0.0000000000
vertex 0.0299999939 0.0431666676 0.0000000000
vertex 0.0299999939 0.0450000009 0.0000000000
endloop
endfacet
facet normal 0 0 1
outer loop
vertex 0.0281666606 0.0450000009 0.0000000000
vertex 0.0281666606 0.0431666676 0.0000000000
vertex 0.0299999939 0.0431666676 0.0000000000
endloop
endfacet
facet normal 0 0 1
outer loop
vertex 0.0299999939 0.0450000009 0.0000000000
vertex 0.0318333273 0.0431666676 0.0000000000
vertex 0.0318333273 0.0450000009 0.0000000000
endloop
endfacet
facet normal 0 0 1
outer loop
vertex 0.0299999939 0.0450000009 0.0000000000
vertex 0.0299999939 0.0431666676 0.0000000000
vertex 0.0318333273 0.0431666676 0.0000000000
endloop
endfacet
facet normal 0 0 1
outer loop
vertex 0.0336666606 0.0450000009 0.0000000000
vertex 0.0354999939 0.0431666676 0.0000000000
vertex 0.0354999939 0.0450000009 0.0000000000
endloop
endfacet
facet normal 0 0 1
outer loop
vertex 0.0336666606 0.0450000009 0.0000000000
vertex 0.0336666606 0.0431666676 0.0000000000
vertex 0.0354999939 0.0431666676 0.0000000000
endloop
endfacet
facet normal 0 0 1
outer loop
vertex 0.0244999939 0.0431666676 0.0000000000
vertex 0.0263333273 0.0413333343 0.0000000000
vertex 0.0263333273 0.0431666676 0.0000000000
endloop
endfacet
facet normal 0 0 1
outer loop
vertex 0.0244999939 0.0431666676 0.0000000000
vertex 0.0244999939 0.0413333343 0.0000000000
vertex 0.0263333273 0.0413333343 0.0000000000
endloop
endfacet
facet normal 0 0 1
outer loop
vertex 0.0263333273 0.0431666676 0.0000000000
vertex 0.0281666606 0.0413333343 0.0000000000
vertex 0.0281666606 0.0431666676 0.0000000000
endloop
endfacet
facet normal 0 0 1
outer loop
vertex 0.0263333273 0.0431666676 0.0000000000
vertex 0.0263333273 0.0413333343 0.0000000000
vertex 0.0281666606 0.0413333343 0.0000000000
endloop
endfacet
facet normal 0 0 1
outer loop
vertex 0.0281666606 0.0431666676 0.0000000000
vertex 0.0299999939 0.0413333343 0.0000000000
vertex 0.0299999939 0.0431666676 0.0000000000
endloop
endfacet
facet normal 0 0 1
outer loop
vertex 0.0281666606 0.0431666676 0.0000000000
vertex 0.0281666606 0.0413333343 0.0000000000
vertex 0.0299999939 0.0413333343 0.0000000000
endloop
endfacet
facet normal 0 0 1
outer loop
vertex 0.0299999939 0.0431666676 0.0000000000
vertex 0.0318333273 0.0413333343 0.0000000000
vertex 0.0318333273 0.0431666676 0.0000000000
endloop
endfacet
facet normal 0 0 1
outer loop
vertex 0.0299999939 0.0431666676 0.0000000000
vertex 0.0299999939 0.0413333343 0.0000000000
vertex 0.0318333273 0.0413333343 0.0000000000
endloop
endfacet
facet normal 0 0 1
outer loop
vertex 0.0336666606 0.0431666676 0.0000000000
vertex 0.0354999939 0.0413333343 0.0000000000
vertex 0.0354999939 0.0431666676 0.0000000000
endloop
endfacet
facet normal 0 0 1
outer loop
vertex 0.0336666606 0.0431666676 0.0000000000
vertex 0.0336666606 0.0413333343 0.0000000000
vertex 0.0354999939 0.0413333343 0.0000000000
endloop
endfacet
facet normal 0 0 1
outer loop
vertex 0.0244999939 0.0413333343 0.0000000000
vertex 0.0263333273 0.0395000009 0.0000000000
vertex 0.0263333273 0.0413333343 0.0000000000
endloop
endfacet
facet normal 0 0 1
outer loop
vertex 0.0244999939 0.0413333343 0.0000000000
vertex 0.0244999939 0.0395000009 0.0000000000
vertex 0.0263333273 0.0395000009 0.0000000000
endloop
endfacet
facet normal 0 0 1
outer loop
vertex 0.0263333273 0.0413333343 0.0000000000
vertex 0.0281666606 0.0395000009 0.0000000000
vertex 0.0281666606 0.0413333343 0.0000000000
endloop
endfacet
facet normal 0 0 1
outer loop
vertex 0.0263333273 0.0413333343 0.0000000000
vertex 0.0263333273 0.0395000009 0.0000000000
vertex 0.0281666606 0.0395000009 0.0000000000
endloop
endfacet
facet normal 0 0 1
outer loop
vertex 0.0281666606 0.0413333343 0.0000000000
vertex 0.0299999939 0.0395000009 0.0000000000
vertex 0.0299999939 0.0413333343 0.0000000000
endloop
endfacet
facet normal 0 0 1
outer loop
vertex 0.0281666606 0.0413333343 0.0000000000
vertex 0.0281666606 0.0395000009 0.0000000000
vertex 0.0299999939 0.0395000009 0.0000000000
endloop
endfacet
facet normal 0 0 1
outer loop
vertex 0.0299999939 0.0413333343 0.0000000000
vertex 0.0318333273 0.0395000009 0.0000000000
vertex 0.0318333273 0.0413333343 0.0000000000
endloop
endfacet
facet normal 0 0 1
outer loop
vertex 0.0299999939 0.0413333343 0.0000000000
vertex 0.0299999939 0.0395000009 0.0000000000
vertex 0.0318333273 0.0395000009 0.0000000000
endloop
endfacet
facet normal 0 0 1
outer loop
vertex 0.0318333273 0.0413333343 0.0000000000
vertex 0.0336666606 0.0395000009 0.0000000000
vertex 0.0336666606 0.0413333343 0.0000000000
endloop
endfacet
facet normal 0 0 1
outer loop
vertex 0.0318333273 0.0413333343 0.0000000000
vertex 0.0318333273 0.0395000009 0.0000000000
vertex 0.0336666606 0.0395000009 0.0000000000
endloop
endfacet
facet normal 0 0 1
outer loop
vertex 0.0336666606 0.0413333343 0.0000000000
vertex 0.0354999939 0.0395000009 0.0000000000
vertex 0.0354999939 0.0413333343 0.0000000000
endloop
endfacet
facet normal 0 0 1
outer loop
vertex 0.0336666606 0.0413333343 0.0000000000
vertex 0.0336666606 0.0395000009 0.0000000000
vertex 0.0354999939 0.0395000009 0.0000000000
endloop
endfacet
facet normal 0 0 1
outer loop
vertex 0.0544999951 0.0505000009 0.0000000000
vertex 0.0563333284 0.0486666676 0.0000000000
vertex 0.0563333284 0.0505000009 0.0000000000
endloop
endfacet
facet normal 0 0 1
outer loop
vertex 0.0544999951 0.0505000009 0.0000000000
vertex 0.0544999951 0.0486666676 0.0000000000
vertex 0.0563333284 0.0486666676 0.0000000000
endloop
endfacet
facet normal 0 0 1
outer loop
vertex 0.0563333284 0.0505000009 0.0000000000
vertex 0.0581666618 0.0486666676 0.0000000000
vertex 0.0581666618 0.0505000009 0.0000000000
endloop
endfacet
facet normal 0 0 1
outer loop
vertex 0.0563333284 0.0505000009 0.0000000000
vertex 0.0563333284 0.0486666676 0.0000000000
vertex 0.0581666618 0.0486666676 0.0000000000
endloop
endfacet
facet normal 0 0 1
outer loop
vertex 0.0581666618 0.0505000009 0.0000000000
vertex 0.0599999951 0.0486666676 0.0000000000
vertex 0.0599999951 0.0505000009 0.0000000000
endloop
endfacet
facet normal 0 0 1
outer loop
vertex 0.0581666618 0.0505000009 0.0000000000
vertex 0.0581666618 0.0486666676 0.0000000000
vertex 0.0599999951 0.0486666676 0.0000000000
endloop
endfacet
facet normal 0 0 1
outer loop
vertex 0.0599999951 0.0505000009 0.0000000000
vertex 0.0618333284 0.0486666676 0.0000000000
vertex 0.0618333284 0.0505000009 0.0000000000
endloop
endfacet
facet normal 0 0 1
outer loop
vertex 0.0599999951 0.0505000009 0.0000000000
vertex 0.0599999951 0.0486666676 0.0000000000
vertex 0.0618333284 0.0486666676 0.0000000000
endloop
endfacet
facet normal 0 0 1
outer loop
vertex 0.0618333284 0.0505000009 0.0000000000
vertex 0.0636666618 0.0486666676 0.0000000000
vertex 0.0636666618 0.0505000009 0.0000000000
endloop
endfacet
facet normal 0 0 1
outer loop
vertex 0.0618333284 0.0505000009 0.0000000000
vertex 0.0618333284 0.0486666676 0.0000000000
vertex 0.0636666618 0.0486666676 0.0000000000
endloop
endfacet
facet normal 0 0 1
outer loop
vertex 0.0636666618 0.0505000009 0.0000000000
vertex 0.0654999951 0.0486666676 0.0000000000
vertex 0.0654999951 0.0505000009 0.0000000000
endloop
endfacet
facet normal 0 0 1
outer loop
vertex 0.0636666618 0.0505000009 0.0000000000
vertex 0.0636666618 0.0486666676 0.0000000000
vertex 0.0654999951 0.0486666676 0.0000000000
endloop
endfacet
facet normal 0 0 1
outer loop
vertex 0.0544999951 0.0486666676 0.0000000000
vertex 0.0563333284 0.0468333343 0.0000000000
vertex 0.0563333284 0.0486666676 0.0000000000
endloop
endfacet
facet normal 0 0 1
outer loop
vertex 0.0544999951 0.0486666676 0.0000000000
vertex 0.0544999951 0.0468333343 0.0000000000
vertex 0.0563333284 0.0468333343 0.0000000000
endloop
endfacet
facet normal 0 0 1
outer loop
vertex 0.0563333284 0.0486666676 0.0000000000
vertex 0.0581666618 0.0468333343 0.0000000000
vertex 0.0581666618 0.0486666676 0.0000000000
endloop
endfacet
facet normal 0 0 1
outer loop
vertex 0.0563333284 0.0486666676 0.0000000000
vertex 0.0563333284 0.0468333343 0.0000000000
vertex 0.0581666618 0.0468333343 0.0000000000
endloop
endfacet
facet normal 0 0 1
outer loop
vertex 0.0581666618 0.0486666676 0.0000000000
vertex 0.0599999951 0.0468333343 0.0000000000
vertex 0.0599999951 0.0486666676 0.0000000000
endloop
endfacet
facet normal 0 0 1
outer loop
vertex 0.0581666618 0.0486666676 0.0000000000
vertex 0.0581666618 0.0468333343 0.0000000000
vertex 0.0599999951 0.0468333343 0.0000000000
endloop
endfacet
facet normal 0 0 1
outer loop
vertex 0.0599999951 0.0486666676 0.0000000000
vertex 0.0618333284 0.0468333343 0.0000000000
vertex 0.0618333284 0.0486666676 0.0000000000
endloop
endfacet
facet normal 0 0 1
outer loop
vertex 0.0599999951 0.0486666676 0.0000000000
vertex 0.0599999951 0.0468333343 0.0000000000
vertex 0.0618333284 0.0468333343 0.0000000000
endloop
endfacet
facet normal 0 0 1
outer loop
vertex 0.0636666618 0.0486666676 0.0000000000
vertex 0.0654999951 0.0468333343 0.0000000000
vertex 0.0654999951 0.0486666676 0.0000000000
endloop
endfacet
facet normal 0 0 1
outer loop
vertex 0.0636666618 0.0486666676 0.0000000000
vertex 0.0636666618 0.0468333343 0.0000000000
vertex 0.0654999951 0.0468333343 0.0000000000
endloop
endfacet
facet normal 0 0 1
outer loop
vertex 0.0544999951 0.0468333343 0.0000000000
vertex 0.0563333284 0.0450000009 0.0000000000
vertex 0.0563333284 0.0468333343 0.0000000000
endloop
endfacet
facet normal 0 0 1
outer loop
vertex 0.0544999951 0.0468333343 0.0000000000
vertex 0.0544999951 0.0450000009 0.0000000000
vertex 0.0563333284 0.0450000009 0.0000000000
endloop
endfacet
facet normal 0 0 1
outer loop
vertex 0.0563333284 0.0468333343 0.0000000000
vertex 0.0581666618 0.0450000009 0.0000000000
vertex 0.0581666618 0.0468333343 0.0000000000
endloop
endfacet
facet normal 0 0 1
outer loop
vertex 0.0563333284 0.0468333343 0.0000000000
vertex 0.0563333284 0.0450000009 0.0000000000
vertex 0.0581666618 0.0450000009 0.0000000000
endloop
endfacet
facet normal 0 0 1
outer loop
vertex 0.0581666618 0.0468333343 0.0000000000
vertex 0.0599999951 0.0450000009 0.0000000000
vertex 0.0599999951 0.0468333343 0.0000000000
endloop
endfacet
facet normal 0 0 1
outer loop
vertex 0.0581666618 0.0468333343 0.0000000000
vertex 0.0581666618 0.0450000009 0.0000000000
vertex 0.0599999951 0.0450000009 0.0000000000
endloop
endfacet
facet normal 0 0 1
outer loop
vertex 0.0599999951 0.0468333343 0.0000000000
vertex 0.0618333284 0.0450000009 0.0000000000
vertex 0.0618333284 0.0468333343 0.0000000000
endloop
endfacet
facet normal 0 0 1
outer loop
vertex 0.0599999951 0.0468333343 0.0000000000
vertex 0.0599999951 0.0450000009 0.0000000000
vertex 0.0618333284 0.0450000009 0.0000000000
endloop
endfacet
facet normal 0 0 1
outer loop
vertex 0.0636666618 0.0468333343 0.0000000000
vertex 0.0654999951 0.0450000009 0.0000000000
vertex 0.0654999951 0.0468333343 0.0000000000
endloop
endfacet
facet normal 0 0 1
outer loop
vertex 0.0636666618 0.0468333343 0.0000000000
vertex 0.0636666618 0.0450000009 0.0000000000
vertex 0.0654999951 0.0450000009 0.0000000000
endloop
endfacet
facet normal 0 0 1
outer loop
vertex 0.0544999951 0.0450000009 0.0000000000
vertex 0.0563333284 0.0431666676 0.0000000000
vertex 0.0563333284 0.0450000009 0.0000000000
endloop
endfacet
facet normal 0 0 1
outer loop
vertex 0.0544999951 0.0450000009 0.0000000000
vertex 0.0544999951 0.0431666676 0.0000000000
vertex 0.0563333284 0.0431666676 0.0000000000
endloop
endfacet
facet normal 0 0 1
outer loop
vertex 0.0581666618 0.0450000009 0.0000000000
vertex 0.0599999951 0.0431666676 0.0000000000
vertex 0.0599999951 0.0450000009 0.0000000000
endloop
endfacet
facet normal 0 0 1
outer loop
vertex 0.0581666618 0.0450000009 0.0000000000
vertex 0.0581666618 0.0431666676 0.0000000000
vertex 0.0599999951 0.0431666676 0.0000000000
endloop
endfacet
facet normal 0 0 1
outer loop
vertex 0.0618333284 0.0450000009 0.0000000000
vertex 0.0636666618 0.0431666676 0.0000000000
vertex 0.0636666618 0.0450000009 0.0000000000
endloop
endfacet
facet normal 0 0 1
outer loop
vertex 0.0618333284 0.0450000009 0.0000000000
vertex 0.0618333284 0.0431666676 0.0000000000
vertex 0.0636666618 0.0431666676 0.0000000000
endloop
endfacet
facet normal 0 0 1
outer loop
vertex 0.0636666618 0.0450000009 0.0000000000
vertex 0.0654999951 0.0431666676 0.0000000000
vertex 0.0654999951 0.0450000009 0.0000000000
endloop
endfacet
facet normal 0 0 1
outer loop
vertex 0.0636666618 0.0450000009 0.0000000000
vertex 0.0636666618 0.0431666676 0.0000000000
vertex 0.0654999951 0.0431666676 0.0000000000
endloop
endfacet
facet normal 0 0 1
outer loop
vertex 0.0544999951 0.0431666676 0.0000000000
vertex 0.0563333284 0.0413333343 0.0000000000
vertex 0.0563333284 0.0431666676 0.0000000000
endloop
endfacet
facet normal 0 0 1
outer loop
vertex 0.0544999951 0.0431666676 0.0000000000
vertex 0.0544999951 0.0413333343 0.0000000000
vertex 0.0563333284 0.0413333343 0.0000000000
endloop
endfacet
facet normal 0 0 1
outer loop
vertex 0.0563333284 0.0431666676 0.0000000000
vertex 0.0581666618 0.0413333343 0.0000000000
vertex 0.0581666618 0.0431666676 0.0000000000
endloop
endfacet
facet normal 0 0 1
outer loop
vertex 0.0563333284 0.0431666676 0.0000000000
vertex 0.0563333284 0.0413333343 0.0000000000
vertex 0.0581666618 0.0413333343 0.0000000000
endloop
endfacet
facet normal 0 0 1
outer loop
vertex 0.0636666618 0.0431666676 0.0000000000
vertex 0.0654999951 0.0413333343 0.0000000000
vertex 0.0654999951 0.0431666676 0.0000000000
endloop
endfacet
facet normal 0 0 1
outer loop
vertex 0.0636666618 0.0431666676 0.0000000000
vertex 0.0636666618 0.0413333343 0.0000000000
vertex 0.0654999951 0.0413333343 0.0000000000
endloop
endfacet
facet normal 0 0 1
outer loop
vertex 0.0544999951 0.0413333343 0.0000000000
vertex 0.0563333284 0.0395000009 0.0000000000
vertex 0.0563333284 0.0413333343 0.0000000000
endloop
endfacet
facet normal 0 0 1
outer loop
vertex 0.0544999951 0.0413333343 0.0000000000
vertex 0.0544999951 0.0395000009 0.0000000000
vertex 0.0563333284 0.0395000009 0.0000000000
endloop
endfacet
facet normal 0 0 1
outer loop
vertex 0.0563333284 0.0413333343 0.0000000000
vertex 0.0581666618 0.0395000009 0.0000000000
vertex 0.0581666618 0.0413333343 0.0000000000
endloop
endfacet
facet normal 0 0 1
outer loop
vertex 0.0563333284 0.0413333343 0.0000000000
vertex 0.0563333284 0.0395000009 0.0000000000
vertex 0.0581666618 0.0395000009 0.0000000000
endloop
endfacet
facet normal 0 0 1
outer loop
vertex 0.0581666618 0.0413333343 0.0000000000
vertex 0.0599999951 0.0395000009 0.0000000000
vertex 0.0599999951 0.0413333343 0.0000000000
endloop
endfacet
facet normal 0 0 1
outer loop
vertex 0.0581666618 0.0413333343 0.0000000000
vertex 0.0581666618 0.0395000009 0.0000000000
vertex 0.0599999951 0.0395000009 0.0000000000
endloop
endfacet
facet normal 0 0 1
outer loop
vertex 0.0599999951 0.0413333343 0.0000000000
vertex 0.0618333284 0.0395000009 0.0000000000
vertex 0.0618333284 0.0413333343 0.0000000000
endloop
endfacet
facet normal 0 0 1
outer loop
vertex 0.0599999951 0.0413333343 0.0000000000
vertex 0.0599999951 0.0395000009 0.0000000000
vertex 0.0618333284 0.0395000009 0.0000000000
endloop
endfacet
facet normal 0 0 1
outer loop
vertex 0.0618333284 0.0413333343 0.0000000000
vertex 0.0636666618 0.0395000009 0.0000000000
vertex 0.0636666618 0.0413333343 0.0000000000
endloop
endfacet
facet normal 0 0 1
outer loop
vertex 0.0618333284 0.0413333343 0.0000000000
vertex 0.0618333284 0.0395000009 0.0000000000
vertex 0.0636666618 0.0395000009 0.0000000000
endloop
endfacet
facet normal 0 0 1
outer loop
vertex 0.0636666618 0.0413333343 0.0000000000
vertex 0.0654999951 0.0395000009 0.0000000000
vertex 0.0654999951 0.0413333343 0.0000000000
endloop
endfacet
facet normal 0 0 1
outer loop
vertex 0.0636666618 0.0413333343 0.0000000000
vertex 0.0636666618 0.0395000009 0.0000000000
vertex 0.0654999951 0.0395000009 0.0000000000
endloop
endfacet
facet normal 0 0 1
outer loop
vertex 0.0844999963 0.0505000009 0.0000000000
vertex 0.0863333296 0.0486666676 0.0000000000
vertex 0.0863333296 0.0505000009 0.0000000000
endloop
endfacet
facet normal 0 0 1
outer loop
vertex 0.0844999963 0.0505000009 0.0000000000
vertex 0.0844999963 0.0486666676 0.0000000000
vertex 0.0863333296 0.0486666676 0.0000000000
endloop
endfacet
facet normal 0 0 1
outer loop
vertex 0.0863333296 0.0505000009 0.0000000000
vertex 0.0881666630 0.0486666676 0.0000000000
vertex 0.0881666630 0.0505000009 0.0000000000
endloop
endfacet
facet normal 0 0 1
outer loop
vertex 0.0863333296 0.0505000009 0.0000000000
vertex 0.0863333296 0.0486666676 0.0000000000
vertex 0.0881666630 0.0486666676 0.0000000000
endloop
endfacet
facet normal 0 0 1
outer loop
vertex 0.0881666630 0.0505000009 0.0000000000
vertex 0.0899999963 0.0486666676 0.0000000000
vertex 0.0899999963 0.0505000009 0.0000000000
endloop
endfacet
facet normal 0 0 1
outer loop
vertex 0.0881666630 0.0505000009 0.0000000000
vertex 0.0881666630 0.0486666676 0.0000000000
vertex 0.0899999963 0.0486666676 0.0000000000
endloop
endfacet
facet normal 0 0 1
outer loop
vertex 0.0899999963 0.0505000009 0.0000000000
vertex 0.0918333296 0.0486666676 0.0000000000
vertex 0.0918333296 0.0505000009 0.0000000000
endloop
endfacet
facet normal 0 0 1
outer loop
vertex 0.0899999963 0.0505000009 0.0000000000
vertex 0.0899999963 0.0486666676 0.0000000000
vertex 0.0918333296 0.0486666676 0.0000000000
endloop
endfacet
facet normal 0 0 1
outer loop
vertex 0.0918333296 0.0505000009 0.0000000000
vertex 0.0936666630 0.0486666676 0.0000000000
vertex 0.0936666630 0.0505000009 0.0000000000
endloop
endfacet
facet normal 0 0 1
outer loop
vertex 0.0918333296 0.0505000009 0.0000000000
vertex 0.0918333296 0.0486666676 0.0000000000
vertex 0.0936666630 0.0486666676 0.0000000000
endloop
endfacet
facet normal 0 0 1
outer loop
vertex 0.0936666630 0.0505000009 0.0000000000
vertex 0.0954999963 0.0486666676 0.0000000000
vertex 0.0954999963 0.0505000009 0.0000000000
endloop
endfacet
facet normal 0 0 1
outer loop
vertex 0.0936666630 0.0505000009 0.0000000000
vertex 0.0936666630 0.0486666676 0.0000000000
vertex 0.0954999963 0.0486666676 0.0000000000
endloop
endfacet
facet normal 0 0 1
outer loop
vertex 0.0844999963 0.0486666676 0.0000000000
vertex 0.0863333296 0.0468333343 0.0000000000
vertex 0.0863333296 0.0486666676 0.0000000000
endloop
endfacet
facet normal 0 0 1
outer loop
vertex 0.0844999963 0.0486666676 0.0000000000
vertex 0.0844999963 0.0468333343 0.0000000000
vertex 0.0863333296 0.0468333343 0.0000000000
endloop
endfacet
facet normal 0 0 1
outer loop
vertex 0.0863333296 0.0486666676 0.0000000000
vertex 0.0881666630 0.0468333343 0.0000000000
vertex 0.0881666630 0.0486666676 0.0000000000
endloop
endfacet
facet normal 0 0 1
outer loop
vertex 0.0863333296 0.0486666676 0.0000000000
vertex 0.0863333296 0.0468333343 0.0000000000
vertex 0.0881666630 0.0468333343 0.0000000000
endloop
endfacet
facet normal 0 0 1
outer loop
vertex 0.0881666630 0.0486666676 0.0000000000
vertex 0.0899999963 0.0468333343 0.0000000000
vertex 0.0899999963 0.0486666676 0.0000000000
endloop
endfacet
facet normal 0 0 1
outer loop
vertex 0.0881666630 0.0486666676 0.0000000000
vertex 0.0881666630 0.0468333343 0.0000000000
vertex 0.0899999963 0.0468333343 0.0000000000
endloop
endfacet
facet normal 0 0 1
outer loop
vertex 0.0899999963 0.0486666676 0.0000000000
vertex 0.0918333296 0.0468333343 0.0000000000
vertex 0.0918333296 0.0486666676 0.0000000000
endloop
endfacet
facet normal 0 0 1
outer loop
vertex 0.0899999963 0.0486666676 0.0000000000
vertex 0.0899999963 0.0468333343 0.0000000000
vertex 0.0918333296 0.0468333343 0.0000000000
endloop
endfacet
facet normal 0 0 1
outer loop
vertex 0.0918333296 0.0486666676 0.0000000000
vertex 0.0936666630 0.0468333343 0.0000000000
vertex 0.0936666630 0.0486666676 0.0000000000
endloop
endfacet
facet normal 0 0 1
outer loop
vertex 0.0918333296 0.0486666676 0.0000000000
vertex 0.0918333296 0.0468333343 0.0000000000
vertex 0.0936666630 0.0468333343 0.0000000000
endloop
endfacet
facet normal 0 0 1
outer loop
vertex 0.0936666630 0.0486666676 0.0000000000
vertex 0.0954999963 0.0468333343 0.0000000000
vertex 0.0954999963 0.0486666676 0.0000000000
endloop
endfacet
facet normal 0 0 1
outer loop
vertex 0.0936666630 0.0486666676 0.0000000000
vertex 0.0936666630 0.0468333343 0.0000000000
vertex 0.0954999963 0.0468333343 0.0000000000
endloop
endfacet
facet normal 0 0 1
outer loop
vertex 0.0844999963 0.0468333343 0.0000000000
vertex 0.0863333296 0.0450000009 0.0000000000
vertex 0.0863333296 0.0468333343 0.0000000000
endloop
endfacet
facet normal 0 0 1
outer loop
vertex 0.0844999963 0.0468333343 0.0000000000
vertex 0.0844999963 0.0450000009 0.0000000000
vertex 0.0863333296 0.0450000009 0.0000000000
endloop
endfacet
facet normal 0 0 1
outer loop
vertex 0.0918333296 0.0468333343 0.0000000000
vertex 0.0936666630 0.0450000009 0.0000000000
vertex 0.0936666630 0.0468333343 0.0000000000
endloop
endfacet
facet normal 0 0 1
outer loop
vertex 0.0918333296 0.0468333343 0.0000000000
vertex 0.0918333296 0.0450000009 0.0000000000
vertex 0.0936666630 0.0450000009 0.0000000000
endloop
endfacet
facet normal 0 0 1
outer loop
vertex 0.0936666630 0.0468333343 0.0000000000
vertex 0.0954999963 0.0450000009 0.0000000000
vertex 0.0954999963 0.0468333343 0.0000000000
endloop
endfacet
facet normal 0 0 1
outer loop
vertex 0.0936666630 0.0468333343 0.0000000000
vertex 0.0936666630 0.0450000009 0.0000000000
vertex 0.0954999963 0.0450000009 0.0000000000
endloop
endfacet
facet normal 0 0 1
outer loop
vertex 0.0844999963 0.0450000009 0.0000000000
vertex 0.0863333296 0.0431666676 0.0000000000
vertex 0.0863333296 0.0450000009 0.0000000000
endloop
endfacet
facet normal 0 0 1
outer loop
vertex 0.0844999963 0.0450000009 0.0000000000
vertex 0.0844999963 0.0431666676 0.0000000000
vertex 0.0863333296 0.0431666676 0.0000000000
endloop
endfacet
facet normal 0 0 1
outer loop
vertex 0.0881666630 0.0450000009 0.0000000000
vertex 0.0899999963 0.0431666676 0.0000000000
vertex 0.0899999963 0.0450000009 0.0000000000
endloop
endfacet
facet normal 0 0 1
outer loop
vertex 0.0881666630 0.0450000009 0.0000000000
vertex 0.0881666630 0.0431666676 0.0000000000
vertex 0.0899999963 0.0431666676 0.0000000000
endloop
endfacet
facet normal 0 0 1
outer loop
vertex 0.0936666630 0.0450000009 0.0000000000
vertex 0.0954999963 0.0431666676 0.0000000000
vertex 0.0954999963 0.0450000009 0.0000000000
endloop
endfacet
facet normal 0 0 1
outer loop
vertex 0.0936666630 0.0450000009 0.0000000000
vertex 0.0936666630 0.0431666676 0.0000000000
vertex 0.0954999963 0.0431666676 0.0000000000
endloop
endfacet
facet normal 0 0 1
outer loop
vertex 0.0844999963 0.0431666676 0.0000000000
vertex 0.0863333296 0.0413333343 0.0000000000
vertex 0.0863333296 0.0431666676 0.0000000000
endloop
endfacet
facet normal 0 0 1
outer loop
vertex 0.0844999963 0.0431666676 0.0000000000
vertex 0.0844999963 0.0413333343 0.0000000000
vertex 0.0863333296 0.0413333343 0.0000000000
endloop
endfacet
facet normal 0 0 1
outer loop
vertex 0.0863333296 0.0431666676 0.0000000000
vertex 0.0881666630 0.0413333343 0.0000000000
vertex 0.0881666630 0.0431666676 0.0000000000
endloop
endfacet
facet normal 0 0 1
outer loop
vertex 0.0863333296 0.0431666676 0.0000000000
vertex 0.0863333296 0.0413333343 0.0000000000
vertex 0.0881666630 0.0413333343 0.0000000000
endloop
endfacet
facet normal 0 0 1
outer loop
vertex 0.0936666630 0.0431666676 0.0000000000
vertex 0.0954999963 0.0413333343 0.0000000000
vertex 0.0954999963 0.0431666676 0.0000000000
endloop
endfacet
facet normal 0 0 1
outer loop
vertex 0.0936666630 0.0431666676 0.0000000000
vertex 0.0936666630 0.0413333343 0.0000000000
vertex 0.0954999963 0.0413333343 0.0000000000
endloop
endfacet
facet normal 0 0 1
outer loop
vertex 0.0844999963 0.0413333343 0.0000000000
vertex 0.0863333296 0.0395000009 0.0000000000
vertex 0.0863333296 0.0413333343 0.0000000000
endloop
endfacet
facet normal 0 0 1
outer loop
vertex 0.0844999963 0.0413333343 0.0000000000
vertex 0.0844999963 0.0395000009 0.0000000000
vertex 0.0863333296 0.0395000009 0.0000000000
endloop
endfacet
facet normal 0 0 1
outer loop
vertex 0.0863333296 0.0413333343 0.0000000000
vertex 0.0881666630 0.0395000009 0.0000000000
vertex 0.0881666630 0.0413333343 0.0000000000
endloop
endfacet
facet normal 0 0 1
outer loop
vertex 0.0863333296 0.0413333343 0.0000000000
vertex 0.0863333296 0.0395000009 0.0000000000
vertex 0.0881666630 0.0395000009 0.0000000000
endloop
endfacet
facet normal 0 0 1
outer loop
vertex 0.0881666630 0.0413333343 0.0000000000
vertex 0.0899999963 0.0395000009 0.0000000000
vertex 0.0899999963 0.0413333343 0.0000000000
endloop
endfacet
facet normal 0 0 1
outer loop
vertex 0.0881666630 0.0413333343 0.0000000000
vertex 0.0881666630 0.0395000009 0.0000000000
vertex 0.0899999963 0.0395000009 0.0000000000
endloop
endfacet
facet normal 0 0 1
outer loop
vertex 0.0899999963 0.0413333343 0.0000000000
vertex 0.0918333296 0.0395000009 0.0000000000
vertex 0.0918333296 0.0413333343 0.0000000000
endloop
endfacet
facet normal 0 0 1
outer loop
vertex 0.0899999963 0.0413333343 0.0000000000
vertex 0.0899999963 0.0395000009 0.0000000000
vertex 0.0918333296 0.0395000009 0.0000000000
endloop
endfacet
facet normal 0 0 1
outer loop
vertex 0.0918333296 0.0413333343 0.0000000000
vertex 0.0936666630 0.0395000009 0.0000000000
vertex 0.0936666630 0.0413333343 0.0000000000
endloop
endfacet
facet normal 0 0 1
outer loop
vertex 0.0918333296 0.0413333343 0.0000000000
vertex 0.0918333296 0.0395000009 0.0000000000
vertex 0.0936666630 0.0395000009 0.0000000000
endloop
endfacet
facet normal 0 0 1
outer loop
vertex 0.0936666630 0.0413333343 0.0000000000
vertex 0.0954999963 0.0395000009 0.0000000000
vertex 0.0954999963 0.0413333343 0.0000000000
endloop
endfacet
facet normal 0 0 1
outer loop
vertex 0.0936666630 0.0413333343 0.0000000000
vertex 0.0936666630 0.0395000009 0.0000000000
vertex 0.0954999963 0.0395000009 0.0000000000
endloop
endfacet
facet normal 0 0 1
outer loop
vertex -0.0805000009 0.0355000022 0.0000000000
vertex -0.0786666676 0.0336666689 0.0000000000
vertex -0.0786666676 0.0355000022 0.0000000000
endloop
endfacet
facet normal 0 0 1
outer loop
vertex -0.0805000009 0.0355000022 0.0000000000
vertex -0.0805000009 0.0336666689 0.0000000000
vertex -0.0786666676 0.0336666689 0.0000000000
endloop
endfacet
facet normal 0 0 1
outer loop
vertex -0.0786666676 0.0355000022 0.0000000000
vertex -0.0768333343 0.0336666689 0.0000000000
vertex -0.0768333343 0.0355000022 0.0000000000
endloop
endfacet
facet normal 0 0 1
outer loop
vertex -0.0786666676 0.0355000022 0.0000000000
vertex -0.0786666676 0.0336666689 0.0000000000
vertex -0.0768333343 0.0336666689 0.0000000000
endloop
endfacet
facet normal 0 0 1
outer loop
vertex -0.0768333343 0.0355000022 0.0000000000
vertex -0.0750000009 0.0336666689 0.0000000000
vertex -0.0750000009 0.0355000022 0.0000000000
endloop
endfacet
facet normal 0 0 1
outer loop
vertex -0.0768333343 0.0355000022 0.0000000000
vertex -0.0768333343 0.0336666689 0.0000000000
vertex -0.0750000009 0.0336666689 0.0000000000
endloop
endfacet
facet normal 0 0 1
outer loop
vertex -0.0750000009 0.0355000022 0.0000000000
vertex -0.0731666676 0.0336666689 0.0000000000
vertex -0.0731666676 0.0355000022 0.0000000000
endloop
endfacet
facet normal 0 0 1
outer loop
vertex -0.0750000009 0.0355000022 0.0000000000
vertex -0.0750000009 0.0336666689 0.0000000000
vertex -0.0731666676 0.0336666689 0.0000000000
endloop
endfacet
facet normal 0 0 1
outer loop
vertex -0.0731666676 0.0355000022 0.0000000000
vertex -0.0713333343 0.0336666689 0.0000000000
vertex -0.0713333343 0.0355000022 0.0000000000
endloop
endfacet
facet normal 0 0 1
outer loop
vertex -0.0731666676 0.0355000022 0.0000000000
vertex -0.0731666676 0.0336666689 0.0000000000
vertex -0.0713333343 0.0336666689 0.0000000000
endloop
endfacet
facet normal 0 0 1
outer loop
vertex -0.0713333343 0.0355000022 0.0000000000
vertex -0.0695000009 0.0336666689 0.0000000000
vertex -0.0695000009 0.0355000022 0.0000000000
endloop
endfacet
facet normal 0 0 1
outer loop
vertex -0.0713333343 0.0355000022 0.0000000000
vertex -0.0713333343 0.0336666689 0.0000000000
vertex -0.0695000009 0.0336666689 0.0000000000
endloop
endfacet
facet normal 0 0 1
outer loop
vertex -0.0805000009 0.0336666689 0.0000000000
vertex -0.0786666676 0.0318333355 0.0000000000
vertex -0.0786666676 0.0336666689 0.0000000000
endloop
endfacet
facet normal 0 0 1
outer loop
vertex -0.0805000009 0.0336666689 0.0000000000
vertex -0.0805000009 0.0318333355 0.0000000000
vertex -0.0786666676 0.0318333355 0.0000000000
endloop
endfacet
facet normal 0 0 1
outer loop
vertex -0.0786666676 0.0336666689 0.0000000000
vertex -0.0768333343 0.0318333355 0.0000000000
vertex -0.0768333343 0.0336666689 0.0000000000
endloop
endfacet
facet normal 0 0 1
outer loop
vertex -0.0786666676 0.0336666689 0.0000000000
vertex -0.0786666676 0.0318333355 0.0000000000
vertex -0.0768333343 0.0318333355 0.0000000000
endloop
endfacet
facet normal 0 0 1
outer loop
vertex -0.0768333343 0.0336666689 0.0000000000
vertex -0.0750000009 0.0318333355 0.0000000000
vertex -0.0750000009 0.0336666689 0.0000000000
endloop
endfacet
facet normal 0 0 1
outer loop
vertex -0.0768333343 0.0336666689 0.0000000000
vertex -0.0768333343 0.0318333355 0.0000000000
vertex -0.0750000009 0.0318333355 0.0000000000
endloop
endfacet
facet normal 0 0 1
outer loop
vertex -0.0731666676 0.0336666689 0.0000000000
vertex -0.0713333343 0.0318333355 0.0000000000
vertex -0.0713333343 0.0336666689 0.0000000000
endloop
endfacet
facet normal 0 0 1
outer loop
vertex -0.0731666676 0.0336666689 0.0000000000
vertex -0.0731666676 0.0318333355 0.0000000000
vertex -0.0713333343 0.0318333355 0.0000000000
endloop
endfacet
facet normal 0 0 1
outer loop
vertex -0.0713333343 0.0336666689 0.0000000000
vertex -0.0695000009 0.0318333355 0.0000000000
vertex -0.0695000009 0.0336666689 0.0000000000
endloop
endfacet
facet normal 0 0 1
outer loop
vertex -0.0713333343 0.0336666689 0.0000000000
vertex -0.0713333343 0.0318333355 0.0000000000
vertex -0.0695000009 0.0318333355 0.0000000000
endloop
endfacet
facet normal 0 0 1
outer loop
vertex -0.0805000009 0.0318333355 0.0000000000
vertex -0.0786666676 0.0300000022 0.0000000000
vertex -0.0786666676 0.0318333355 0.0000000000
endloop
endfacet
facet normal 0 0 1
outer loop
vertex -0.0805000009 0.0318333355 0.0000000000
vertex -0.0805000009 0.0300000022 0.0000000000
vertex -0.0786666676 0.0300000022 0.0000000000
endloop
endfacet
facet normal 0 0 1
outer loop
vertex -0.0768333343 0.0318333355 0.0000000000
vertex -0.0750000009 0.0300000022 0.0000000000
vertex -0.0750000009 0.0318333355 0.0000000000
endloop
endfacet
facet normal 0 0 1
outer loop
vertex -0.0768333343 0.0318333355 0.0000000000
vertex -0.0768333343 0.0300000022 0.0000000000
vertex -0.0750000009 0.0300000022 0.0000000000
endloop
endfacet
facet normal 0 0 1
outer loop
vertex -0.0731666676 0.0318333355 0.0000000000
vertex -0.0713333343 0.0300000022 0.0000000000
vertex -0.0713333343 0.0318333355 0.0000000000
endloop
endfacet
facet normal 0 0 1
outer loop
vertex -0.0731666676 0.0318333355 0.0000000000
vertex -0.0731666676 0.0300000022 0.0000000000
vertex -0.0713333343 0.0300000022 0.0000000000
endloop
endfacet
facet normal 0 0 1
outer loop
vertex -0.0713333343 0.0318333355 0.0000000000
vertex -0.0695000009 0.0300000022 0.0000000000
vertex -0.0695000009 0.0318333355 0.0000000000
endloop
endfacet
facet normal 0 0 1
outer loop
vertex -0.0713333343 0.0318333355 0.0000000000
vertex -0.0713333343 0.0300000022 0.0000000000
vertex -0.0695000009 0.0300000022 0.0000000000
endloop
endfacet
facet normal 0 0 1
outer loop
vertex -0.0805000009 0.0300000022 0.0000000000
vertex -0.0786666676 0.0281666689 0.0000000000
vertex -0.0786666676 0.0300000022 0.0000000000
endloop
endfacet
facet normal 0 0 1
outer loop
vertex -0.0805000009 0.0300000022 0.0000000000
vertex -0.0805000009 0.0281666689 0.0000000000
vertex -0.0786666676 0.0281666689 0.0000000000
endloop
endfacet
facet normal 0 0 1
outer loop
vertex -0.0786666676 0.0300000022 0.0000000000
vertex -0.0768333343 0.0281666689 0.0000000000
vertex -0.0768333343 0.0300000022 0.0000000000
endloop
endfacet
facet normal 0 0 1
outer loop
vertex -0.0786666676 0.0300000022 0.0000000000
vertex -0.0786666676 0.0281666689 0.0000000000
vertex -0.0768333343 0.0281666689 0.0000000000
endloop
endfacet
facet normal 0 0 1
outer loop
vertex -0.0768333343 0.0300000022 0.0000000000
vertex -0.0750000009 0.0281666689 0.0000000000
vertex -0.0750000009 0.0300000022 0.0000000000
endloop
endfacet
facet normal 0 0 1
outer loop
vertex -0.0768333343 0.0300000022 0.0000000000
vertex -0.0768333343 0.0281666689 0.0000000000
vertex -0.0750000009 0.0281666689 0.0000000000
endloop
endfacet
facet normal 0 0 1
outer loop
vertex -0.0750000009 0.0300000022 0.0000000000
vertex -0.0731666676 0.0281666689 0.0000000000
vertex -0.0731666676 0.0300000022 0.0000000000
endloop
endfacet
facet normal 0 0 1
outer loop
vertex -0.0750000009 0.0300000022 0.0000000000
vertex -0.0750000009 0.0281666689 0.0000000000
vertex -0.0731666676 0.0281666689 0.0000000000
endloop
endfacet
facet normal 0 0 1
outer loop
vertex -0.0731666676 0.0300000022 0.0000000000
vertex -0.0713333343 0.0281666689 0.0000000000
vertex -0.0713333343 0.0300000022 0.0000000000
endloop
endfacet
facet normal 0 0 1
outer loop
vertex -0.0731666676 0.0300000022 0.0000000000
vertex -0.0731666676 0.0281666689 0.0000000000
vertex -0.0713333343 0.0281666689 0.0000000000
endloop
endfacet
facet normal 0 0 1
outer loop
vertex -0.0713333343 0.0300000022 0.0000000000
vertex -0.0695000009 0.0281666689 0.0000000000
vertex -0.0695000009 0.0300000022 0.0000000000
endloop
endfacet
facet normal 0 0 1
outer loop
vertex -0.0713333343 0.0300000022 0.0000000000
vertex -0.0713333343 0.0281666689 0.0000000000
vertex -0.0695000009 0.0281666689 0.0000000000
endloop
endfacet
facet normal 0 0 1
outer loop
vertex -0.0805000009 0.0281666689 0.0000000000
vertex -0.0786666676 0.0263333355 0.0000000000
vertex -0.0786666676 0.0281666689 0.0000000000
endloop
endfacet
facet normal 0 0 1
outer loop
vertex -0.0805000009 0.0281666689 0.0000000000
vertex -0.0805000009 0.0263333355 0.0000000000
vertex -0.0786666676 0.0263333355 0.0000000000
endloop
endfacet
facet normal 0 0 1
outer loop
vertex -0.0713333343 0.0281666689 0.0000000000
vertex -0.0695000009 0.0263333355 0.0000000000
vertex -0.0695000009 0.0281666689 0.0000000000
endloop
endfacet
facet normal 0 0 1
outer loop
vertex -0.0713333343 0.0281666689 0.0000000000
vertex -0.0713333343 0.0263333355 0.0000000000
vertex -0.0695000009 0.0263333355 0.0000000000
endloop
endfacet
facet normal 0 0 1
outer loop
vertex -0.0805000009 0.0263333355 0.0000000000
vertex -0.0786666676 0.0245000022 0.0000000000
vertex -0.0786666676 0.0263333355 0.0000000000
endloop
endfacet
facet normal 0 0 1
outer loop
vertex -0.0805000009 0.0263333355 0.0000000000
vertex -0.0805000009 0.0245000022 0.0000000000
vertex -0.0786666676 0.0245000022 0.0000000000
endloop
endfacet
facet normal 0 0 1
outer loop
vertex -0.0786666676 0.0263333355 0.0000000000
vertex -0.0768333343 0.0245000022 0.0000000000
vertex -0.0768333343 0.0263333355 0.0000000000
endloop
endfacet
facet normal 0 0 1
outer loop
vertex -0.0786666676 0.0263333355 0.0000000000
vertex -0.0786666676 0.0245000022 0.0000000000
vertex -0.0768333343 0.0245000022 0.0000000000
endloop
endfacet
facet normal 0 0 1
outer loop
vertex -0.0768333343 0.0263333355 0.0000000000
vertex -0.0750000009 0.0245000022 0.0000000000
vertex -0.0750000009 0.0263333355 0.0000000000
endloop
endfacet
facet normal 0 0 1
outer loop
vertex -0.0768333343 0.0263333355 0.0000000000
vertex -0.0768333343 0.0245000022 0.0000000000
vertex -0.0750000009 0.0245000022 0.0000000000
endloop
endfacet
facet normal 0 0 1
outer loop
vertex -0.0750000009 0.0263333355 0.0000000000
vertex -0.0731666676 0.0245000022 0.0000000000
vertex -0.0731666676 0.0263333355 0.0000000000
endloop
endfacet
facet normal 0 0 1
outer loop
vertex -0.0750000009 0.0263333355 0.0000000000
vertex -0.0750000009 0.0245000022 0.0000000000
vertex -0.0731666676 0.0245000022 0.0000000000
endloop
endfacet
facet normal 0 0 1
outer loop
vertex -0.0731666676 0.0263333355 0.0000000000
vertex -0.0713333343 0.0245000022 0.0000000000
vertex -0.0713333343 0.0263333355 0.0000000000
endloop
endfacet
facet normal 0 0 1
outer loop
vertex -0.0731666676 0.0263333355 0.0000000000
vertex -0.0731666676 0.0245000022 0.0000000000
vertex -0.0713333343 0.0245000022 0.0000000000
endloop
endfacet
facet normal 0 0 1
outer loop
vertex -0.0713333343 0.0263333355 0.0000000000
vertex -0.0695000009 0.0245000022 0.0000000000
vertex -0.0695000009 0.0263333355 0.0000000000
endloop
endfacet
facet normal 0 0 1
outer loop
vertex -0.0713333343 0.0263333355 0.0000000000
vertex -0.0713333343 0.0245000022 0.0000000000
vertex -0.0695000009 0.0245000022 0.0000000000
endloop
endfacet
facet normal 0 0 1
outer loop
vertex -0.0505000016 0.0355000022 0.0000000000
vertex -0.0486666683 0.0336666689 0.0000000000
vertex -0.0486666683 0.0355000022 0.0000000000
endloop
endfacet
facet normal 0 0 1
outer loop
vertex -0.0505000016 0.0355000022 0.0000000000
vertex -0.0505000016 0.0336666689 0.0000000000
vertex -0.0486666683 0.0336666689 0.0000000000
endloop
endfacet
facet normal 0 0 1
outer loop
vertex -0.0486666683 0.0355000022 0.0000000000
vertex -0.0468333349 0.0336666689 0.0000000000
vertex -0.0468333349 0.0355000022 0.0000000000
endloop
endfacet
facet normal 0 0 1
outer loop
vertex -0.0486666683 0.0355000022 0.0000000000
vertex -0.0486666683 0.0336666689 0.0000000000
vertex -0.0468333349 0.0336666689 0.0000000000
endloop
endfacet
facet normal 0 0 1
outer loop
vertex -0.0468333349 0.0355000022 0.0000000000
vertex -0.0450000016 0.0336666689 0.0000000000
vertex -0.0450000016 0.0355000022 0.0000000000
endloop
endfacet
facet normal 0 0 1
outer loop
vertex -0.0468333349 0.0355000022 0.0000000000
vertex -0.0468333349 0.0336666689 0.0000000000
vertex -0.0450000016 0.0336666689 0.0000000000
endloop
endfacet
facet normal 0 0 1
outer loop
vertex -0.0450000016 0.0355000022 0.0000000000
vertex -0.0431666683 0.0336666689 0.0000000000
vertex -0.0431666683 0.0355000022 0.0000000000
endloop
endfacet
facet normal 0 0 1
outer loop
vertex -0.0450000016 0.0355000022 0.0000000000
vertex -0.0450000016 0.0336666689 0.0000000000
vertex -0.0431666683 0.0336666689 0.0000000000
endloop
endfacet
facet normal 0 0 1
outer loop
vertex -0.0431666683 0.0355000022 0.0000000000
vertex -0.0413333349 0.0336666689 0.0000000000
vertex -0.0413333349 0.0355000022 0.0000000000
endloop
endfacet
facet normal 0 0 1
outer loop
vertex -0.0431666683 0.0355000022 0.0000000000
vertex -0.0431666683 0.0336666689 0.0000000000
vertex -0.0413333349 0.0336666689 0.0000000000
endloop
endfacet
facet normal 0 0 1
outer loop
vertex -0.0413333349 0.0355000022 0.0000000000
vertex -0.0395000016 0.0336666689 0.0000000000
vertex -0.0395000016 0.0355000022 0.0000000000
endloop
endfacet
facet normal 0 0 1
outer loop
vertex -0.0413333349 0.0355000022 0.0000000000
vertex -0.0413333349 0.0336666689 0.0000000000
vertex -0.0395000016 0.0336666689 0.0000000000
endloop
endfacet
facet normal 0 0 1
outer loop
vertex -0.0505000016 0.0336666689 0.0000000000
vertex -0.0486666683 0.0318333355 0.0000000000
vertex -0.0486666683 0.0336666689 0.0000000000
endloop
endfacet
facet normal 0 0 1
outer loop
vertex -0.0505000016 0.0336666689 0.0000000000
vertex -0.0505000016 0.0318333355 0.0000000000
vertex -0.0486666683 0.0318333355 0.0000000000
endloop
endfacet
facet normal 0 0 1
outer loop
vertex -0.0486666683 0.0336666689 0.0000000000
vertex -0.0468333349 0.0318333355 0.0000000000
vertex -0.0468333349 0.0336666689 0.0000000000
endloop
endfacet
facet normal 0 0 1
outer loop
vertex -0.0486666683 0.0336666689 0.0000000000
vertex -0.0486666683 0.0318333355 0.0000000000
vertex -0.0468333349 0.0318333355 0.0000000000
endloop
endfacet
facet normal 0 0 1
outer loop
vertex -0.0468333349 0.0336666689 0.0000000000
vertex -0.0450000016 0.0318333355 0.0000000000
vertex -0.0450000016 0.0336666689 0.0000000000
endloop
endfacet
facet normal 0 0 1
outer loop
vertex -0.0468333349 0.0336666689 0.0000000000
vertex -0.0468333349 0.0318333355 0.0000000000
vertex -0.0450000016 0.0318333355 0.0000000000
endloop
endfacet
facet normal 0 0 1
outer loop
vertex -0.0431666683 0.0336666689 0.0000000000
vertex -0.0413333349 0.0318333355 0.0000000000
vertex -0.0413333349 0.0336666689 0.0000000000
endloop
endfacet
facet normal 0 0 1
outer loop
vertex -0.0431666683 0.0336666689 0.0000000000
vertex -0.0431666683 0.0318333355 0.0000000000
vertex -0.0413333349 0.0318333355 0.0000000000
endloop
endfacet
facet normal 0 0 1
outer loop
vertex -0.0413333349 0.0336666689 0.0000000000
vertex -0.0395000016 0.0318333355 0.0000000000
vertex -0.0395000016 0.0336666689 0.0000000000
endloop
endfacet
facet normal 0 0 1
outer loop
vertex -0.0413333349 0.0336666689 0.0000000000
vertex -0.0413333349 0.0318333355 0.0000000000
vertex -0.0395000016 0.0318333355 0.0000000000
endloop
endfacet
facet normal 0 0 1
outer loop
vertex -0.0505000016 0.0318333355 0.0000000000
vertex -0.0486666683 0.0300000022 0.0000000000
vertex -0.0486666683 0.0318333355 0.0000000000
endloop
endfacet
facet normal 0 0 1
outer loop
vertex -0.0505000016 0.0318333355 0.0000000000
vertex -0.0505000016 0.0300000022 0.0000000000
vertex -0.0486666683 0.0300000022 0.0000000000
endloop
endfacet
facet normal 0 0 1
outer loop
vertex -0.0486666683 0.0318333355 0.0000000000
vertex -0.0468333349 0.0300000022 0.0000000000
vertex -0.0468333349 0.0318333355 0.0000000000
endloop
endfacet
facet normal 0 0 1
outer loop
vertex -0.0486666683 0.0318333355 0.0000000000
vertex -0.0486666683 0.0300000022 0.0000000000
vertex -0.0468333349 0.0300000022 0.0000000000
endloop
endfacet
facet normal 0 0 1
outer loop
vertex -0.0450000016 0.0318333355 0.0000000000
vertex -0.0431666683 0.0300000022 0.0000000000
vertex -0.0431666683 0.0318333355 0.0000000000
endloop
endfacet
facet normal 0 0 1
outer loop
vertex -0.0450000016 0.0318333355 0.0000000000
vertex -0.0450000016 0.0300000022 0.0000000000
vertex -0.0431666683 0.0300000022 0.0000000000
endloop
endfacet
facet normal 0 0 1
outer loop
vertex -0.0431666683 0.0318333355 0.0000000000
vertex -0.0413333349 0.0300000022 0.0000000000
vertex -0.0413333349 0.0318333355 0.0000000000
endloop
endfacet
facet normal 0 0 1
outer loop
vertex -0.0431666683 0.0318333355 0.0000000000
vertex -0.0431666683 0.0300000022 0.0000000000
vertex -0.0413333349 0.0300000022 0.0000000000
endloop
endfacet
facet normal 0 0 1
outer loop
vertex -0.0413333349 0.0318333355 0.0000000000
vertex -0.0395000016 0.0300000022 0.0000000000
vertex -0.0395000016 0.0318333355 0.0000000000
endloop
endfacet
facet normal 0 0 1
outer loop
vertex -0.0413333349 0.0318333355 0.0000000000
vertex -0.0413333349 0.0300000022 0.0000000000
vertex -0.0395000016 0.0300000022 0.0000000000
endloop
endfacet
facet normal 0 0 1
outer loop
vertex -0.0505000016 0.0300000022 0.0000000000
vertex -0.0486666683 0.0281666689 0.0000000000
vertex -0.0486666683 0.0300000022 0.0000000000
endloop
endfacet
facet normal 0 0 1
outer loop
vertex -0.0505000016 0.0300000022 0.0000000000
vertex -0.0505000016 0.0281666689 0.0000000000
vertex -0.0486666683 0.0281666689 0.0000000000
endloop
endfacet
facet normal 0 0 1
outer loop
vertex -0.0468333349 0.0300000022 0.0000000000
vertex -0.0450000016 0.0281666689 0.0000000000
vertex -0.0450000016 0.0300000022 0.0000000000
endloop
endfacet
facet normal 0 0 1
outer loop
vertex -0.0468333349 0.0300000022 0.0000000000
vertex -0.0468333349 0.0281666689 0.0000000000
vertex -0.0450000016 0.0281666689 0.0000000000
endloop
endfacet
facet normal 0 0 1
outer loop
vertex -0.0413333349 0.0300000022 0.0000000000
vertex -0.0395000016 0.0281666689 0.0000000000
vertex -0.0395000016 0.0300000022 0.0000000000
endloop
endfacet
facet normal 0 0 1
outer loop
vertex -0.0413333349 0.0300000022 0.0000000000
vertex -0.0413333349 0.0281666689 0.0000000000
vertex -0.0395000016 0.0281666689 0.0000000000
endloop
endfacet
facet normal 0 0 1
outer loop
vertex -0.0505000016 0.0281666689 0.0000000000
vertex -0.0486666683 0.0263333355 0.0000000000
vertex -0.0486666683 0.0281666689 0.0000000000
endloop
endfacet
facet normal 0 0 1
outer loop
vertex -0.0505000016 0.0281666689 0.0000000000
vertex -0.0505000016 0.0263333355 0.0000000000
vertex -0.0486666683 0.0263333355 0.0000000000
endloop
endfacet
facet normal 0 0 1
outer loop
vertex -0.0486666683 0.0281666689 0.0000000000
vertex -0.0468333349 0.0263333355 0.0000000000
vertex -0.0468333349 0.0281666689 0.0000000000
endloop
endfacet
facet normal 0 0 1
outer loop
vertex -0.0486666683 0.0281666689 0.0000000000
vertex -0.0486666683 0.0263333355 0.0000000000
vertex -0.0468333349 0.0263333355 0.0000000000
endloop
endfacet
facet normal 0 0 1
outer loop
vertex -0.0468333349 0.0281666689 0.0000000000
vertex -0.0450000016 0.0263333355 0.0000000000
vertex -0.0450000016 0.0281666689 0.0000000000
endloop
endfacet
facet normal 0 0 1
outer loop
vertex -0.0468333349 0.0281666689 0.0000000000
vertex -0.0468333349 0.0263333355 0.0000000000
vertex -0.0450000016 0.0263333355 0.0000000000
endloop
endfacet
facet normal 0 0 1
outer loop
vertex -0.0450000016 0.0281666689 0.0000000000
vertex -0.0431666683 0.0263333355 0.0000000000
vertex -0.0431666683 0.0281666689 0.0000000000
endloop
endfacet
facet normal 0 0 1
outer loop
vertex -0.0450000016 0.0281666689 0.0000000000
vertex -0.0450000016 0.0263333355 0.0000000000
vertex -0.0431666683 0.0263333355 0.0000000000
endloop
endfacet
facet normal 0 0 1
outer loop
vertex -0.0413333349 0.0281666689 0.0000000000
vertex -0.0395000016 0.0263333355 0.0000000000
vertex -0.0395000016 0.0281666689 0.0000000000
endloop
endfacet
facet normal 0 0 1
outer loop
vertex -0.0413333349 0.0281666689 0.0000000000
vertex -0.0413333349 0.0263333355 0.0000000000
vertex -0.0395000016 0.0263333355 0.0000000000
endloop
endfacet
facet normal 0 0 1
outer loop
vertex -0.0505000016 0.0263333355 0.0000000000
vertex -0.0486666683 0.0245000022 0.0000000000
vertex -0.0486666683 0.0263333355 0.0000000000
endloop
endfacet
facet normal 0 0 1
outer loop
vertex -0.0505000016 0.0263333355 0.0000000000
vertex -0.0505000016 0.0245000022 0.0000000000
vertex -0.0486666683 0.0245000022 0.0000000000
endloop
endfacet
facet normal 0 0 1
outer loop
vertex -0.0486666683 0.0263333355 0.0000000000
vertex -0.0468333349 0.0245000022 0.0000000000
vertex -0.0468333349 0.0263333355 0.0000000000
endloop
endfacet
facet normal 0 0 1
outer loop
vertex -0.0486666683 0.0263333355 0.0000000000
vertex -0.0486666683 0.0245000022 0.0000000000
vertex -0.0468333349 0.0245000022 0.0000000000
endloop
endfacet
facet normal 0 0 1
outer loop
vertex -0.0468333349 0.0263333355 0.0000000000
vertex -0.0450000016 0.0245000022 0.0000000000
vertex -0.0450000016 0.0263333355 0.0000000000
endloop
endfacet
facet normal 0 0 1
outer loop
vertex -0.0468333349 0.0263333355 0.0000000000
vertex -0.0468333349 0.0245000022 0.0000000000
vertex -0.0450000016 0.0245000022 0.0000000000
endloop
endfacet
facet normal 0 0 1
outer loop
vertex -0.0450000016 0.0263333355 0.0000000000
vertex -0.0431666683 0.0245000022 0.0000000000
vertex -0.0431666683 0.0263333355 0.0000000000
endloop
endfacet
facet normal 0 0 1
outer loop
vertex -0.0450000016 0.0263333355 0.0000000000
vertex -0.0450000016 0.0245000022 0.0000000000
vertex -0.0431666683 0.0245000022 0.0000000000
endloop
endfacet
facet normal 0 0 1
outer loop
vertex -0.0431666683 0.0263333355 0.0000000000
vertex -0.0413333349 0.0245000022 0.0000000000
vertex -0.0413333349 0.0263333355 0.0000000000
endloop
endfacet
facet normal 0 0 1
outer loop
vertex -0.0431666683 0.0263333355 0.0000000000
vertex -0.0431666683 0.0245000022 0.0000000000
vertex -0.0413333349 0.0245000022 0.0000000000
endloop
endfacet
facet normal 0 0 1
outer loop
vertex -0.0413333349 0.0263333355 0.0000000000
vertex -0.0395000016 0.0245000022 0.0000000000
vertex -0.0395000016 0.0263333355 0.0000000000
endloop
endfacet
facet normal 0 0 1
outer loop
vertex -0.0413333349 0.0263333355 0.0000000000
vertex -0.0413333349 0.0245000022 0.0000000000
vertex -0.0395000016 0.0245000022 0.0000000000
endloop
endfacet
facet normal 0 0 1
outer loop
vertex -0.0205000079 0.0355000022 0.0000000000
vertex -0.0186666745 0.0336666689 0.0000000000
vertex -0.0186666745 0.0355000022 0.0000000000
endloop
endfacet
facet normal 0 0 1
outer loop
vertex -0.0205000079 0.0355000022 0.0000000000
vertex -0.0205000079 0.0336666689 0.0000000000
vertex -0.0186666745 0.0336666689 0.0000000000
endloop
endfacet
facet normal 0 0 1
outer loop
vertex -0.0186666745 0.0355000022 0.0000000000
vertex -0.0168333412 0.0336666689 0.0000000000
vertex -0.0168333412 0.0355000022 0.0000000000
endloop
endfacet
facet normal 0 0 1
outer loop
vertex -0.0186666745 0.0355000022 0.0000000000
vertex -0.0186666745 0.0336666689 0.0000000000
vertex -0.0168333412 0.0336666689 0.0000000000
endloop
endfacet
facet normal 0 0 1
outer loop
vertex -0.0168333412 0.0355000022 0.0000000000
vertex -0.0150000079 0.0336666689 0.0000000000
vertex -0.0150000079 0.0355000022 0.0000000000
endloop
endfacet
facet normal 0 0 1
outer loop
vertex -0.0168333412 0.0355000022 0.0000000000
vertex -0.0168333412 0.0336666689 0.0000000000
vertex -0.0150000079 0.0336666689 0.0000000000
endloop
endfacet
facet normal 0 0 1
outer loop
vertex -0.0150000079 0.0355000022 0.0000000000
vertex -0.0131666745 0.0336666689 0.0000000000
vertex -0.0131666745 0.0355000022 0.0000000000
endloop
endfacet
facet normal 0 0 1
outer loop
vertex -0.0150000079 0.0355000022 0.0000000000
vertex -0.0150000079 0.0336666689 0.0000000000
vertex -0.0131666745 0.0336666689 0.0000000000
endloop
endfacet
facet normal 0 0 1
outer loop
vertex -0.0131666745 0.0355000022 0.0000000000
vertex -0.0113333412 0.0336666689 0.0000000000
vertex -0.0113333412 0.0355000022 0.0000000000
endloop
endfacet
facet normal 0 0 1
outer loop
vertex -0.0131666745 0.0355000022 0.0000000000
vertex -0.0131666745 0.0336666689 0.0000000000
vertex -0.0113333412 0.0336666689 0.0000000000
endloop
endfacet
facet normal 0 0 1
outer loop
vertex -0.0113333412 0.0355000022 0.0000000000
vertex -0.0095000079 0.0336666689 0.0000000000
vertex -0.0095000079 0.0355000022 0.0000000000
endloop
endfacet
facet normal 0 0 1
outer loop
vertex -0.0113333412 0.0355000022 0.0000000000
vertex -0.0113333412 0.0336666689 0.0000000000
vertex -0.0095000079 0.0336666689 0.0000000000
endloop
endfacet
facet normal 0 0 1
outer loop
vertex -0.0205000079 0.0336666689 0.0000000000
vertex -0.0186666745 0.0318333355 0.0000000000
vertex -0.0186666745 0.0336666689 0.0000000000
endloop
endfacet
facet normal 0 0 1
outer loop
vertex -0.0205000079 0.0336666689 0.0000000000
vertex -0.0205000079 0.0318333355 0.0000000000
vertex -0.0186666745 0.0318333355 0.0000000000
endloop
endfacet
facet normal 0 0 1
outer loop
vertex -0.0186666745 0.0336666689 0.0000000000
vertex -0.0168333412 0.0318333355 0.0000000000
vertex -0.0168333412 0.0336666689 0.0000000000
endloop
endfacet
facet normal 0 0 1
outer loop
vertex -0.0186666745 0.0336666689 0.0000000000
vertex -0.0186666745 0.0318333355 0.0000000000
vertex -0.0168333412 0.0318333355 0.0000000000
endloop
endfacet
facet normal 0 0 1
outer loop
vertex -0.0168333412 0.0336666689 0.0000000000
vertex -0.0150000079 0.0318333355 0.0000000000
vertex -0.0150000079 0.0336666689 0.0000000000
endloop
endfacet
facet normal 0 0 1
outer loop
vertex -0.0168333412 0.0336666689 0.0000000000
vertex -0.0168333412 0.0318333355 0.0000000000
vertex -0.0150000079 0.0318333355 0.0000000000
endloop
endfacet
facet normal 0 0 1
outer loop
vertex -0.0131666745 0.0336666689 0.0000000000
vertex -0.0113333412 0.0318333355 0.0000000000
vertex -0.0113333412 0.0336666689 0.0000000000
endloop
endfacet
facet normal 0 0 1
outer loop
vertex -0.0131666745 0.0336666689 0.0000000000
vertex -0.0131666745 0.0318333355 0.0000000000
vertex -0.0113333412 0.0318333355 0.0000000000
endloop
endfacet
facet normal 0 0 1
outer loop
vertex -0.0113333412 0.0336666689 0.0000000000
vertex -0.0095000079 0.0318333355 0.0000000000
vertex -0.0095000079 0.0336666689 0.0000000000
endloop
endfacet
facet normal 0 0 1
outer loop
vertex -0.0113333412 0.0336666689 0.0000000000
vertex -0.0113333412 0.0318333355 0.0000000000
vertex -0.0095000079 0.0318333355 0.0000000000
endloop
endfacet
facet normal 0 0 1
outer loop
vertex -0.0205000079 0.0318333355 0.0000000000
vertex -0.0186666745 0.0300000022 0.0000000000
vertex -0.0186666745 0.0318333355 0.0000000000
endloop
endfacet
facet normal 0 0 1
outer loop
vertex -0.0205000079 0.0318333355 0.0000000000
vertex -0.0205000079 0.0300000022 0.0000000000
vertex -0.0186666745 0.0300000022 0.0000000000
endloop
endfacet
facet normal 0 0 1
outer loop
vertex -0.0186666745 0.0318333355 0.0000000000
vertex -0.0168333412 0.0300000022 0.0000000000
vertex -0.0168333412 0.0318333355 0.0000000000
endloop
endfacet
facet normal 0 0 1
outer loop
vertex -0.0186666745 0.0318333355 0.0000000000
vertex -0.0186666745 0.0300000022 0.0000000000
vertex -0.0168333412 0.0300000022 0.0000000000
endloop
endfacet
facet normal 0 0 1
outer loop
vertex -0.0131666745 0.0318333355 0.0000000000
vertex -0.0113333412 0.0300000022 0.0000000000
vertex -0.0113333412 0.0318333355 0.0000000000
endloop
endfacet
facet normal 0 0 1
outer loop
vertex -0.0131666745 0.0318333355 0.0000000000
vertex -0.0131666745 0.0300000022 0.0000000000
vertex -0.0113333412 0.0300000022 0.0000000000
endloop
endfacet
facet normal 0 0 1
outer loop
vertex -0.0113333412 0.0318333355 0.0000000000
vertex -0.0095000079 0.0300000022 0.0000000000
vertex -0.0095000079 0.0318333355 0.0000000000
endloop
endfacet
facet normal 0 0 1
outer loop
vertex -0.0113333412 0.0318333355 0.0000000000
vertex -0.0113333412 0.0300000022 0.0000000000
vertex -0.0095000079 0.0300000022 0.0000000000
endloop
endfacet
facet normal 0 0 1
outer loop
vertex -0.0205000079 0.0300000022 0.0000000000
vertex -0.0186666745 0.0281666689 0.0000000000
vertex -0.0186666745 0.0300000022 0.0000000000
endloop
endfacet
facet normal 0 0 1
outer loop
vertex -0.0205000079 0.0300000022 0.0000000000
vertex -0.0205000079 0.0281666689 0.0000000000
vertex -0.0186666745 0.0281666689 0.0000000000
endloop
endfacet
facet normal 0 0 1
outer loop
vertex -0.0186666745 0.0300000022 0.0000000000
vertex -0.0168333412 0.0281666689 0.0000000000
vertex -0.0168333412 0.0300000022 0.0000000000
endloop
endfacet
facet normal 0 0 1
outer loop
vertex -0.0186666745 0.0300000022 0.0000000000
vertex -0.0186666745 0.0281666689 0.0000000000
vertex -0.0168333412 0.0281666689 0.0000000000
endloop
endfacet
facet normal 0 0 1
outer loop
vertex -0.0168333412 0.0300000022 0.0000000000
vertex -0.0150000079 0.0281666689 0.0000000000
vertex -0.0150000079 0.0300000022 0.0000000000
endloop
endfacet
facet normal 0 0 1
outer loop
vertex -0.0168333412 0.0300000022 0.0000000000
vertex -0.0168333412 0.0281666689 0.0000000000
vertex -0.0150000079 0.0281666689 0.0000000000
endloop
endfacet
facet normal 0 0 1
outer loop
vertex -0.0113333412 0.0300000022 0.0000000000
vertex -0.0095000079 0.0281666689 0.0000000000
vertex -0.0095000079 0.0300000022 0.0000000000
endloop
endfacet
facet normal 0 0 1
outer loop
vertex -0.0113333412 0.0300000022 0.0000000000
vertex -0.0113333412 0.0281666689 0.0000000000
vertex -0.0095000079 0.0281666689 0.0000000000
endloop
endfacet
facet normal 0 0 1
outer loop
vertex -0.0205000079 0.0281666689 0.0000000000
vertex -0.0186666745 0.0263333355 0.0000000000
vertex -0.0186666745 0.0281666689 0.0000000000
endloop
endfacet
facet normal 0 0 1
outer loop
vertex -0.0205000079 0.0281666689 0.0000000000
vertex -0.0205000079 0.0263333355 0.0000000000
vertex -0.0186666745 0.0263333355 0.0000000000
endloop
endfacet
facet normal 0 0 1
outer loop
vertex -0.0131666745 0.0281666689 0.0000000000
vertex -0.0113333412 0.0263333355 0.0000000000
vertex -0.0113333412 0.0281666689 0.0000000000
endloop
endfacet
facet normal 0 0 1
outer loop
vertex -0.0131666745 0.0281666689 0.0000000000
vertex -0.0131666745 0.0263333355 0.0000000000
vertex -0.0113333412 0.0263333355 0.0000000000
endloop
endfacet
facet normal 0 0 1
outer loop
vertex -0.0113333412 0.0281666689 0.0000000000
vertex -0.0095000079 0.0263333355 0.0000000000
vertex -0.0095000079 0.0281666689 0.0000000000
endloop
endfacet
facet normal 0 0 1
outer loop
vertex -0.0113333412 0.0281666689 0.0000000000
vertex -0.0113333412 0.0263333355 0.0000000000
vertex -0.0095000079 0.0263333355 0.0000000000
endloop
endfacet
facet normal 0 0 1
outer loop
vertex -0.0205000079 0.0263333355 0.0000000000
vertex -0.0186666745 0.0245000022 0.0000000000
vertex -0.0186666745 0.0263333355 0.0000000000
endloop
endfacet
facet normal 0 0 1
outer loop
vertex -0.0205000079 0.0263333355 0.0000000000
vertex -0.0205000079 0.0245000022 0.0000000000
vertex -0.0186666745 0.0245000022 0.0000000000
endloop
endfacet
facet normal 0 0 1
outer loop
vertex -0.0186666745 0.0263333355 0.0000000000
vertex -0.0168333412 0.0245000022 0.0000000000
vertex -0.0168333412 0.0263333355 0.0000000000
endloop
endfacet
facet normal 0 0 1
outer loop
vertex -0.0186666745 0.0263333355 0.0000000000
vertex -0.0186666745 0.0245000022 0.0000000000
vertex -0.0168333412 0.0245000022 0.0000000000
endloop
endfacet
facet normal 0 0 1
outer loop
vertex -0.0168333412 0.0263333355 0.0000000000
vertex -0.0150000079 0.0245000022 0.0000000000
vertex -0.0150000079 0.0263333355 0.0000000000
endloop
endfacet
facet normal 0 0 1
outer loop
vertex -0.0168333412 0.0263333355 0.0000000000
vertex -0.0168333412 0.0245000022 0.0000000000
vertex -0.0150000079 0.0245000022 0.0000000000
endloop
endfacet
facet normal 0 0 1
outer loop
vertex -0.0150000079 0.0263333355 0.0000000000
vertex -0.0131666745 0.0245000022 0.0000000000
vertex -0.0131666745 0.0263333355 0.0000000000
endloop
endfacet
facet normal 0 0 1
outer loop
vertex -0.0150000079 0.0263333355 0.0000000000
vertex -0.0150000079 0.0245000022 0.0000000000
vertex -0.0131666745 0.0245000022 0.0000000000
endloop
endfacet
facet normal 0 0 1
outer loop
vertex -0.0131666745 0.0263333355 0.0000000000
vertex -0.0113333412 0.0245000022 0.0000000000
vertex -0.0113333412 0.0263333355 0.0000000000
endloop
endfacet
facet normal 0 0 1
outer loop
vertex -0.0131666745 0.0263333355 0.0000000000
vertex -0.0131666745 0.0245000022 0.0000000000
vertex -0.0113333412 0.0245000022 0.0000000000
endloop
endfacet
facet normal 0 0 1
outer loop
vertex -0.0113333412 0.0263333355 0.0000000000
vertex -0.0095000079 0.0245000022 0.0000000000
vertex -0.0095000079 0.0263333355 0.0000000000
endloop
endfacet
facet normal 0 0 1
outer loop
vertex -0.0113333412 0.0263333355 0.0000000000
vertex -0.0113333412 0.0245000022 0.0000000000
vertex -0.0095000079 0.0245000022 0.0000000000
endloop
endfacet
facet normal 0 0 1
outer loop
vertex 0.0094999933 0.0355000022 0.0000000000
vertex 0.0113333267 0.0336666689 0.0000000000
vertex 0.0113333267 0.0355000022 0.0000000000
endloop
endfacet
facet normal 0 0 1
outer loop
vertex 0.0094999933 0.0355000022 0.0000000000
vertex 0.0094999933 0.0336666689 0.0000000000
vertex 0.0113333267 0.0336666689 0.0000000000
endloop
endfacet
facet normal 0 0 1
outer loop
vertex 0.0113333267 0.0355000022 0.0000000000
vertex 0.0131666600 0.0336666689 0.0000000000
vertex 0.0131666600 0.0355000022 0.0000000000
endloop
endfacet
facet normal 0 0 1
outer loop
vertex 0.0113333267 0.0355000022 0.0000000000
vertex 0.0113333267 0.0336666689 0.0000000000
vertex 0.0131666600 0.0336666689 0.0000000000
endloop
endfacet
facet normal 0 0 1
outer loop
vertex 0.0131666600 0.0355000022 0.0000000000
vertex 0.0149999933 0.0336666689 0.0000000000
vertex 0.0149999933 0.0355000022 0.0000000000
endloop
endfacet
facet normal 0 0 1
outer loop
vertex 0.0131666600 0.0355000022 0.0000000000
vertex 0.0131666600 0.0336666689 0.0000000000
vertex 0.0149999933 0.0336666689 0.0000000000
endloop
endfacet
facet normal 0 0 1
outer loop
vertex 0.0149999933 0.0355000022 0.0000000000
vertex 0.0168333267 0.0336666689 0.0000000000
vertex 0.0168333267 0.0355000022 0.0000000000
endloop
endfacet
facet normal 0 0 1
outer loop
vertex 0.0149999933 0.0355000022 0.0000000000
vertex 0.0149999933 0.0336666689 0.0000000000
vertex 0.0168333267 0.0336666689 0.0000000000
endloop
endfacet
facet normal 0 0 1
outer loop
vertex 0.0168333267 0.0355000022 0.0000000000
vertex 0.0186666600 0.0336666689 0.0000000000
vertex 0.0186666600 0.0355000022 0.0000000000
endloop
endfacet
facet normal 0 0 1
outer loop
vertex 0.0168333267 0.0355000022 0.0000000000
vertex 0.0168333267 0.0336666689 0.0000000000
vertex 0.0186666600 0.0336666689 0.0000000000
endloop
endfacet
facet normal 0 0 1
outer loop
vertex 0.0186666600 0.0355000022 0.0000000000
vertex 0.0204999933 0.0336666689 0.0000000000
vertex 0.0204999933 0.0355000022 0.0000000000
endloop
endfacet
facet normal 0 0 1
outer loop
vertex 0.0186666600 0.0355000022 0.0000000000
vertex 0.0186666600 0.0336666689 0.0000000000
vertex 0.0204999933 0.0336666689 0.0000000000
endloop
endfacet
facet normal 0 0 1
outer loop
vertex 0.0094999933 0.0336666689 0.0000000000
vertex 0.0113333267 0.0318333355 0.0000000000
vertex 0.0113333267 0.0336666689 0.0000000000
endloop
endfacet
facet normal 0 0 1
outer loop
vertex 0.0094999933 0.0336666689 0.0000000000
vertex 0.0094999933 0.0318333355 0.0000000000
vertex 0.0113333267 0.0318333355 0.0000000000
endloop
endfacet
facet normal 0 0 1
outer loop
vertex 0.0113333267 0.0336666689 0.0000000000
vertex 0.0131666600 0.0318333355 0.0000000000
vertex 0.0131666600 0.0336666689 0.0000000000
endloop
endfacet
facet normal 0 0 1
outer loop
vertex 0.0113333267 0.0336666689 0.0000000000
vertex 0.0113333267 0.0318333355 0.0000000000
vertex 0.0131666600 0.0318333355 0.0000000000
endloop
endfacet
facet normal 0 0 1
outer loop
vertex 0.0149999933 0.0336666689 0.0000000000
vertex 0.0168333267 0.0318333355 0.0000000000
vertex 0.0168333267 0.0336666689 0.0000000000
endloop
endfacet
facet normal 0 0 1
outer loop
vertex 0.0149999933 0.0336666689 0.0000000000
vertex 0.0149999933 0.0318333355 0.0000000000
vertex 0.0168333267 0.0318333355 0.0000000000
endloop
endfacet
facet normal 0 0 1
outer loop
vertex 0.0168333267 0.0336666689 0.0000000000
vertex 0.0186666600 0.0318333355 0.0000000000
vertex 0.0186666600 0.0336666689 0.0000000000
endloop
endfacet
facet normal 0 0 1
outer loop
vertex 0.0168333267 0.0336666689 0.0000000000
vertex 0.0168333267 0.0318333355 0.0000000000
vertex 0.0186666600 0.0318333355 0.0000000000
endloop
endfacet
facet normal 0 0 1
outer loop
vertex 0.0186666600 0.0336666689 0.0000000000
vertex 0.0204999933 0.0318333355 0.0000000000
vertex 0.0204999933 0.0336666689 0.0000000000
endloop
endfacet
facet normal 0 0 1
outer loop
vertex 0.0186666600 0.0336666689 0.0000000000
vertex 0.0186666600 0.0318333355 0.0000000000
vertex 0.0204999933 0.0318333355 0.0000000000
endloop
endfacet
facet normal 0 0 1
outer loop
vertex 0.0094999933 0.0318333355 0.0000000000
vertex 0.0113333267 0.0300000022 0.0000000000
vertex 0.0113333267 0.0318333355 0.0000000000
endloop
endfacet
facet normal 0 0 1
outer loop
vertex 0.0094999933 0.0318333355 0.0000000000
vertex 0.0094999933 0.0300000022 0.0000000000
vertex 0.0113333267 0.0300000022 0.0000000000
endloop
endfacet
facet normal 0 0 1
outer loop
vertex 0.0113333267 0.0318333355 0.0000000000
vertex 0.0131666600 0.0300000022 0.0000000000
vertex 0.0131666600 0.0318333355 0.0000000000
endloop
endfacet
facet normal 0 0 1
outer loop
vertex 0.0113333267 0.0318333355 0.0000000000
vertex 0.0113333267 0.0300000022 0.0000000000
vertex 0.0131666600 0.0300000022 0.0000000000
endloop
endfacet
facet normal 0 0 1
outer loop
vertex 0.0168333267 0.0318333355 0.0000000000
vertex 0.0186666600 0.0300000022 0.0000000000
vertex 0.0186666600 0.0318333355 0.0000000000
endloop
endfacet
facet normal 0 0 1
outer loop
vertex 0.0168333267 0.0318333355 0.0000000000
vertex 0.0168333267 0.0300000022 0.0000000000
vertex 0.0186666600 0.0300000022 0.0000000000
endloop
endfacet
facet normal 0 0 1
outer loop
vertex 0.0186666600 0.0318333355 0.0000000000
vertex 0.0204999933 0.0300000022 0.0000000000
vertex 0.0204999933 0.0318333355 0.0000000000
endloop
endfacet
facet normal 0 0 1
outer loop
vertex 0.0186666600 0.0318333355 0.0000000000
vertex 0.0186666600 0.0300000022 0.0000000000
vertex 0.0204999933 0.0300000022 0.0000000000
endloop
endfacet
facet normal 0 0 1
outer loop
vertex 0.0094999933 0.0300000022 0.0000000000
vertex 0.0113333267 0.0281666689 0.0000000000
vertex 0.0113333267 0.0300000022 0.0000000000
endloop
endfacet
facet normal 0 0 1
outer loop
vertex 0.0094999933 0.0300000022 0.0000000000
vertex 0.0094999933 0.0281666689 0.0000000000
vertex 0.0113333267 0.0281666689 0.0000000000
endloop
endfacet
facet normal 0 0 1
outer loop
vertex 0.0113333267 0.0300000022 0.0000000000
vertex 0.0131666600 0.0281666689 0.0000000000
vertex 0.0131666600 0.0300000022 0.0000000000
endloop
endfacet
facet normal 0 0 1
outer loop
vertex 0.0113333267 0.0300000022 0.0000000000
vertex 0.0113333267 0.0281666689 0.0000000000
vertex 0.0131666600 0.0281666689 0.0000000000
endloop
endfacet
facet normal 0 0 1
outer loop
vertex 0.0168333267 0.0300000022 0.0000000000
vertex 0.0186666600 0.0281666689 0.0000000000
vertex 0.0186666600 0.0300000022 0.0000000000
endloop
endfacet
facet normal 0 0 1
outer loop
vertex 0.0168333267 0.0300000022 0.0000000000
vertex 0.0168333267 0.0281666689 0.0000000000
vertex 0.0186666600 0.0281666689 0.0000000000
endloop
endfacet
facet normal 0 0 1
outer loop
vertex 0.0186666600 0.0300000022 0.0000000000
vertex 0.0204999933 0.0281666689 0.0000000000
vertex 0.0204999933 0.0300000022 0.0000000000
endloop
endfacet
facet normal 0 0 1
outer loop
vertex 0.0186666600 0.0300000022 0.0000000000
vertex 0.0186666600 0.0281666689 0.0000000000
vertex 0.0204999933 0.0281666689 0.0000000000
endloop
endfacet
facet normal 0 0 1
outer loop
vertex 0.0094999933 0.0281666689 0.0000000000
vertex 0.0113333267 0.0263333355 0.0000000000
vertex 0.0113333267 0.0281666689 0.0000000000
endloop
endfacet
facet normal 0 0 1
outer loop
vertex 0.0094999933 0.0281666689 0.0000000000
vertex 0.0094999933 0.0263333355 0.0000000000
vertex 0.0113333267 0.0263333355 0.0000000000
endloop
endfacet
facet normal 0 0 1
outer loop
vertex 0.0113333267 0.0281666689 0.0000000000
vertex 0.0131666600 0.0263333355 0.0000000000
vertex 0.0131666600 0.0281666689 0.0000000000
endloop
endfacet
facet normal 0 0 1
outer loop
vertex 0.0113333267 0.0281666689 0.0000000000
vertex 0.0113333267 0.0263333355 0.0000000000
vertex 0.0131666600 0.0263333355 0.0000000000
endloop
endfacet
facet normal 0 0 1
outer loop
vertex 0.0149999933 0.0281666689 0.0000000000
vertex 0.0168333267 0.0263333355 0.0000000000
vertex 0.0168333267 0.0281666689 0.0000000000
endloop
endfacet
facet normal 0 0 1
outer loop
vertex 0.0149999933 0.0281666689 0.0000000000
vertex 0.0149999933 0.0263333355 0.0000000000
vertex 0.0168333267 0.0263333355 0.0000000000
endloop
endfacet
facet normal 0 0 1
outer loop
vertex 0.0186666600 0.0281666689 0.0000000000
vertex 0.0204999933 0.0263333355 0.0000000000
vertex 0.0204999933 0.0281666689 0.0000000000
endloop
endfacet
facet normal 0 0 1
outer loop
vertex 0.0186666600 0.0281666689 0.0000000000
vertex 0.0186666600 0.0263333355 0.0000000000
vertex 0.0204999933 0.0263333355 0.0000000000
endloop
endfacet
facet normal 0 0 1
outer loop
vertex 0.0094999933 0.0263333355 0.0000000000
vertex 0.0113333267 0.0245000022 0.0000000000
vertex 0.0113333267 0.0263333355 0.0000000000
endloop
endfacet
facet normal 0 0 1
outer loop
vertex 0.0094999933 0.0263333355 0.0000000000
vertex 0.0094999933 0.0245000022 0.0000000000
vertex 0.0113333267 0.0245000022 0.0000000000
endloop
endfacet
facet normal 0 0 1
outer loop
vertex 0.0113333267 0.0263333355 0.0000000000
vertex 0.0131666600 0.0245000022 0.0000000000
vertex 0.0131666600 0.0263333355 0.0000000000
endloop
endfacet
facet normal 0 0 1
outer loop
vertex 0.0113333267 0.0263333355 0.0000000000
vertex 0.0113333267 0.0245000022 0.0000000000
vertex 0.0131666600 0.0245000022 0.0000000000
endloop
endfacet
facet normal 0 0 1
outer loop
vertex 0.0131666600 0.0263333355 0.0000000000
vertex 0.0149999933 0.0245000022 0.0000000000
vertex 0.0149999933 0.0263333355 0.0000000000
endloop
endfacet
facet normal 0 0 1
outer loop
vertex 0.0131666600 0.0263333355 0.0000000000
vertex 0.0131666600 0.0245000022 0.0000000000
vertex 0.0149999933 0.0245000022 0.0000000000
endloop
endfacet
facet normal 0 0 1
outer loop
vertex 0.0149999933 0.0263333355 0.0000000000
vertex 0.0168333267 0.0245000022 0.0000000000
vertex 0.0168333267 0.0263333355 0.0000000000
endloop
endfacet
facet normal 0 0 1
outer loop
vertex 0.0149999933 0.0263333355 0.0000000000
vertex 0.0149999933 0.0245000022 0.0000000000
vertex 0.0168333267 0.0245000022 0.0000000000
endloop
endfacet
facet normal 0 0 1
outer loop
vertex 0.0168333267 0.0263333355 0.0000000000
vertex 0.0186666600 0.0245000022 0.0000000000
vertex 0.0186666600 0.0263333355 0.0000000000
endloop
endfacet
facet normal 0 0 1
outer loop
vertex 0.0168333267 0.0263333355 0.0000000000
vertex 0.0168333267 0.0245000022 0.0000000000
vertex 0.0186666600 0.0245000022 0.0000000000
endloop
endfacet
facet normal 0 0 1
outer loop
vertex 0.0186666600 0.0263333355 0.0000000000
vertex 0.0204999933 0.0245000022 0.0000000000
vertex 0.0204999933 0.0263333355 0.0000000000
endloop
endfacet
facet normal 0 0 1
outer loop
vertex 0.0186666600 0.0263333355 0.0000000000
vertex 0.0186666600 0.0245000022 0.0000000000
vertex 0.0204999933 0.0245000022 0.0000000000
endloop
endfacet
facet normal 0 0 1
outer loop
vertex 0.0394999945 0.0355000022 0.0000000000
vertex 0.0413333278 0.0336666689 0.0000000000
vertex 0.0413333278 0.0355000022 0.0000000000
endloop
endfacet
facet normal 0 0 1
outer loop
vertex 0.0394999945 0.0355000022 0.0000000000
vertex 0.0394999945 0.0336666689 0.0000000000
vertex 0.0413333278 0.0336666689 0.0000000000
endloop
endfacet
facet normal 0 0 1
outer loop
vertex 0.0413333278 0.0355000022 0.0000000000
vertex 0.0431666612 0.0336666689 0.0000000000
vertex 0.0431666612 0.0355000022 0.0000000000
endloop
endfacet
facet normal 0 0 1
outer loop
vertex 0.0413333278 0.0355000022 0.0000000000
vertex 0.0413333278 0.0336666689 0.0000000000
vertex 0.0431666612 0.0336666689 0.0000000000
endloop
endfacet
facet normal 0 0 1
outer loop
vertex 0.0431666612 0.0355000022 0.0000000000
vertex 0.0449999945 0.0336666689 0.0000000000
vertex 0.0449999945 0.0355000022 0.0000000000
endloop
endfacet
facet normal 0 0 1
outer loop
vertex 0.0431666612 0.0355000022 0.0000000000
vertex 0.0431666612 0.0336666689 0.0000000000
vertex 0.0449999945 0.0336666689 0.0000000000
endloop
endfacet
facet normal 0 0 1
outer loop
vertex 0.0449999945 0.0355000022 0.0000000000
vertex 0.0468333278 0.0336666689 0.0000000000
vertex 0.0468333278 0.0355000022 0.0000000000
endloop
endfacet
facet normal 0 0 1
outer loop
vertex 0.0449999945 0.0355000022 0.0000000000
vertex 0.0449999945 0.0336666689 0.0000000000
vertex 0.0468333278 0.0336666689 0.0000000000
endloop
endfacet
facet normal 0 0 1
outer loop
vertex 0.0468333278 0.0355000022 0.0000000000
vertex 0.0486666612 0.0336666689 0.0000000000
vertex 0.0486666612 0.0355000022 0.0000000000
endloop
endfacet
facet normal 0 0 1
outer loop
vertex 0.0468333278 0.0355000022 0.0000000000
vertex 0.0468333278 0.0336666689 0.0000000000
vertex 0.0486666612 0.0336666689 0.0000000000
endloop
endfacet
facet normal 0 0 1
outer loop
vertex 0.0486666612 0.0355000022 0.0000000000
vertex 0.0504999945 0.0336666689 0.0000000000
vertex 0.0504999945 0.0355000022 0.0000000000
endloop
endfacet
facet normal 0 0 1
outer loop
vertex 0.0486666612 0.0355000022 0.0000000000
vertex 0.0486666612 0.0336666689 0.0000000000
vertex 0.0504999945 0.0336666689 0.0000000000
endloop
endfacet
facet normal 0 0 1
outer loop
vertex 0.0394999945 0.0336666689 0.0000000000
vertex 0.0413333278 0.0318333355 0.0000000000
vertex 0.0413333278 0.0336666689 0.0000000000
endloop
endfacet
facet normal 0 0 1
outer loop
vertex 0.0394999945 0.0336666689 0.0000000000
vertex 0.0394999945 0.0318333355 0.0000000000
vertex 0.0413333278 0.0318333355 0.0000000000
endloop
endfacet
facet normal 0 0 1
outer loop
vertex 0.0413333278 0.0336666689 0.0000000000
vertex 0.0431666612 0.0318333355 0.0000000000
vertex 0.0431666612 0.0336666689 0.0000000000
endloop
endfacet
facet normal 0 0 1
outer loop
vertex 0.0413333278 0.0336666689 0.0000000000
vertex 0.0413333278 0.0318333355 0.0000000000
vertex 0.0431666612 0.0318333355 0.0000000000
endloop
endfacet
facet normal 0 0 1
outer loop
vertex 0.0468333278 0.0336666689 0.0000000000
vertex 0.0486666612 0.0318333355 0.0000000000
vertex 0.0486666612 0.0336666689 0.0000000000
endloop
endfacet
facet normal 0 0 1
outer loop
vertex 0.0468333278 0.0336666689 0.0000000000
vertex 0.0468333278 0.0318333355 0.0000000000
vertex 0.0486666612 0.0318333355 0.0000000000
endloop
endfacet
facet normal 0 0 1
outer loop
vertex 0.0486666612 0.0336666689 0.0000000000
vertex 0.0504999945 0.0318333355 0.0000000000
vertex 0.0504999945 0.0336666689 0.0000000000
endloop
endfacet
facet normal 0 0 1
outer loop
vertex 0.0486666612 0.0336666689 0.0000000000
vertex 0.0486666612 0.0318333355 0.0000000000
vertex 0.0504999945 0.0318333355 0.0000000000
endloop
endfacet
facet normal 0 0 1
outer loop
vertex 0.0394999945 0.0318333355 0.0000000000
vertex 0.0413333278 0.0300000022 0.0000000000
vertex 0.0413333278 0.0318333355 0.0000000000
endloop
endfacet
facet normal 0 0 1
outer loop
vertex 0.0394999945 0.0318333355 0.0000000000
vertex 0.0394999945 0.0300000022 0.0000000000
vertex 0.0413333278 0.0300000022 0.0000000000
endloop
endfacet
facet normal 0 0 1
outer loop
vertex 0.0413333278 0.0318333355 0.0000000000
vertex 0.0431666612 0.0300000022 0.0000000000
vertex 0.0431666612 0.0318333355 0.0000000000
endloop
endfacet
facet normal 0 0 1
outer loop
vertex 0.0413333278 0.0318333355 0.0000000000
vertex 0.0413333278 0.0300000022 0.0000000000
vertex 0.0431666612 0.0300000022 0.0000000000
endloop
endfacet
facet normal 0 0 1
outer loop
vertex 0.0468333278 0.0318333355 0.0000000000
vertex 0.0486666612 0.0300000022 0.0000000000
vertex 0.0486666612 0.0318333355 0.0000000000
endloop
endfacet
facet normal 0 0 1
outer loop
vertex 0.0468333278 0.0318333355 0.0000000000
vertex 0.0468333278 0.0300000022 0.0000000000
vertex 0.0486666612 0.0300000022 0.0000000000
endloop
endfacet
facet normal 0 0 1
outer loop
vertex 0.0486666612 0.0318333355 0.0000000000
vertex 0.0504999945 0.0300000022 0.0000000000
vertex 0.0504999945 0.0318333355 0.0000000000
endloop
endfacet
facet normal 0 0 1
outer loop
vertex 0.0486666612 0.0318333355 0.0000000000
vertex 0.0486666612 0.0300000022 0.0000000000
vertex 0.0504999945 0.0300000022 0.0000000000
endloop
endfacet
facet normal 0 0 1
outer loop
vertex 0.0394999945 0.0300000022 0.0000000000
vertex 0.0413333278 0.0281666689 0.0000000000
vertex 0.0413333278 0.0300000022 0.0000000000
endloop
endfacet
facet normal 0 0 1
outer loop
vertex 0.0394999945 0.0300000022 0.0000000000
vertex 0.0394999945 0.0281666689 0.0000000000
vertex 0.0413333278 0.0281666689 0.0000000000
endloop
endfacet
facet normal 0 0 1
outer loop
vertex 0.0413333278 0.0300000022 0.0000000000
vertex 0.0431666612 0.0281666689 0.0000000000
vertex 0.0431666612 0.0300000022 0.0000000000
endloop
endfacet
facet normal 0 0 1
outer loop
vertex 0.0413333278 0.0300000022 0.0000000000
vertex 0.0413333278 0.0281666689 0.0000000000
vertex 0.0431666612 0.0281666689 0.0000000000
endloop
endfacet
facet normal 0 0 1
outer loop
vertex 0.0431666612 0.0300000022 0.0000000000
vertex 0.0449999945 0.0281666689 0.0000000000
vertex 0.0449999945 0.0300000022 0.0000000000
endloop
endfacet
facet normal 0 0 1
outer loop
vertex 0.0431666612 0.0300000022 0.0000000000
vertex 0.0431666612 0.0281666689 0.0000000000
vertex 0.0449999945 0.0281666689 0.0000000000
endloop
endfacet
facet normal 0 0 1
outer loop
vertex 0.0449999945 0.0300000022 0.0000000000
vertex 0.0468333278 0.0281666689 0.0000000000
vertex 0.0468333278 0.0300000022 0.0000000000
endloop
endfacet
facet normal 0 0 1
outer loop
vertex 0.0449999945 0.0300000022 0.0000000000
vertex 0.0449999945 0.0281666689 0.0000000000
vertex 0.0468333278 0.0281666689 0.0000000000
endloop
endfacet
facet normal 0 0 1
outer loop
vertex 0.0468333278 0.0300000022 0.0000000000
vertex 0.0486666612 0.0281666689 0.0000000000
vertex 0.0486666612 0.0300000022 0.0000000000
endloop
endfacet
facet normal 0 0 1
outer loop
vertex 0.0468333278 0.0300000022 0.0000000000
vertex 0.0468333278 0.0281666689 0.0000000000
vertex 0.0486666612 0.0281666689 0.0000000000
endloop
endfacet
facet normal 0 0 1
outer loop
vertex 0.0486666612 0.0300000022 0.0000000000
vertex 0.0504999945 0.0281666689 0.0000000000
vertex 0.0504999945 0.0300000022 0.0000000000
endloop
endfacet
facet normal 0 0 1
outer loop
vertex 0.0486666612 0.0300000022 0.0000000000
vertex 0.0486666612 0.0281666689 0.0000000000
vertex 0.0504999945 0.0281666689 0.0000000000
endloop
endfacet
facet normal 0 0 1
outer loop
vertex 0.0394999945 0.0281666689 0.0000000000
vertex 0.0413333278 0.0263333355 0.0000000000
vertex 0.0413333278 0.0281666689 0.0000000000
endloop
endfacet
facet normal 0 0 1
outer loop
vertex 0.0394999945 0.0281666689 0.0000000000
vertex 0.0394999945 0.0263333355 0.0000000000
vertex 0.0413333278 0.0263333355 0.0000000000
endloop
endfacet
facet normal 0 0 1
outer loop
vertex 0.0413333278 0.0281666689 0.0000000000
vertex 0.0431666612 0.0263333355 0.0000000000
vertex 0.0431666612 0.0281666689 0.0000000000
endloop
endfacet
facet normal 0 0 1
outer loop
vertex 0.0413333278 0.0281666689 0.0000000000
vertex 0.0413333278 0.0263333355 0.0000000000
vertex 0.0431666612 0.0263333355 0.0000000000
endloop
endfacet
facet normal 0 0 1
outer loop
vertex 0.0431666612 0.0281666689 0.0000000000
vertex 0.0449999945 0.0263333355 0.0000000000
vertex 0.0449999945 0.0281666689 0.0000000000
endloop
endfacet
facet normal 0 0 1
outer loop
vertex 0.0431666612 0.0281666689 0.0000000000
vertex 0.0431666612 0.0263333355 0.0000000000
vertex 0.0449999945 0.0263333355 0.0000000000
endloop
endfacet
facet normal 0 0 1
outer loop
vertex 0.0449999945 0.0281666689 0.0000000000
vertex 0.0468333278 0.0263333355 0.0000000000
vertex 0.0468333278 0.0281666689 0.0000000000
endloop
endfacet
facet normal 0 0 1
outer loop
vertex 0.0449999945 0.0281666689 0.0000000000
vertex 0.0449999945 0.0263333355 0.0000000000
vertex 0.0468333278 0.0263333355 0.0000000000
endloop
endfacet
facet normal 0 0 1
outer loop
vertex 0.0468333278 0.0281666689 0.0000000000
vertex 0.0486666612 0.0263333355 0.0000000000
vertex 0.0486666612 0.0281666689 0.0000000000
endloop
endfacet
facet normal 0 0 1
outer loop
vertex 0.0468333278 0.0281666689 0.0000000000
vertex 0.0468333278 0.0263333355 0.0000000000
vertex 0.0486666612 0.0263333355 0.0000000000
endloop
endfacet
facet normal 0 0 1
outer loop
vertex 0.0486666612 0.0281666689 0.0000000000
vertex 0.0504999945 0.0263333355 0.0000000000
vertex 0.0504999945 0.0281666689 0.0000000000
endloop
endfacet
facet normal 0 0 1
outer loop
vertex 0.0486666612 0.0281666689 0.0000000000
vertex 0.0486666612 0.0263333355 0.0000000000
vertex 0.0504999945 0.0263333355 0.0000000000
endloop
endfacet
facet normal 0 0 1
outer loop
vertex 0.0394999945 0.0263333355 0.0000000000
vertex 0.0413333278 0.0245000022 0.0000000000
vertex 0.0413333278 0.0263333355 0.0000000000
endloop
endfacet
facet normal 0 0 1
outer loop
vertex 0.0394999945 0.0263333355 0.0000000000
vertex 0.0394999945 0.0245000022 0.0000000000
vertex 0.0413333278 0.0245000022 0.0000000000
endloop
endfacet
facet normal 0 0 1
outer loop
vertex 0.0413333278 0.0263333355 0.0000000000
vertex 0.0431666612 0.0245000022 0.0000000000
vertex 0.0431666612 0.0263333355 0.0000000000
endloop
endfacet
facet normal 0 0 1
outer loop
vertex 0.0413333278 0.0263333355 0.0000000000
vertex 0.0413333278 0.0245000022 0.0000000000
vertex 0.0431666612 0.0245000022 0.0000000000
endloop
endfacet
facet normal 0 0 1
outer loop
vertex 0.0431666612 0.0263333355 0.0000000000
vertex 0.0449999945 0.0245000022 0.0000000000
vertex 0.0449999945 0.0263333355 0.0000000000
endloop
endfacet
facet normal 0 0 1
outer loop
vertex 0.0431666612 0.0263333355 0.0000000000
vertex 0.0431666612 0.0245000022 0.0000000000
vertex 0.0449999945 0.0245000022 0.0000000000
endloop
endfacet
facet normal 0 0 1
outer loop
vertex 0.0449999945 0.0263333355 0.0000000000
vertex 0.0468333278 0.0245000022 0.0000000000
vertex 0.0468333278 0.0263333355 0.0000000000
endloop
endfacet
facet normal 0 0 1
outer loop
vertex 0.0449999945 0.0263333355 0.0000000000
vertex 0.0449999945 0.0245000022 0.0000000000
vertex 0.0468333278 0.0245000022 0.0000000000
endloop
endfacet
facet normal 0 0 1
outer loop
vertex 0.0468333278 0.0263333355 0.0000000000
vertex 0.0486666612 0.0245000022 0.0000000000
vertex 0.0486666612 0.0263333355 0.0000000000
endloop
endfacet
facet normal 0 0 1
outer loop
vertex 0.0468333278 0.0263333355 0.0000000000
vertex 0.0468333278 0.0245000022 0.0000000000
vertex 0.0486666612 0.0245000022 0.0000000000
endloop
endfacet
facet normal 0 0 1
outer loop
vertex 0.0486666612 0.0263333355 0.0000000000
vertex 0.0504999945 0.0245000022 0.0000000000
vertex 0.0504999945 0.0263333355 0.0000000000
endloop
endfacet
facet normal 0 0 1
outer loop
vertex 0.0486666612 0.0263333355 0.0000000000
vertex 0.0486666612 0.0245000022 0.0000000000
vertex 0.0504999945 0.0245000022 0.0000000000
endloop
endfacet
facet normal 0 0 1
outer loop
vertex 0.0694999957 0.0355000022 0.0000000000
vertex 0.0713333290 0.0336666689 0.0000000000
vertex 0.0713333290 0.0355000022 0.0000000000
endloop
endfacet
facet normal 0 0 1
outer loop
vertex 0.0694999957 0.0355000022 0.0000000000
vertex 0.0694999957 0.0336666689 0.0000000000
vertex 0.0713333290 0.0336666689 0.0000000000
endloop
endfacet
facet normal 0 0 1
outer loop
vertex 0.0713333290 0.0355000022 0.0000000000
vertex 0.0731666624 0.0336666689 0.0000000000
vertex 0.0731666624 0.0355000022 0.0000000000
endloop
endfacet
facet normal 0 0 1
outer loop
vertex 0.0713333290 0.0355000022 0.0000000000
vertex 0.0713333290 0.0336666689 0.0000000000
vertex 0.0731666624 0.0336666689 0.0000000000
endloop
endfacet
facet normal 0 0 1
outer loop
vertex 0.0731666624 0.0355000022 0.0000000000
vertex 0.0749999957 0.0336666689 0.0000000000
vertex 0.0749999957 0.0355000022 0.0000000000
endloop
endfacet
facet normal 0 0 1
outer loop
vertex 0.0731666624 0.0355000022 0.0000000000
vertex 0.0731666624 0.0336666689 0.0000000000
vertex 0.0749999957 0.0336666689 0.0000000000
endloop
endfacet
facet normal 0 0 1
outer loop
vertex 0.0749999957 0.0355000022 0.0000000000
vertex 0.0768333290 0.0336666689 0.0000000000
vertex 0.0768333290 0.0355000022 0.0000000000
endloop
endfacet
facet normal 0 0 1
outer loop
vertex 0.0749999957 0.0355000022 0.0000000000
vertex 0.0749999957 0.0336666689 0.0000000000
vertex 0.0768333290 0.0336666689 0.0000000000
endloop
endfacet
facet normal 0 0 1
outer loop
vertex 0.0768333290 0.0355000022 0.0000000000
vertex 0.0786666624 0.0336666689 0.0000000000
vertex 0.0786666624 0.0355000022 0.0000000000
endloop
endfacet
facet normal 0 0 1
outer loop
vertex 0.0768333290 0.0355000022 0.0000000000
vertex 0.0768333290 0.0336666689 0.0000000000
vertex 0.0786666624 0.0336666689 0.0000000000
endloop
endfacet
facet normal 0 0 1
outer loop
vertex 0.0786666624 0.0355000022 0.0000000000
vertex 0.0804999957 0.0336666689 0.0000000000
vertex 0.0804999957 0.0355000022 0.0000000000
endloop
endfacet
facet normal 0 0 1
outer loop
vertex 0.0786666624 0.0355000022 0.0000000000
vertex 0.0786666624 0.0336666689 0.0000000000
vertex 0.0804999957 0.0336666689 0.0000000000
endloop
endfacet
facet normal 0 0 1
outer loop
vertex 0.0694999957 0.0336666689 0.0000000000
vertex 0.0713333290 0.0318333355 0.0000000000
vertex 0.0713333290 0.0336666689 0.0000000000
endloop
endfacet
facet normal 0 0 1
outer loop
vertex 0.0694999957 0.0336666689 0.0000000000
vertex 0.0694999957 0.0318333355 0.0000000000
vertex 0.0713333290 0.0318333355 0.0000000000
endloop
endfacet
facet normal 0 0 1
outer loop
vertex 0.0713333290 0.0336666689 0.0000000000
vertex 0.0731666624 0.0318333355 0.0000000000
vertex 0.0731666624 0.0336666689 0.0000000000
endloop
endfacet
facet normal 0 0 1
outer loop
vertex 0.0713333290 0.0336666689 0.0000000000
vertex 0.0713333290 0.0318333355 0.0000000000
vertex 0.0731666624 0.0318333355 0.0000000000
endloop
endfacet
facet normal 0 0 1
outer loop
vertex 0.0768333290 0.0336666689 0.0000000000
vertex 0.0786666624 0.0318333355 0.0000000000
vertex 0.0786666624 0.0336666689 0.0000000000
endloop
endfacet
facet normal 0 0 1
outer loop
vertex 0.0768333290 0.0336666689 0.0000000000
vertex 0.0768333290 0.0318333355 0.0000000000
vertex 0.0786666624 0.0318333355 0.0000000000
endloop
endfacet
facet normal 0 0 1
outer loop
vertex 0.0786666624 0.0336666689 0.0000000000
vertex 0.0804999957 0.0318333355 0.0000000000
vertex 0.0804999957 0.0336666689 0.0000000000
endloop
endfacet
facet normal 0 0 1
outer loop
vertex 0.0786666624 0.0336666689 0.0000000000
vertex 0.0786666624 0.0318333355 0.0000000000
vertex 0.0804999957 0.0318333355 0.0000000000
endloop
endfacet
facet normal 0 0 1
outer loop
vertex 0.0694999957 0.0318333355 0.0000000000
vertex 0.0713333290 0.0300000022 0.0000000000
vertex 0.0713333290 0.0318333355 0.0000000000
endloop
endfacet
facet normal 0 0 1
outer loop
vertex 0.0694999957 0.0318333355 0.0000000000
vertex 0.0694999957 0.0300000022 0.0000000000
vertex 0.0713333290 0.0300000022 0.0000000000
endloop
endfacet
facet normal 0 0 1
outer loop
vertex 0.0749999957 0.0318333355 0.0000000000
vertex 0.0768333290 0.0300000022 0.0000000000
vertex 0.0768333290 0.0318333355 0.0000000000
endloop
endfacet
facet normal 0 0 1
outer loop
vertex 0.0749999957 0.0318333355 0.0000000000
vertex 0.0749999957 0.0300000022 0.0000000000
vertex 0.0768333290 0.0300000022 0.0000000000
endloop
endfacet
facet normal 0 0 1
outer loop
vertex 0.0768333290 0.0318333355 0.0000000000
vertex 0.0786666624 0.0300000022 0.0000000000
vertex 0.0786666624 0.0318333355 0.0000000000
endloop
endfacet
facet normal 0 0 1
outer loop
vertex 0.0768333290 0.0318333355 0.0000000000
vertex 0.0768333290 0.0300000022 0.0000000000
vertex 0.0786666624 0.0300000022 0.0000000000
endloop
endfacet
facet normal 0 0 1
outer loop
vertex 0.0786666624 0.0318333355 0.0000000000
vertex 0.0804999957 0.0300000022 0.0000000000
vertex 0.0804999957 0.0318333355 0.0000000000
endloop
endfacet
facet normal 0 0 1
outer loop
vertex 0.0786666624 0.0318333355 0.0000000000
vertex 0.0786666624 0.0300000022 0.0000000000
vertex 0.0804999957 0.0300000022 0.0000000000
endloop
endfacet
facet normal 0 0 1
outer loop
vertex 0.0694999957 0.0300000022 0.0000000000
vertex 0.0713333290 0.0281666689 0.0000000000
vertex 0.0713333290 0.0300000022 0.0000000000
endloop
endfacet
facet normal 0 0 1
outer loop
vertex 0.0694999957 0.0300000022 0.0000000000
vertex 0.0694999957 0.0281666689 0.0000000000
vertex 0.0713333290 0.0281666689 0.0000000000
endloop
endfacet
facet normal 0 0 1
outer loop
vertex 0.0713333290 0.0300000022 0.0000000000
vertex 0.0731666624 0.0281666689 0.0000000000
vertex 0.0731666624 0.0300000022 0.0000000000
endloop
endfacet
facet normal 0 0 1
outer loop
vertex 0.0713333290 0.0300000022 0.0000000000
vertex 0.0713333290 0.0281666689 0.0000000000
vertex 0.0731666624 0.0281666689 0.0000000000
endloop
endfacet
facet normal 0 0 1
outer loop
vertex 0.0749999957 0.0300000022 0.0000000000
vertex 0.0768333290 0.0281666689 0.0000000000
vertex 0.0768333290 0.0300000022 0.0000000000
endloop
endfacet
facet normal 0 0 1
outer loop
vertex 0.0749999957 0.0300000022 0.0000000000
vertex 0.0749999957 0.0281666689 0.0000000000
vertex 0.0768333290 0.0281666689 0.0000000000
endloop
endfacet
facet normal 0 0 1
outer loop
vertex 0.0786666624 0.0300000022 0.0000000000
vertex 0.0804999957 0.0281666689 0.0000000000
vertex 0.0804999957 0.0300000022 0.0000000000
endloop
endfacet
facet normal 0 0 1
outer loop
vertex 0.0786666624 0.0300000022 0.0000000000
vertex 0.0786666624 0.0281666689 0.0000000000
vertex 0.0804999957 0.0281666689 0.0000000000
endloop
endfacet
facet normal 0 0 1
outer loop
vertex 0.0694999957 0.0281666689 0.0000000000
vertex 0.0713333290 0.0263333355 0.0000000000
vertex 0.0713333290 0.0281666689 0.0000000000
endloop
endfacet
facet normal 0 0 1
outer loop
vertex 0.0694999957 0.0281666689 0.0000000000
vertex 0.0694999957 0.0263333355 0.0000000000
vertex 0.0713333290 0.0263333355 0.0000000000
endloop
endfacet
facet normal 0 0 1
outer loop
vertex 0.0768333290 0.0281666689 0.0000000000
vertex 0.0786666624 0.0263333355 0.0000000000
vertex 0.0786666624 0.0281666689 0.0000000000
endloop
endfacet
facet normal 0 0 1
outer loop
vertex 0.0768333290 0.0281666689 0.0000000000
vertex 0.0768333290 0.0263333355 0.0000000000
vertex 0.0786666624 0.0263333355 0.0000000000
endloop
endfacet
facet normal 0 0 1
outer loop
vertex 0.0786666624 0.0281666689 0.0000000000
vertex 0.0804999957 0.0263333355 0.0000000000
vertex 0.0804999957 0.0281666689 0.0000000000
endloop
endfacet
facet normal 0 0 1
outer loop
vertex 0.0786666624 0.0281666689 0.0000000000
vertex 0.0786666624 0.0263333355 0.0000000000
vertex 0.0804999957 0.0263333355 0.0000000000
endloop
endfacet
facet normal 0 0 1
outer loop
vertex 0.0694999957 0.0263333355 0.0000000000
vertex 0.0713333290 0.0245000022 0.0000000000
vertex 0.0713333290 0.0263333355 0.0000000000
endloop
endfacet
facet normal 0 0 1
outer loop
vertex 0.0694999957 0.0263333355 0.0000000000
vertex 0.0694999957 0.0245000022 0.0000000000
vertex 0.0713333290 0.0245000022 0.0000000000
endloop
endfacet
facet normal 0 0 1
outer loop
vertex 0.0713333290 0.0263333355 0.0000000000
vertex 0.0731666624 0.0245000022 0.0000000000
vertex 0.0731666624 0.0263333355 0.0000000000
endloop
endfacet
facet normal 0 0 1
outer loop
vertex 0.0713333290 0.0263333355 0.0000000000
vertex 0.0713333290 0.0245000022 0.0000000000
vertex 0.0731666624 0.0245000022 0.0000000000
endloop
endfacet
facet normal 0 0 1
outer loop
vertex 0.0731666624 0.0263333355 0.0000000000
vertex 0.0749999957 0.0245000022 0.0000000000
vertex 0.0749999957 0.0263333355 0.0000000000
endloop
endfacet
facet normal 0 0 1
outer loop
vertex 0.0731666624 0.0263333355 0.0000000000
vertex 0.0731666624 0.0245000022 0.0000000000
vertex 0.0749999957 0.0245000022 0.0000000000
endloop
endfacet
facet normal 0 0 1
outer loop
vertex 0.0749999957 0.0263333355 0.0000000000
vertex 0.0768333290 0.0245000022 0.0000000000
vertex 0.0768333290 0.0263333355 0.0000000000
endloop
endfacet
facet normal 0 0 1
outer loop
vertex 0.0749999957 0.0263333355 0.0000000000
vertex 0.0749999957 0.0245000022 0.0000000000
vertex 0.0768333290 0.0245000022 0.0000000000
endloop
endfacet
facet normal 0 0 1
outer loop
vertex 0.0768333290 0.0263333355 0.0000000000
vertex 0.0786666624 0.0245000022 0.0000000000
vertex 0.0786666624 0.0263333355 0.0000000000
endloop
endfacet
facet normal 0 0 1
outer loop
vertex 0.0768333290 0.0263333355 0.0000000000
vertex 0.0768333290 0.0245000022 0.0000000000
vertex 0.0786666624 0.0245000022 0.0000000000
endloop
endfacet
facet normal 0 0 1
outer loop
vertex 0.0786666624 0.0263333355 0.0000000000
vertex 0.0804999957 0.0245000022 0.0000000000
vertex 0.0804999957 0.0263333355 0.0000000000
endloop
endfacet
facet normal 0 0 1
outer loop
vertex 0.0786666624 0.0263333355 0.0000000000
vertex 0.0786666624 0.0245000022 0.0000000000
vertex 0.0804999957 0.0245000022 0.0000000000
endloop
endfacet
facet normal 0 0 1
outer loop
vertex -0.0955000001 0.0205000016 0.0000000000
vertex -0.0936666668 0.0186666683 0.0000000000
vertex -0.0936666668 0.0205000016 0.0000000000
endloop
endfacet
facet normal 0 0 1
outer loop
vertex -0.0955000001 0.0205000016 0.0000000000
vertex -0.0955000001 0.0186666683 0.0000000000
vertex -0.0936666668 0.0186666683 0.0000000000
endloop
endfacet
facet normal 0 0 1
outer loop
vertex -0.0936666668 0.0205000016 0.0000000000
vertex -0.0918333335 0.0186666683 0.0000000000
vertex -0.0918333335 0.0205000016 0.0000000000
endloop
endfacet
facet normal 0 0 1
outer loop
vertex -0.0936666668 0.0205000016 0.0000000000
vertex -0.0936666668 0.0186666683 0.0000000000
vertex -0.0918333335 0.0186666683 0.0000000000
endloop
endfacet
facet normal 0 0 1
outer loop
vertex -0.0918333335 0.0205000016 0.0000000000
vertex -0.0900000001 0.0186666683 0.0000000000
vertex -0.0900000001 0.0205000016 0.0000000000
endloop
endfacet
facet normal 0 0 1
outer loop
vertex -0.0918333335 0.0205000016 0.0000000000
vertex -0.0918333335 0.0186666683 0.0000000000
vertex -0.0900000001 0.0186666683 0.0000000000
endloop
endfacet
facet normal 0 0 1
outer loop
vertex -0.0900000001 0.0205000016 0.0000000000
vertex -0.0881666668 0.0186666683 0.0000000000
vertex -0.0881666668 0.0205000016 0.0000000000
endloop
endfacet
facet normal 0 0 1
outer loop
vertex -0.0900000001 0.0205000016 0.0000000000
vertex -0.0900000001 0.0186666683 0.0000000000
vertex -0.0881666668 0.0186666683 0.0000000000
endloop
endfacet
facet normal 0 0 1
outer loop
vertex -0.0881666668 0.0205000016 0.0000000000
vertex -0.0863333335 0.0186666683 0.0000000000
vertex -0.0863333335 0.0205000016 0.0000000000
endloop
endfacet
facet normal 0 0 1
outer loop
vertex -0.0881666668 0.0205000016 0.0000000000
vertex -0.0881666668 0.0186666683 0.0000000000
vertex -0.0863333335 0.0186666683 0.0000000000
endloop
endfacet
facet normal 0 0 1
outer loop
vertex -0.0863333335 0.0205000016 0.0000000000
vertex -0.0845000001 0.0186666683 0.0000000000
vertex -0.0845000001 0.0205000016 0.0000000000
endloop
endfacet
facet normal 0 0 1
outer loop
vertex -0.0863333335 0.0205000016 0.0000000000
vertex -0.0863333335 0.0186666683 0.0000000000
vertex -0.0845000001 0.0186666683 0.0000000000
endloop
endfacet
facet normal 0 0 1
outer loop
vertex -0.0955000001 0.0186666683 0.0000000000
vertex -0.0936666668 0.0168333349 0.0000000000
vertex -0.0936666668 0.0186666683 0.0000000000
endloop
endfacet
facet normal 0 0 1
outer loop
vertex -0.0955000001 0.0186666683 0.0000000000
vertex -0.0955000001 0.0168333349 0.0000000000
vertex -0.0936666668 0.0168333349 0.0000000000
endloop
endfacet
facet normal 0 0 1
outer loop
vertex -0.0936666668 0.0186666683 0.0000000000
vertex -0.0918333335 0.0168333349 0.0000000000
vertex -0.0918333335 0.0186666683 0.0000000000
endloop
endfacet
facet normal 0 0 1
outer loop
vertex -0.0936666668 0.0186666683 0.0000000000
vertex -0.0936666668 0.0168333349 0.0000000000
vertex -0.0918333335 0.0168333349 0.0000000000
endloop
endfacet
facet normal 0 0 1
outer loop
vertex -0.0863333335 0.0186666683 0.0000000000
vertex -0.0845000001 0.0168333349 0.0000000000
vertex -0.0845000001 0.0186666683 0.0000000000
endloop
endfacet
facet normal 0 0 1
outer loop
vertex -0.0863333335 0.0186666683 0.0000000000
vertex -0.0863333335 0.0168333349 0.0000000000
vertex -0.0845000001 0.0168333349 0.0000000000
endloop
endfacet
facet normal 0 0 1
outer loop
vertex -0.0955000001 0.0168333349 0.0000000000
vertex -0.0936666668 0.0150000016 0.0000000000
vertex -0.0936666668 0.0168333349 0.0000000000
endloop
endfacet
facet normal 0 0 1
outer loop
vertex -0.0955000001 0.0168333349 0.0000000000
vertex -0.0955000001 0.0150000016 0.0000000000
vertex -0.0936666668 0.0150000016 0.0000000000
endloop
endfacet
facet normal 0 0 1
outer loop
vertex -0.0936666668 0.0168333349 0.0000000000
vertex -0.0918333335 0.0150000016 0.0000000000
vertex -0.0918333335 0.0168333349 0.0000000000
endloop
endfacet
facet normal 0 0 1
outer loop
vertex -0.0936666668 0.0168333349 0.0000000000
vertex -0.0936666668 0.0150000016 0.0000000000
vertex -0.0918333335 0.0150000016 0.0000000000
endloop
endfacet
facet normal 0 0 1
outer loop
vertex -0.0881666668 0.0168333349 0.0000000000
vertex -0.0863333335 0.0150000016 0.0000000000
vertex -0.0863333335 0.0168333349 0.0000000000
endloop
endfacet
facet normal 0 0 1
outer loop
vertex -0.0881666668 0.0168333349 0.0000000000
vertex -0.0881666668 0.0150000016 0.0000000000
vertex -0.0863333335 0.0150000016 0.0000000000
endloop
endfacet
facet normal 0 0 1
outer loop
vertex -0.0863333335 0.0168333349 0.0000000000
vertex -0.0845000001 0.0150000016 0.0000000000
vertex -0.0845000001 0.0168333349 0.0000000000
endloop
endfacet
facet normal 0 0 1
outer loop
vertex -0.0863333335 0.0168333349 0.0000000000
vertex -0.0863333335 0.0150000016 0.0000000000
vertex -0.0845000001 0.0150000016 0.0000000000
endloop
endfacet
facet normal 0 0 1
outer loop
vertex -0.0955000001 0.0150000016 0.0000000000
vertex -0.0936666668 0.0131666683 0.0000000000
vertex -0.0936666668 0.0150000016 0.0000000000
endloop
endfacet
facet normal 0 0 1
outer loop
vertex -0.0955000001 0.0150000016 0.0000000000
vertex -0.0955000001 0.0131666683 0.0000000000
vertex -0.0936666668 0.0131666683 0.0000000000
endloop
endfacet
facet normal 0 0 1
outer loop
vertex -0.0918333335 0.0150000016 0.0000000000
vertex -0.0900000001 0.0131666683 0.0000000000
vertex -0.0900000001 0.0150000016 0.0000000000
endloop
endfacet
facet normal 0 0 1
outer loop
vertex -0.0918333335 0.0150000016 0.0000000000
vertex -0.0918333335 0.0131666683 0.0000000000
vertex -0.0900000001 0.0131666683 0.0000000000
endloop
endfacet
facet normal 0 0 1
outer loop
vertex -0.0881666668 0.0150000016 0.0000000000
vertex -0.0863333335 0.0131666683 0.0000000000
vertex -0.0863333335 0.0150000016 0.0000000000
endloop
endfacet
facet normal 0 0 1
outer loop
vertex -0.0881666668 0.0150000016 0.0000000000
vertex -0.0881666668 0.0131666683 0.0000000000
vertex -0.0863333335 0.0131666683 0.0000000000
endloop
endfacet
facet normal 0 0 1
outer loop
vertex -0.0863333335 0.0150000016 0.0000000000
vertex -0.0845000001 0.0131666683 0.0000000000
vertex -0.0845000001 0.0150000016 0.0000000000
endloop
endfacet
facet normal 0 0 1
outer loop
vertex -0.0863333335 0.0150000016 0.0000000000
vertex -0.0863333335 0.0131666683 0.0000000000
vertex -0.0845000001 0.0131666683 0.0000000000
endloop
endfacet
facet normal 0 0 1
outer loop
vertex -0.0955000001 0.0131666683 0.0000000000
vertex -0.0936666668 0.0113333349 0.0000000000
vertex -0.0936666668 0.0131666683 0.0000000000
endloop
endfacet
facet normal 0 0 1
outer loop
vertex -0.0955000001 0.0131666683 0.0000000000
vertex -0.0955000001 0.0113333349 0.0000000000
vertex -0.0936666668 0.0113333349 0.0000000000
endloop
endfacet
facet normal 0 0 1
outer loop
vertex -0.0863333335 0.0131666683 0.0000000000
vertex -0.0845000001 0.0113333349 0.0000000000
vertex -0.0845000001 0.0131666683 0.0000000000
endloop
endfacet
facet normal 0 0 1
outer loop
vertex -0.0863333335 0.0131666683 0.0000000000
vertex -0.0863333335 0.0113333349 0.0000000000
vertex -0.0845000001 0.0113333349 0.0000000000
endloop
endfacet
facet normal 0 0 1
outer loop
vertex -0.0955000001 0.0113333349 0.0000000000
vertex -0.0936666668 0.0095000016 0.0000000000
vertex -0.0936666668 0.0113333349 0.0000000000
endloop
endfacet
facet normal 0 0 1
outer loop
vertex -0.0955000001 0.0113333349 0.0000000000
vertex -0.0955000001 0.0095000016 0.0000000000
vertex -0.0936666668 0.0095000016 0.0000000000
endloop
endfacet
facet normal 0 0 1
outer loop
vertex -0.0936666668 0.0113333349 0.0000000000
vertex -0.0918333335 0.0095000016 0.0000000000
vertex -0.0918333335 0.0113333349 0.0000000000
endloop
endfacet
facet normal 0 0 1
outer loop
vertex -0.0936666668 0.0113333349 0.0000000000
vertex -0.0936666668 0.0095000016 0.0000000000
vertex -0.0918333335 0.0095000016 0.0000000000
endloop
endfacet
facet normal 0 0 1
outer loop
vertex -0.0918333335 0.0113333349 0.0000000000
vertex -0.0900000001 0.0095000016 0.0000000000
vertex -0.0900000001 0.0113333349 0.0000000000
endloop
endfacet
facet normal 0 0 1
outer loop
vertex -0.0918333335 0.0113333349 0.0000000000
vertex -0.0918333335 0.0095000016 0.0000000000
vertex -0.0900000001 0.0095000016 0.0000000000
endloop
endfacet
facet normal 0 0 1
outer loop
vertex -0.0900000001 0.0113333349 0.0000000000
vertex -0.0881666668 0.0095000016 0.0000000000
vertex -0.0881666668 0.0113333349 0.0000000000
endloop
endfacet
facet normal 0 0 1
outer loop
vertex -0.0900000001 0.0113333349 0.0000000000
vertex -0.0900000001 0.0095000016 0.0000000000
vertex -0.0881666668 0.0095000016 0.0000000000
endloop
endfacet
facet normal 0 0 1
outer loop
vertex -0.0881666668 0.0113333349 0.0000000000
vertex -0.0863333335 0.0095000016 0.0000000000
vertex -0.0863333335 0.0113333349 0.0000000000
endloop
endfacet
facet normal 0 0 1
outer loop
vertex -0.0881666668 0.0113333349 0.0000000000
vertex -0.0881666668 0.0095000016 0.0000000000
vertex -0.0863333335 0.0095000016 0.0000000000
endloop
endfacet
facet normal 0 0 1
outer loop
vertex -0.0863333335 0.0113333349 0.0000000000
vertex -0.0845000001 0.0095000016 0.0000000000
vertex -0.0845000001 0.0113333349 0.0000000000
endloop
endfacet
facet normal 0 0 1
outer loop
vertex -0.0863333335 0.0113333349 0.0000000000
vertex -0.0863333335 0.0095000016 0.0000000000
vertex -0.0845000001 0.0095000016 0.0000000000
endloop
endfacet
facet normal 0 0 1
outer loop
vertex -0.0655000022 0.0205000016 0.0000000000
vertex -0.0636666689 0.0186666683 0.0000000000
vertex -0.0636666689 0.0205000016 0.0000000000
endloop
endfacet
facet normal 0 0 1
outer loop
vertex -0.0655000022 0.0205000016 0.0000000000
vertex -0.0655000022 0.0186666683 0.0000000000
vertex -0.0636666689 0.0186666683 0.0000000000
endloop
endfacet
facet normal 0 0 1
outer loop
vertex -0.0636666689 0.0205000016 0.0000000000
vertex -0.0618333355 0.0186666683 0.0000000000
vertex -0.0618333355 0.0205000016 0.0000000000
endloop
endfacet
facet normal 0 0 1
outer loop
vertex -0.0636666689 0.0205000016 0.0000000000
vertex -0.0636666689 0.0186666683 0.0000000000
vertex -0.0618333355 0.0186666683 0.0000000000
endloop
endfacet
facet normal 0 0 1
outer loop
vertex -0.0618333355 0.0205000016 0.0000000000
vertex -0.0600000022 0.0186666683 0.0000000000
vertex -0.0600000022 0.0205000016 0.0000000000
endloop
endfacet
facet normal 0 0 1
outer loop
vertex -0.0618333355 0.0205000016 0.0000000000
vertex -0.0618333355 0.0186666683 0.0000000000
vertex -0.0600000022 0.0186666683 0.0000000000
endloop
endfacet
facet normal 0 0 1
outer loop
vertex -0.0600000022 0.0205000016 0.0000000000
vertex -0.0581666689 0.0186666683 0.0000000000
vertex -0.0581666689 0.0205000016 0.0000000000
endloop
endfacet
facet normal 0 0 1
outer loop
vertex -0.0600000022 0.0205000016 0.0000000000
vertex -0.0600000022 0.0186666683 0.0000000000
vertex -0.0581666689 0.0186666683 0.0000000000
endloop
endfacet
facet normal 0 0 1
outer loop
vertex -0.0581666689 0.0205000016 0.0000000000
vertex -0.0563333355 0.0186666683 0.0000000000
vertex -0.0563333355 0.0205000016 0.0000000000
endloop
endfacet
facet normal 0 0 1
outer loop
vertex -0.0581666689 0.0205000016 0.0000000000
vertex -0.0581666689 0.0186666683 0.0000000000
vertex -0.0563333355 0.0186666683 0.0000000000
endloop
endfacet
facet normal 0 0 1
outer loop
vertex -0.0563333355 0.0205000016 0.0000000000
vertex -0.0545000022 0.0186666683 0.0000000000
vertex -0.0545000022 0.0205000016 0.0000000000
endloop
endfacet
facet normal 0 0 1
outer loop
vertex -0.0563333355 0.0205000016 0.0000000000
vertex -0.0563333355 0.0186666683 0.0000000000
vertex -0.0545000022 0.0186666683 0.0000000000
endloop
endfacet
facet normal 0 0 1
outer loop
vertex -0.0655000022 0.0186666683 0.0000000000
vertex -0.0636666689 0.0168333349 0.0000000000
vertex -0.0636666689 0.0186666683 0.0000000000
endloop
endfacet
facet normal 0 0 1
outer loop
vertex -0.0655000022 0.0186666683 0.0000000000
vertex -0.0655000022 0.0168333349 0.0000000000
vertex -0.0636666689 0.0168333349 0.0000000000
endloop
endfacet
facet normal 0 0 1
outer loop
vertex -0.0618333355 0.0186666683 0.0000000000
vertex -0.0600000022 0.0168333349 0.0000000000
vertex -0.0600000022 0.0186666683 0.0000000000
endloop
endfacet
facet normal 0 0 1
outer loop
vertex -0.0618333355 0.0186666683 0.0000000000
vertex -0.0618333355 0.0168333349 0.0000000000
vertex -0.0600000022 0.0168333349 0.0000000000
endloop
endfacet
facet normal 0 0 1
outer loop
vertex -0.0600000022 0.0186666683 0.0000000000
vertex -0.0581666689 0.0168333349 0.0000000000
vertex -0.0581666689 0.0186666683 0.0000000000
endloop
endfacet
facet normal 0 0 1
outer loop
vertex -0.0600000022 0.0186666683 0.0000000000
vertex -0.0600000022 0.0168333349 0.0000000000
vertex -0.0581666689 0.0168333349 0.0000000000
endloop
endfacet
facet normal 0 0 1
outer loop
vertex -0.0581666689 0.0186666683 0.0000000000
vertex -0.0563333355 0.0168333349 0.0000000000
vertex -0.0563333355 0.0186666683 0.0000000000
endloop
endfacet
facet normal 0 0 1
outer loop
vertex -0.0581666689 0.0186666683 0.0000000000
vertex -0.0581666689 0.0168333349 0.0000000000
vertex -0.0563333355 0.0168333349 0.0000000000
endloop
endfacet
facet normal 0 0 1
outer loop
vertex -0.0563333355 0.0186666683 0.0000000000
vertex -0.0545000022 0.0168333349 0.0000000000
vertex -0.0545000022 0.0186666683 0.0000000000
endloop
endfacet
facet normal 0 0 1
outer loop
vertex -0.0563333355 0.0186666683 0.0000000000
vertex -0.0563333355 0.0168333349 0.0000000000
vertex -0.0545000022 0.0168333349 0.0000000000
endloop
endfacet
facet normal 0 0 1
outer loop
vertex -0.0655000022 0.0168333349 0.0000000000
vertex -0.0636666689 0.0150000016 0.0000000000
vertex -0.0636666689 0.0168333349 0.0000000000
endloop
endfacet
facet normal 0 0 1
outer loop
vertex -0.0655000022 0.0168333349 0.0000000000
vertex -0.0655000022 0.0150000016 0.0000000000
vertex -0.0636666689 0.0150000016 0.0000000000
endloop
endfacet
facet normal 0 0 1
outer loop
vertex -0.0636666689 0.0168333349 0.0000000000
vertex -0.0618333355 0.0150000016 0.0000000000
vertex -0.0618333355 0.0168333349 0.0000000000
endloop
endfacet
facet normal 0 0 1
outer loop
vertex -0.0636666689 0.0168333349 0.0000000000
vertex -0.0636666689 0.0150000016 0.0000000000
vertex -0.0618333355 0.0150000016 0.0000000000
endloop
endfacet
facet normal 0 0 1
outer loop
vertex -0.0581666689 0.0168333349 0.0000000000
vertex -0.0563333355 0.0150000016 0.0000000000
vertex -0.0563333355 0.0168333349 0.0000000000
endloop
endfacet
facet normal 0 0 1
outer loop
vertex -0.0581666689 0.0168333349 0.0000000000
vertex -0.0581666689 0.0150000016 0.0000000000
vertex -0.0563333355 0.0150000016 0.0000000000
endloop
endfacet
facet normal 0 0 1
outer loop
vertex -0.0563333355 0.0168333349 0.0000000000
vertex -0.0545000022 0.0150000016 0.0000000000
vertex -0.0545000022 0.0168333349 0.0000000000
endloop
endfacet
facet normal 0 0 1
outer loop
vertex -0.0563333355 0.0168333349 0.0000000000
vertex -0.0563333355 0.0150000016 0.0000000000
vertex -0.0545000022 0.0150000016 0.0000000000
endloop
endfacet
facet normal 0 0 1
outer loop
vertex -0.0655000022 0.0150000016 0.0000000000
vertex -0.0636666689 0.0131666683 0.0000000000
vertex -0.0636666689 0.0150000016 0.0000000000
endloop
endfacet
facet normal 0 0 1
outer loop
vertex -0.0655000022 0.0150000016 0.0000000000
vertex -0.0655000022 0.0131666683 0.0000000000
vertex -0.0636666689 0.0131666683 0.0000000000
endloop
endfacet
facet normal 0 0 1
outer loop
vertex -0.0618333355 0.0150000016 0.0000000000
vertex -0.0600000022 0.0131666683 0.0000000000
vertex -0.0600000022 0.0150000016 0.0000000000
endloop
endfacet
facet normal 0 0 1
outer loop
vertex -0.0618333355 0.0150000016 0.0000000000
vertex -0.0618333355 0.0131666683 0.0000000000
vertex -0.0600000022 0.0131666683 0.0000000000
endloop
endfacet
facet normal 0 0 1
outer loop
vertex -0.0600000022 0.0150000016 0.0000000000
vertex -0.0581666689 0.0131666683 0.0000000000
vertex -0.0581666689 0.0150000016 0.0000000000
endloop
endfacet
facet normal 0 0 1
outer loop
vertex -0.0600000022 0.0150000016 0.0000000000
vertex -0.0600000022 0.0131666683 0.0000000000
vertex -0.0581666689 0.0131666683 0.0000000000
endloop
endfacet
facet normal 0 0 1
outer loop
vertex -0.0581666689 0.0150000016 0.0000000000
vertex -0.0563333355 0.0131666683 0.0000000000
vertex -0.0563333355 0.0150000016 0.0000000000
endloop
endfacet
facet normal 0 0 1
outer loop
vertex -0.0581666689 0.0150000016 0.0000000000
vertex -0.0581666689 0.0131666683 0.0000000000
vertex -0.0563333355 0.0131666683 0.0000000000
endloop
endfacet
facet normal 0 0 1
outer loop
vertex -0.0563333355 0.0150000016 0.0000000000
vertex -0.0545000022 0.0131666683 0.0000000000
vertex -0.0545000022 0.0150000016 0.0000000000
endloop
endfacet
facet normal 0 0 1
outer loop
vertex -0.0563333355 0.0150000016 0.0000000000
vertex -0.0563333355 0.0131666683 0.0000000000
vertex -0.0545000022 0.0131666683 0.0000000000
endloop
endfacet
facet normal 0 0 1
outer loop
vertex -0.0655000022 0.0131666683 0.0000000000
vertex -0.0636666689 0.0113333349 0.0000000000
vertex -0.0636666689 0.0131666683 0.0000000000
endloop
endfacet
facet normal 0 0 1
outer loop
vertex -0.0655000022 0.0131666683 0.0000000000
vertex -0.0655000022 0.0113333349 0.0000000000
vertex -0.0636666689 0.0113333349 0.0000000000
endloop
endfacet
facet normal 0 0 1
outer loop
vertex -0.0618333355 0.0131666683 0.0000000000
vertex -0.0600000022 0.0113333349 0.0000000000
vertex -0.0600000022 0.0131666683 0.0000000000
endloop
endfacet
facet normal 0 0 1
outer loop
vertex -0.0618333355 0.0131666683 0.0000000000
vertex -0.0618333355 0.0113333349 0.0000000000
vertex -0.0600000022 0.0113333349 0.0000000000
endloop
endfacet
facet normal 0 0 1
outer loop
vertex -0.0563333355 0.0131666683 0.0000000000
vertex -0.0545000022 0.0113333349 0.0000000000
vertex -0.0545000022 0.0131666683 0.0000000000
endloop
endfacet
facet normal 0 0 1
outer loop
vertex -0.0563333355 0.0131666683 0.0000000000
vertex -0.0563333355 0.0113333349 0.0000000000
vertex -0.0545000022 0.0113333349 0.0000000000
endloop
endfacet
facet normal 0 0 1
outer loop
vertex -0.0655000022 0.0113333349 0.0000000000
vertex -0.0636666689 0.0095000016 0.0000000000
vertex -0.0636666689 0.0113333349 0.0000000000
endloop
endfacet
facet normal 0 0 1
outer loop
vertex -0.0655000022 0.0113333349 0.0000000000
vertex -0.0655000022 0.0095000016 0.0000000000
vertex -0.0636666689 0.0095000016 0.0000000000
endloop
endfacet
facet normal 0 0 1
outer loop
vertex -0.0636666689 0.0113333349 0.0000000000
vertex -0.0618333355 0.0095000016 0.0000000000
vertex -0.0618333355 0.0113333349 0.0000000000
endloop
endfacet
facet normal 0 0 1
outer loop
vertex -0.0636666689 0.0113333349 0.0000000000
vertex -0.0636666689 0.0095000016 0.0000000000
vertex -0.0618333355 0.0095000016 0.0000000000
endloop
endfacet
facet normal 0 0 1
outer loop
vertex -0.0618333355 0.0113333349 0.0000000000
vertex -0.0600000022 0.0095000016 0.0000000000
vertex -0.0600000022 0.0113333349 0.0000000000
endloop
endfacet
facet normal 0 0 1
outer loop
vertex -0.0618333355 0.0113333349 0.0000000000
vertex -0.0618333355 0.0095000016 0.0000000000
vertex -0.0600000022 0.0095000016 0.0000000000
endloop
endfacet
facet normal 0 0 1
outer loop
vertex -0.0600000022 0.0113333349 0.0000000000
vertex -0.0581666689 0.0095000016 0.0000000000
vertex -0.0581666689 0.0113333349 0.0000000000
endloop
endfacet
facet normal 0 0 1
outer loop
vertex -0.0600000022 0.0113333349 0.0000000000
vertex -0.0600000022 0.0095000016 0.0000000000
vertex -0.0581666689 0.0095000016 0.0000000000
endloop
endfacet
facet normal 0 0 1
outer loop
vertex -0.0581666689 0.0113333349 0.0000000000
vertex -0.0563333355 0.0095000016 0.0000000000
vertex -0.0563333355 0.0113333349 0.0000000000
endloop
endfacet
facet normal 0 0 1
outer loop
vertex -0.0581666689 0.0113333349 0.0000000000
vertex -0.0581666689 0.0095000016 0.0000000000
vertex -0.0563333355 0.0095000016 0.0000000000
endloop
endfacet
facet normal 0 0 1
outer loop
vertex -0.0563333355 0.0113333349 0.0000000000
vertex -0.0545000022 0.0095000016 0.0000000000
vertex -0.0545000022 0.0113333349 0.0000000000
endloop
endfacet
facet normal 0 0 1
outer loop
vertex -0.0563333355 0.0113333349 0.0000000000
vertex -0.0563333355 0.0095000016 0.0000000000
vertex -0.0545000022 0.0095000016 0.0000000000
endloop
endfacet
facet normal 0 0 1
outer loop
vertex -0.0355000010 0.0205000016 0.0000000000
vertex -0.0336666677 0.0186666683 0.0000000000
vertex -0.0336666677 0.0205000016 0.0000000000
endloop
endfacet
facet normal 0 0 1
outer loop
vertex -0.0355000010 0.0205000016 0.0000000000
vertex -0.0355000010 0.0186666683 0.0000000000
vertex -0.0336666677 0.0186666683 0.0000000000
endloop
endfacet
facet normal 0 0 1
outer loop
vertex -0.0336666677 0.0205000016 0.0000000000
vertex -0.0318333343 0.0186666683 0.0000000000
vertex -0.0318333343 0.0205000016 0.0000000000
endloop
endfacet
facet normal 0 0 1
outer loop
vertex -0.0336666677 0.0205000016 0.0000000000
vertex -0.0336666677 0.0186666683 0.0000000000
vertex -0.0318333343 0.0186666683 0.0000000000
endloop
endfacet
facet normal 0 0 1
outer loop
vertex -0.0318333343 0.0205000016 0.0000000000
vertex -0.0300000010 0.0186666683 0.0000000000
vertex -0.0300000010 0.0205000016 0.0000000000
endloop
endfacet
facet normal 0 0 1
outer loop
vertex -0.0318333343 0.0205000016 0.0000000000
vertex -0.0318333343 0.0186666683 0.0000000000
vertex -0.0300000010 0.0186666683 0.0000000000
endloop
endfacet
facet normal 0 0 1
outer loop
vertex -0.0300000010 0.0205000016 0.0000000000
vertex -0.0281666677 0.0186666683 0.0000000000
vertex -0.0281666677 0.0205000016 0.0000000000
endloop
endfacet
facet normal 0 0 1
outer loop
vertex -0.0300000010 0.0205000016 0.0000000000
vertex -0.0300000010 0.0186666683 0.0000000000
vertex -0.0281666677 0.0186666683 0.0000000000
endloop
endfacet
facet normal 0 0 1
outer loop
vertex -0.0281666677 0.0205000016 0.0000000000
vertex -0.0263333343 0.0186666683 0.0000000000
vertex -0.0263333343 0.0205000016 0.0000000000
endloop
endfacet
facet normal 0 0 1
outer loop
vertex -0.0281666677 0.0205000016 0.0000000000
vertex -0.0281666677 0.0186666683 0.0000000000
vertex -0.0263333343 0.0186666683 0.0000000000
endloop
endfacet
facet normal 0 0 1
outer loop
vertex -0.0263333343 0.0205000016 0.0000000000
vertex -0.0245000010 0.0186666683 0.0000000000
vertex -0.0245000010 0.0205000016 0.0000000000
endloop
endfacet
facet normal 0 0 1
outer loop
vertex -0.0263333343 0.0205000016 0.0000000000
vertex -0.0263333343 0.0186666683 0.0000000000
vertex -0.0245000010 0.0186666683 0.0000000000
endloop
endfacet
facet normal 0 0 1
outer loop
vertex -0.0355000010 0.0186666683 0.0000000000
vertex -0.0336666677 0.0168333349 0.0000000000
vertex -0.0336666677 0.0186666683 0.0000000000
endloop
endfacet
facet normal 0 0 1
outer loop
vertex -0.0355000010 0.0186666683 0.0000000000
vertex -0.0355000010 0.0168333349 0.0000000000
vertex -0.0336666677 0.0168333349 0.0000000000
endloop
endfacet
facet normal 0 0 1
outer loop
vertex -0.0318333343 0.0186666683 0.0000000000
vertex -0.0300000010 0.0168333349 0.0000000000
vertex -0.0300000010 0.0186666683 0.0000000000
endloop
endfacet
facet normal 0 0 1
outer loop
vertex -0.0318333343 0.0186666683 0.0000000000
vertex -0.0318333343 0.0168333349 0.0000000000
vertex -0.0300000010 0.0168333349 0.0000000000
endloop
endfacet
facet normal 0 0 1
outer loop
vertex -0.0263333343 0.0186666683 0.0000000000
vertex -0.0245000010 0.0168333349 0.0000000000
vertex -0.0245000010 0.0186666683 0.0000000000
endloop
endfacet
facet normal 0 0 1
outer loop
vertex -0.0263333343 0.0186666683 0.0000000000
vertex -0.0263333343 0.0168333349 0.0000000000
vertex -0.0245000010 0.0168333349 0.0000000000
endloop
endfacet
facet normal 0 0 1
outer loop
vertex -0.0355000010 0.0168333349 0.0000000000
vertex -0.0336666677 0.0150000016 0.0000000000
vertex -0.0336666677 0.0168333349 0.0000000000
endloop
endfacet
facet normal 0 0 1
outer loop
vertex -0.0355000010 0.0168333349 0.0000000000
vertex -0.0355000010 0.0150000016 0.0000000000
vertex -0.0336666677 0.0150000016 0.0000000000
endloop
endfacet
facet normal 0 0 1
outer loop
vertex -0.0336666677 0.0168333349 0.0000000000
vertex -0.0318333343 0.0150000016 0.0000000000
vertex -0.0318333343 0.0168333349 0.0000000000
endloop
endfacet
facet normal 0 0 1
outer loop
vertex -0.0336666677 0.0168333349 0.0000000000
vertex -0.0336666677 0.0150000016 0.0000000000
vertex -0.0318333343 0.0150000016 0.0000000000
endloop
endfacet
facet normal 0 0 1
outer loop
vertex -0.0318333343 0.0168333349 0.0000000000
vertex -0.0300000010 0.0150000016 0.0000000000
vertex -0.0300000010 0.0168333349 0.0000000000
endloop
endfacet
facet normal 0 0 1
outer loop
vertex -0.0318333343 0.0168333349 0.0000000000
vertex -0.0318333343 0.0150000016 0.0000000000
vertex -0.0300000010 0.0150000016 0.0000000000
endloop
endfacet
facet normal 0 0 1
outer loop
vertex -0.0300000010 0.0168333349 0.0000000000
vertex -0.0281666677 0.0150000016 0.0000000000
vertex -0.0281666677 0.0168333349 0.0000000000
endloop
endfacet
facet normal 0 0 1
outer loop
vertex -0.0300000010 0.0168333349 0.0000000000
vertex -0.0300000010 0.0150000016 0.0000000000
vertex -0.0281666677 0.0150000016 0.0000000000
endloop
endfacet
facet normal 0 0 1
outer loop
vertex -0.0281666677 0.0168333349 0.0000000000
vertex -0.0263333343 0.0150000016 0.0000000000
vertex -0.0263333343 0.0168333349 0.0000000000
endloop
endfacet
facet normal 0 0 1
outer loop
vertex -0.0281666677 0.0168333349 0.0000000000
vertex -0.0281666677 0.0150000016 0.0000000000
vertex -0.0263333343 0.0150000016 0.0000000000
endloop
endfacet
facet normal 0 0 1
outer loop
vertex -0.0263333343 0.0168333349 0.0000000000
vertex -0.0245000010 0.0150000016 0.0000000000
vertex -0.0245000010 0.0168333349 0.0000000000
endloop
endfacet
facet normal 0 0 1
outer loop
vertex -0.0263333343 0.0168333349 0.0000000000
vertex -0.0263333343 0.0150000016 0.0000000000
vertex -0.0245000010 0.0150000016 0.0000000000
endloop
endfacet
facet normal 0 0 1
outer loop
vertex -0.0355000010 0.0150000016 0.0000000000
vertex -0.0336666677 0.0131666683 0.0000000000
vertex -0.0336666677 0.0150000016 0.0000000000
endloop
endfacet
facet normal 0 0 1
outer loop
vertex -0.0355000010 0.0150000016 0.0000000000
vertex -0.0355000010 0.0131666683 0.0000000000
vertex -0.0336666677 0.0131666683 0.0000000000
endloop
endfacet
facet normal 0 0 1
outer loop
vertex -0.0336666677 0.0150000016 0.0000000000
vertex -0.0318333343 0.0131666683 0.0000000000
vertex -0.0318333343 0.0150000016 0.0000000000
endloop
endfacet
facet normal 0 0 1
outer loop
vertex -0.0336666677 0.0150000016 0.0000000000
vertex -0.0336666677 0.0131666683 0.0000000000
vertex -0.0318333343 0.0131666683 0.0000000000
endloop
endfacet
facet normal 0 0 1
outer loop
vertex -0.0318333343 0.0150000016 0.0000000000
vertex -0.0300000010 0.0131666683 0.0000000000
vertex -0.0300000010 0.0150000016 0.0000000000
endloop
endfacet
facet normal 0 0 1
outer loop
vertex -0.0318333343 0.0150000016 0.0000000000
vertex -0.0318333343 0.0131666683 0.0000000000
vertex -0.0300000010 0.0131666683 0.0000000000
endloop
endfacet
facet normal 0 0 1
outer loop
vertex -0.0281666677 0.0150000016 0.0000000000
vertex -0.0263333343 0.0131666683 0.0000000000
vertex -0.0263333343 0.0150000016 0.0000000000
endloop
endfacet
facet normal 0 0 1
outer loop
vertex -0.0281666677 0.0150000016 0.0000000000
vertex -0.0281666677 0.0131666683 0.0000000000
vertex -0.0263333343 0.0131666683 0.0000000000
endloop
endfacet
facet normal 0 0 1
outer loop
vertex -0.0263333343 0.0150000016 0.0000000000
vertex -0.0245000010 0.0131666683 0.0000000000
vertex -0.0245000010 0.0150000016 0.0000000000
endloop
endfacet
facet normal 0 0 1
outer loop
vertex -0.0263333343 0.0150000016 0.0000000000
vertex -0.0263333343 0.0131666683 0.0000000000
vertex -0.0245000010 0.0131666683 0.0000000000
endloop
endfacet
facet normal 0 0 1
outer loop
vertex -0.0355000010 0.0131666683 0.0000000000
vertex -0.0336666677 0.0113333349 0.0000000000
vertex -0.0336666677 0.0131666683 0.0000000000
endloop
endfacet
facet normal 0 0 1
outer loop
vertex -0.0355000010 0.0131666683 0.0000000000
vertex -0.0355000010 0.0113333349 0.0000000000
vertex -0.0336666677 0.0113333349 0.0000000000
endloop
endfacet
facet normal 0 0 1
outer loop
vertex -0.0318333343 0.0131666683 0.0000000000
vertex -0.0300000010 0.0113333349 0.0000000000
vertex -0.0300000010 0.0131666683 0.0000000000
endloop
endfacet
facet normal 0 0 1
outer loop
vertex -0.0318333343 0.0131666683 0.0000000000
vertex -0.0318333343 0.0113333349 0.0000000000
vertex -0.0300000010 0.0113333349 0.0000000000
endloop
endfacet
facet normal 0 0 1
outer loop
vertex -0.0263333343 0.0131666683 0.0000000000
vertex -0.0245000010 0.0113333349 0.0000000000
vertex -0.0245000010 0.0131666683 0.0000000000
endloop
endfacet
facet normal 0 0 1
outer loop
vertex -0.0263333343 0.0131666683 0.0000000000
vertex -0.0263333343 0.0113333349 0.0000000000
vertex -0.0245000010 0.0113333349 0.0000000000
endloop
endfacet
facet normal 0 0 1
outer loop
vertex -0.0355000010 0.0113333349 0.0000000000
vertex -0.0336666677 0.0095000016 0.0000000000
vertex -0.0336666677 0.0113333349 0.0000000000
endloop
endfacet
facet normal 0 0 1
outer loop
vertex -0.0355000010 0.0113333349 0.0000000000
vertex -0.0355000010 0.0095000016 0.0000000000
vertex -0.0336666677 0.0095000016 0.0000000000
endloop
endfacet
facet normal 0 0 1
outer loop
vertex -0.0336666677 0.0113333349 0.0000000000
vertex -0.0318333343 0.0095000016 0.0000000000
vertex -0.0318333343 0.0113333349 0.0000000000
endloop
endfacet
facet normal 0 0 1
outer loop
vertex -0.0336666677 0.0113333349 0.0000000000
vertex -0.0336666677 0.0095000016 0.0000000000
vertex -0.0318333343 0.0095000016 0.0000000000
endloop
endfacet
facet normal 0 0 1
outer loop
vertex -0.0318333343 0.0113333349 0.0000000000
vertex -0.0300000010 0.0095000016 0.0000000000
vertex -0.0300000010 0.0113333349 0.0000000000
endloop
endfacet
facet normal 0 0 1
outer loop
vertex -0.0318333343 0.0113333349 0.0000000000
vertex -0.0318333343 0.0095000016 0.0000000000
vertex -0.0300000010 0.0095000016 0.0000000000
endloop
endfacet
facet normal 0 0 1
outer loop
vertex -0.0300000010 0.0113333349 0.0000000000
vertex -0.0281666677 0.0095000016 0.0000000000
vertex -0.0281666677 0.0113333349 0.0000000000
endloop
endfacet
facet normal 0 0 1
outer loop
vertex -0.0300000010 0.0113333349 0.0000000000
vertex -0.0300000010 0.0095000016 0.0000000000
vertex -0.0281666677 0.0095000016 0.0000000000
endloop
endfacet
facet normal 0 0 1
outer loop
vertex -0.0281666677 0.0113333349 0.0000000000
vertex -0.0263333343 0.0095000016 0.0000000000
vertex -0.0263333343 0.0113333349 0.0000000000
endloop
endfacet
facet normal 0 0 1
outer loop
vertex -0.0281666677 0.0113333349 0.0000000000
vertex -0.0281666677 0.0095000016 0.0000000000
vertex -0.0263333343 0.0095000016 0.0000000000
endloop
endfacet
facet normal 0 0 1
outer loop
vertex -0.0263333343 0.0113333349 0.0000000000
vertex -0.0245000010 0.0095000016 0.0000000000
vertex -0.0245000010 0.0113333349 0.0000000000
endloop
endfacet
facet normal 0 0 1
outer loop
vertex -0.0263333343 0.0113333349 0.0000000000
vertex -0.0263333343 0.0095000016 0.0000000000
vertex -0.0245000010 0.0095000016 0.0000000000
endloop
endfacet
facet normal 0 0 1
outer loop
vertex -0.0055000073 0.0205000016 0.0000000000
vertex -0.0036666739 0.0186666683 0.0000000000
vertex -0.0036666739 0.0205000016 0.0000000000
endloop
endfacet
facet normal 0 0 1
outer loop
vertex -0.0055000073 0.0205000016 0.0000000000
vertex -0.0055000073 0.0186666683 0.0000000000
vertex -0.0036666739 0.0186666683 0.0000000000
endloop
endfacet
facet normal 0 0 1
outer loop
vertex -0.0036666739 0.0205000016 0.0000000000
vertex -0.0018333406 0.0186666683 0.0000000000
vertex -0.0018333406 0.0205000016 0.0000000000
endloop
endfacet
facet normal 0 0 1
outer loop
vertex -0.0036666739 0.0205000016 0.0000000000
vertex -0.0036666739 0.0186666683 0.0000000000
vertex -0.0018333406 0.0186666683 0.0000000000
endloop
endfacet
facet normal 0 0 1
outer loop
vertex -0.0018333406 0.0205000016 0.0000000000
vertex -0.0000000073 0.0186666683 0.0000000000
vertex -0.0000000073 0.0205000016 0.0000000000
endloop
endfacet
facet normal 0 0 1
outer loop
vertex -0.0018333406 0.0205000016 0.0000000000
vertex -0.0018333406 0.0186666683 0.0000000000
vertex -0.0000000073 0.0186666683 0.0000000000
endloop
endfacet
facet normal 0 0 1
outer loop
vertex -0.0000000073 0.0205000016 0.0000000000
vertex 0.0018333261 0.0186666683 0.0000000000
vertex 0.0018333261 0.0205000016 0.0000000000
endloop
endfacet
facet normal 0 0 1
outer loop
vertex -0.0000000073 0.0205000016 0.0000000000
vertex -0.0000000073 0.0186666683 0.0000000000
vertex 0.0018333261 0.0186666683 0.0000000000
endloop
endfacet
facet normal 0 0 1
outer loop
vertex 0.0018333261 0.0205000016 0.0000000000
vertex 0.0036666594 0.0186666683 0.0000000000
vertex 0.0036666594 0.0205000016 0.0000000000
endloop
endfacet
facet normal 0 0 1
outer loop
vertex 0.0018333261 0.0205000016 0.0000000000
vertex 0.0018333261 0.0186666683 0.0000000000
vertex 0.0036666594 0.0186666683 0.0000000000
endloop
endfacet
facet normal 0 0 1
outer loop
vertex 0.0036666594 0.0205000016 0.0000000000
vertex 0.0054999927 0.0186666683 0.0000000000
vertex 0.0054999927 0.0205000016 0.0000000000
endloop
endfacet
facet normal 0 0 1
outer loop
vertex 0.0036666594 0.0205000016 0.0000000000
vertex 0.0036666594 0.0186666683 0.0000000000
vertex 0.0054999927 0.0186666683 0.0000000000
endloop
endfacet
facet normal 0 0 1
outer loop
vertex -0.0055000073 0.0186666683 0.0000000000
vertex -0.0036666739 0.0168333349 0.0000000000
vertex -0.0036666739 0.0186666683 0.0000000000
endloop
endfacet
facet normal 0 0 1
outer loop
vertex -0.0055000073 0.0186666683 0.0000000000
vertex -0.0055000073 0.0168333349 0.0000000000
vertex -0.0036666739 0.0168333349 0.0000000000
endloop
endfacet
facet normal 0 0 1
outer loop
vertex -0.0000000073 0.0186666683 0.0000000000
vertex 0.0018333261 0.0168333349 0.0000000000
vertex 0.0018333261 0.0186666683 0.0000000000
endloop
endfacet
facet normal 0 0 1
outer loop
vertex -0.0000000073 0.0186666683 0.0000000000
vertex -0.0000000073 0.0168333349 0.0000000000
vertex 0.0018333261 0.0168333349 0.0000000000
endloop
endfacet
facet normal 0 0 1
outer loop
vertex 0.0018333261 0.0186666683 0.0000000000
vertex 0.0036666594 0.0168333349 0.0000000000
vertex 0.0036666594 0.0186666683 0.0000000000
endloop
endfacet
facet normal 0 0 1
outer loop
vertex 0.0018333261 0.0186666683 0.0000000000
vertex 0.0018333261 0.0168333349 0.0000000000
vertex 0.0036666594 0.0168333349 0.0000000000
endloop
endfacet
facet normal 0 0 1
outer loop
vertex 0.0036666594 0.0186666683 0.0000000000
vertex 0.0054999927 0.0168333349 0.0000000000
vertex 0.0054999927 0.0186666683 0.0000000000
endloop
endfacet
facet normal 0 0 1
outer loop
vertex 0.0036666594 0.0186666683 0.0000000000
vertex 0.0036666594 0.0168333349 0.0000000000
vertex 0.0054999927 0.0168333349 0.0000000000
endloop
endfacet
facet normal 0 0 1
outer loop
vertex -0.0055000073 0.0168333349 0.0000000000
vertex -0.0036666739 0.0150000016 0.0000000000
vertex -0.0036666739 0.0168333349 0.0000000000
endloop
endfacet
facet normal 0 0 1
outer loop
vertex -0.0055000073 0.0168333349 0.0000000000
vertex -0.0055000073 0.0150000016 0.0000000000
vertex -0.0036666739 0.0150000016 0.0000000000
endloop
endfacet
facet normal 0 0 1
outer loop
vertex -0.0000000073 0.0168333349 0.0000000000
vertex 0.0018333261 0.0150000016 0.0000000000
vertex 0.0018333261 0.0168333349 0.0000000000
endloop
endfacet
facet normal 0 0 1
outer loop
vertex -0.0000000073 0.0168333349 0.0000000000
vertex -0.0000000073 0.0150000016 0.0000000000
vertex 0.0018333261 0.0150000016 0.0000000000
endloop
endfacet
facet normal 0 0 1
outer loop
vertex 0.0018333261 0.0168333349 0.0000000000
vertex 0.0036666594 0.0150000016 0.0000000000
vertex 0.0036666594 0.0168333349 0.0000000000
endloop
endfacet
facet normal 0 0 1
outer loop
vertex 0.0018333261 0.0168333349 0.0000000000
vertex 0.0018333261 0.0150000016 0.0000000000
vertex 0.0036666594 0.0150000016 0.0000000000
endloop
endfacet
facet normal 0 0 1
outer loop
vertex 0.0036666594 0.0168333349 0.0000000000
vertex 0.0054999927 0.0150000016 0.0000000000
vertex 0.0054999927 0.0168333349 0.0000000000
endloop
endfacet
facet normal 0 0 1
outer loop
vertex 0.0036666594 0.0168333349 0.0000000000
vertex 0.0036666594 0.0150000016 0.0000000000
vertex 0.0054999927 0.0150000016 0.0000000000
endloop
endfacet
facet normal 0 0 1
outer loop
vertex -0.0055000073 0.0150000016 0.0000000000
vertex -0.0036666739 0.0131666683 0.0000000000
vertex -0.0036666739 0.0150000016 0.0000000000
endloop
endfacet
facet normal 0 0 1
outer loop
vertex -0.0055000073 0.0150000016 0.0000000000
vertex -0.0055000073 0.0131666683 0.0000000000
vertex -0.0036666739 0.0131666683 0.0000000000
endloop
endfacet
facet normal 0 0 1
outer loop
vertex -0.0000000073 0.0150000016 0.0000000000
vertex 0.0018333261 0.0131666683 0.0000000000
vertex 0.0018333261 0.0150000016 0.0000000000
endloop
endfacet
facet normal 0 0 1
outer loop
vertex -0.0000000073 0.0150000016 0.0000000000
vertex -0.0000000073 0.0131666683 0.0000000000
vertex 0.0018333261 0.0131666683 0.0000000000
endloop
endfacet
facet normal 0 0 1
outer loop
vertex 0.0036666594 0.0150000016 0.0000000000
vertex 0.0054999927 0.0131666683 0.0000000000
vertex 0.0054999927 0.0150000016 0.0000000000
endloop
endfacet
facet normal 0 0 1
outer loop
vertex 0.0036666594 0.0150000016 0.0000000000
vertex 0.0036666594 0.0131666683 0.0000000000
vertex 0.0054999927 0.0131666683 0.0000000000
endloop
endfacet
facet normal 0 0 1
outer loop
vertex -0.0055000073 0.0131666683 0.0000000000
vertex -0.0036666739 0.0113333349 0.0000000000
vertex -0.0036666739 0.0131666683 0.0000000000
endloop
endfacet
facet normal 0 0 1
outer loop
vertex -0.0055000073 0.0131666683 0.0000000000
vertex -0.0055000073 0.0113333349 0.0000000000
vertex -0.0036666739 0.0113333349 0.0000000000
endloop
endfacet
facet normal 0 0 1
outer loop
vertex -0.0036666739 0.0131666683 0.0000000000
vertex -0.0018333406 0.0113333349 0.0000000000
vertex -0.0018333406 0.0131666683 0.0000000000
endloop
endfacet
facet normal 0 0 1
outer loop
vertex -0.0036666739 0.0131666683 0.0000000000
vertex -0.0036666739 0.0113333349 0.0000000000
vertex -0.0018333406 0.0113333349 0.0000000000
endloop
endfacet
facet normal 0 0 1
outer loop
vertex -0.0000000073 0.0131666683 0.0000000000
vertex 0.0018333261 0.0113333349 0.0000000000
vertex 0.0018333261 0.0131666683 0.0000000000
endloop
endfacet
facet normal 0 0 1
outer loop
vertex -0.0000000073 0.0131666683 0.0000000000
vertex -0.0000000073 0.0113333349 0.0000000000
vertex 0.0018333261 0.0113333349 0.0000000000
endloop
endfacet
facet normal 0 0 1
outer loop
vertex 0.0036666594 0.0131666683 0.0000000000
vertex 0.0054999927 0.0113333349 0.0000000000
vertex 0.0054999927 0.0131666683 0.0000000000
endloop
endfacet
facet normal 0 0 1
outer loop
vertex 0.0036666594 0.0131666683 0.0000000000
vertex 0.0036666594 0.0113333349 0.0000000000
vertex 0.0054999927 0.0113333349 0.0000000000
endloop
endfacet
facet normal 0 0 1
outer loop
vertex -0.0055000073 0.0113333349 0.0000000000
vertex -0.0036666739 0.0095000016 0.0000000000
vertex -0.0036666739 0.0113333349 0.0000000000
endloop
endfacet
facet normal 0 0 1
outer loop
vertex -0.0055000073 0.0113333349 0.0000000000
vertex -0.0055000073 0.0095000016 0.0000000000
vertex -0.0036666739 0.0095000016 0.0000000000
endloop
endfacet
facet normal 0 0 1
outer loop
vertex -0.0036666739 0.0113333349 0.0000000000
vertex -0.0018333406 0.0095000016 0.0000000000
vertex -0.0018333406 0.0113333349 0.0000000000
endloop
endfacet
facet normal 0 0 1
outer loop
vertex -0.0036666739 0.0113333349 0.0000000000
vertex -0.0036666739 0.0095000016 0.0000000000
vertex -0.0018333406 0.0095000016 0.0000000000
endloop
endfacet
facet normal 0 0 1
outer loop
vertex -0.0018333406 0.0113333349 0.0000000000
vertex -0.0000000073 0.0095000016 0.0000000000
vertex -0.0000000073 0.0113333349 0.0000000000
endloop
endfacet
facet normal 0 0 1
outer loop
vertex -0.0018333406 0.0113333349 0.0000000000
vertex -0.0018333406 0.0095000016 0.0000000000
vertex -0.0000000073 0.0095000016 0.0000000000
endloop
endfacet
facet normal 0 0 1
outer loop
vertex -0.0000000073 0.0113333349 0.0000000000
vertex 0.0018333261 0.0095000016 0.0000000000
vertex 0.0018333261 0.0113333349 0.0000000000
endloop
endfacet
facet normal 0 0 1
outer loop
vertex -0.0000000073 0.0113333349 0.0000000000
vertex -0.0000000073 0.0095000016 0.0000000000
vertex 0.0018333261 0.0095000016 0.0000000000
endloop
endfacet
facet normal 0 0 1
outer loop
vertex 0.0018333261 0.0113333349 0.0000000000
vertex 0.0036666594 0.0095000016 0.0000000000
vertex 0.0036666594 0.0113333349 0.0000000000
endloop
endfacet
facet normal 0 0 1
outer loop
vertex 0.0018333261 0.0113333349 0.0000000000
vertex 0.0018333261 0.0095000016 0.0000000000
vertex 0.0036666594 0.0095000016 0.0000000000
endloop
endfacet
facet normal 0 0 1
outer loop
vertex 0.0036666594 0.0113333349 0.0000000000
vertex 0.0054999927 0.0095000016 0.0000000000
vertex 0.0054999927 0.0113333349 0.0000000000
endloop
endfacet
facet normal 0 0 1
outer loop
vertex 0.0036666594 0.0113333349 0.0000000000
vertex 0.0036666594 0.0095000016 0.0000000000
vertex 0.0054999927 0.0095000016 0.0000000000
endloop
endfacet
facet normal 0 0 1
outer loop
vertex 0.0244999939 0.0205000016 0.0000000000
vertex 0.0263333273 0.0186666683 0.0000000000
vertex 0.0263333273 0.0205000016 0.0000000000
endloop
endfacet
facet normal 0 0 1
outer loop
vertex 0.0244999939 0.0205000016 0.0000000000
vertex 0.0244999939 0.0186666683 0.0000000000
vertex 0.0263333273 0.0186666683 0.0000000000
endloop
endfacet
facet normal 0 0 1
outer loop
vertex 0.0263333273 0.0205000016 0.0000000000
vertex 0.0281666606 0.0186666683 0.0000000000
vertex 0.0281666606 0.0205000016 0.0000000000
endloop
endfacet
facet normal 0 0 1
outer loop
vertex 0.0263333273 0.0205000016 0.0000000000
vertex 0.0263333273 0.0186666683 0.0000000000
vertex 0.0281666606 0.0186666683 0.0000000000
endloop
endfacet
facet normal 0 0 1
outer loop
vertex 0.0281666606 0.0205000016 0.0000000000
vertex 0.0299999939 0.0186666683 0.0000000000
vertex 0.0299999939 0.0205000016 0.0000000000
endloop
endfacet
facet normal 0 0 1
outer loop
vertex 0.0281666606 0.0205000016 0.0000000000
vertex 0.0281666606 0.0186666683 0.0000000000
vertex 0.0299999939 0.0186666683 0.0000000000
endloop
endfacet
facet normal 0 0 1
outer loop
vertex 0.0299999939 0.0205000016 0.0000000000
vertex 0.0318333273 0.0186666683 0.0000000000
vertex 0.0318333273 0.0205000016 0.0000000000
endloop
endfacet
facet normal 0 0 1
outer loop
vertex 0.0299999939 0.0205000016 0.0000000000
vertex 0.0299999939 0.0186666683 0.0000000000
vertex 0.0318333273 0.0186666683 0.0000000000
endloop
endfacet
facet normal 0 0 1
outer loop
vertex 0.0318333273 0.0205000016 0.0000000000
vertex 0.0336666606 0.0186666683 0.0000000000
vertex 0.0336666606 0.0205000016 0.0000000000
endloop
endfacet
facet normal 0 0 1
outer loop
vertex 0.0318333273 0.0205000016 0.0000000000
vertex 0.0318333273 0.0186666683 0.0000000000
vertex 0.0336666606 0.0186666683 0.0000000000
endloop
endfacet
facet normal 0 0 1
outer loop
vertex 0.0336666606 0.0205000016 0.0000000000
vertex 0.0354999939 0.0186666683 0.0000000000
vertex 0.0354999939 0.0205000016 0.0000000000
endloop
endfacet
facet normal 0 0 1
outer loop
vertex 0.0336666606 0.0205000016 0.0000000000
vertex 0.0336666606 0.0186666683 0.0000000000
vertex 0.0354999939 0.0186666683 0.0000000000
endloop
endfacet
facet normal 0 0 1
outer loop
vertex 0.0244999939 0.0186666683 0.0000000000
vertex 0.0263333273 0.0168333349 0.0000000000
vertex 0.0263333273 0.0186666683 0.0000000000
endloop
endfacet
facet normal 0 0 1
outer loop
vertex 0.0244999939 0.0186666683 0.0000000000
vertex 0.0244999939 0.0168333349 0.0000000000
vertex 0.0263333273 0.0168333349 0.0000000000
endloop
endfacet
facet normal 0 0 1
outer loop
vertex 0.0299999939 0.0186666683 0.0000000000
vertex 0.0318333273 0.0168333349 0.0000000000
vertex 0.0318333273 0.0186666683 0.0000000000
endloop
endfacet
facet normal 0 0 1
outer loop
vertex 0.0299999939 0.0186666683 0.0000000000
vertex 0.0299999939 0.0168333349 0.0000000000
vertex 0.0318333273 0.0168333349 0.0000000000
endloop
endfacet
facet normal 0 0 1
outer loop
vertex 0.0336666606 0.0186666683 0.0000000000
vertex 0.0354999939 0.0168333349 0.0000000000
vertex 0.0354999939 0.0186666683 0.0000000000
endloop
endfacet
facet normal 0 0 1
outer loop
vertex 0.0336666606 0.0186666683 0.0000000000
vertex 0.0336666606 0.0168333349 0.0000000000
vertex 0.0354999939 0.0168333349 0.0000000000
endloop
endfacet
facet normal 0 0 1
outer loop
vertex 0.0244999939 0.0168333349 0.0000000000
vertex 0.0263333273 0.0150000016 0.0000000000
vertex 0.0263333273 0.0168333349 0.0000000000
endloop
endfacet
facet normal 0 0 1
outer loop
vertex 0.0244999939 0.0168333349 0.0000000000
vertex 0.0244999939 0.0150000016 0.0000000000
vertex 0.0263333273 0.0150000016 0.0000000000
endloop
endfacet
facet normal 0 0 1
outer loop
vertex 0.0299999939 0.0168333349 0.0000000000
vertex 0.0318333273 0.0150000016 0.0000000000
vertex 0.0318333273 0.0168333349 0.0000000000
endloop
endfacet
facet normal 0 0 1
outer loop
vertex 0.0299999939 0.0168333349 0.0000000000
vertex 0.0299999939 0.0150000016 0.0000000000
vertex 0.0318333273 0.0150000016 0.0000000000
endloop
endfacet
facet normal 0 0 1
outer loop
vertex 0.0336666606 0.0168333349 0.0000000000
vertex 0.0354999939 0.0150000016 0.0000000000
vertex 0.0354999939 0.0168333349 0.0000000000
endloop
endfacet
facet normal 0 0 1
outer loop
vertex 0.0336666606 0.0168333349 0.0000000000
vertex 0.0336666606 0.0150000016 0.0000000000
vertex 0.0354999939 0.0150000016 0.0000000000
endloop
endfacet
facet normal 0 0 1
outer loop
vertex 0.0244999939 0.0150000016 0.0000000000
vertex 0.0263333273 0.0131666683 0.0000000000
vertex 0.0263333273 0.0150000016 0.0000000000
endloop
endfacet
facet normal 0 0 1
outer loop
vertex 0.0244999939 0.0150000016 0.0000000000
vertex 0.0244999939 0.0131666683 0.0000000000
vertex 0.0263333273 0.0131666683 0.0000000000
endloop
endfacet
facet normal 0 0 1
outer loop
vertex 0.0281666606 0.0150000016 0.0000000000
vertex 0.0299999939 0.0131666683 0.0000000000
vertex 0.0299999939 0.0150000016 0.0000000000
endloop
endfacet
facet normal 0 0 1
outer loop
vertex 0.0281666606 0.0150000016 0.0000000000
vertex 0.0281666606 0.0131666683 0.0000000000
vertex 0.0299999939 0.0131666683 0.0000000000
endloop
endfacet
facet normal 0 0 1
outer loop
vertex 0.0299999939 0.0150000016 0.0000000000
vertex 0.0318333273 0.0131666683 0.0000000000
vertex 0.0318333273 0.0150000016 0.0000000000
endloop
endfacet
facet normal 0 0 1
outer loop
vertex 0.0299999939 0.0150000016 0.0000000000
vertex 0.0299999939 0.0131666683 0.0000000000
vertex 0.0318333273 0.0131666683 0.0000000000
endloop
endfacet
facet normal 0 0 1
outer loop
vertex 0.0318333273 0.0150000016 0.0000000000
vertex 0.0336666606 0.0131666683 0.0000000000
vertex 0.0336666606 0.0150000016 0.0000000000
endloop
endfacet
facet normal 0 0 1
outer loop
vertex 0.0318333273 0.0150000016 0.0000000000
vertex 0.0318333273 0.0131666683 0.0000000000
vertex 0.0336666606 0.0131666683 0.0000000000
endloop
endfacet
facet normal 0 0 1
outer loop
vertex 0.0336666606 0.0150000016 0.0000000000
vertex 0.0354999939 0.0131666683 0.0000000000
vertex 0.0354999939 0.0150000016 0.0000000000
endloop
endfacet
facet normal 0 0 1
outer loop
vertex 0.0336666606 0.0150000016 0.0000000000
vertex 0.0336666606 0.0131666683 0.0000000000
vertex 0.0354999939 0.0131666683 0.0000000000
endloop
endfacet
facet normal 0 0 1
outer loop
vertex 0.0244999939 0.0131666683 0.0000000000
vertex 0.0263333273 0.0113333349 0.0000000000
vertex 0.0263333273 0.0131666683 0.0000000000
endloop
endfacet
facet normal 0 0 1
outer loop
vertex 0.0244999939 0.0131666683 0.0000000000
vertex 0.0244999939 0.0113333349 0.0000000000
vertex 0.0263333273 0.0113333349 0.0000000000
endloop
endfacet
facet normal 0 0 1
outer loop
vertex 0.0263333273 0.0131666683 0.0000000000
vertex 0.0281666606 0.0113333349 0.0000000000
vertex 0.0281666606 0.0131666683 0.0000000000
endloop
endfacet
facet normal 0 0 1
outer loop
vertex 0.0263333273 0.0131666683 0.0000000000
vertex 0.0263333273 0.0113333349 0.0000000000
vertex 0.0281666606 0.0113333349 0.0000000000
endloop
endfacet
facet normal 0 0 1
outer loop
vertex 0.0281666606 0.0131666683 0.0000000000
vertex 0.0299999939 0.0113333349 0.0000000000
vertex 0.0299999939 0.0131666683 0.0000000000
endloop
endfacet
facet normal 0 0 1
outer loop
vertex 0.0281666606 0.0131666683 0.0000000000
vertex 0.0281666606 0.0113333349 0.0000000000
vertex 0.0299999939 0.0113333349 0.0000000000
endloop
endfacet
facet normal 0 0 1
outer loop
vertex 0.0318333273 0.0131666683 0.0000000000
vertex 0.0336666606 0.0113333349 0.0000000000
vertex 0.0336666606 0.0131666683 0.0000000000
endloop
endfacet
facet normal 0 0 1
outer loop
vertex 0.0318333273 0.0131666683 0.0000000000
vertex 0.0318333273 0.0113333349 0.0000000000
vertex 0.0336666606 0.0113333349 0.0000000000
endloop
endfacet
facet normal 0 0 1
outer loop
vertex 0.0336666606 0.0131666683 0.0000000000
vertex 0.0354999939 0.0113333349 0.0000000000
vertex 0.0354999939 0.0131666683 0.0000000000
endloop
endfacet
facet normal 0 0 1
outer loop
vertex 0.0336666606 0.0131666683 0.0000000000
vertex 0.0336666606 0.0113333349 0.0000000000
vertex 0.0354999939 0.0113333349 0.0000000000
endloop
endfacet
facet normal 0 0 1
outer loop
vertex 0.0244999939 0.0113333349 0.0000000000
vertex 0.0263333273 0.0095000016 0.0000000000
vertex 0.0263333273 0.0113333349 0.0000000000
endloop
endfacet
facet normal 0 0 1
outer loop
vertex 0.0244999939 0.0113333349 0.0000000000
vertex 0.0244999939 0.0095000016 0.0000000000
vertex 0.0263333273 0.0095000016 0.0000000000
endloop
endfacet
facet normal 0 0 1
outer loop
vertex 0.0263333273 0.0113333349 0.0000000000
vertex 0.0281666606 0.0095000016 0.0000000000
vertex 0.0281666606 0.0113333349 0.0000000000
endloop
endfacet
facet normal 0 0 1
outer loop
vertex 0.0263333273 0.0113333349 0.0000000000
vertex 0.0263333273 0.0095000016 0.0000000000
vertex 0.0281666606 0.0095000016 0.0000000000
endloop
endfacet
facet normal 0 0 1
outer loop
vertex 0.0281666606 0.0113333349 0.0000000000
vertex 0.0299999939 0.0095000016 0.0000000000
vertex 0.0299999939 0.0113333349 0.0000000000
endloop
endfacet
facet normal 0 0 1
outer loop
vertex 0.0281666606 0.0113333349 0.0000000000
vertex 0.0281666606 0.0095000016 0.0000000000
vertex 0.0299999939 0.0095000016 0.0000000000
endloop
endfacet
facet normal 0 0 1
outer loop
vertex 0.0299999939 0.0113333349 0.0000000000
vertex 0.0318333273 0.0095000016 0.0000000000
vertex 0.0318333273 0.0113333349 0.0000000000
endloop
endfacet
facet normal 0 0 1
outer loop
vertex 0.0299999939 0.0113333349 0.0000000000
vertex 0.0299999939 0.0095000016 0.0000000000
vertex 0.0318333273 0.0095000016 0.0000000000
endloop
endfacet
facet normal 0 0 1
outer loop
vertex 0.0318333273 0.0113333349 0.0000000000
vertex 0.0336666606 0.0095000016 0.0000000000
vertex 0.0336666606 0.0113333349 0.0000000000
endloop
endfacet
facet normal 0 0 1
outer loop
vertex 0.0318333273 0.0113333349 0.0000000000
vertex 0.0318333273 0.0095000016 0.0000000000
vertex 0.0336666606 0.0095000016 0.0000000000
endloop
endfacet
facet normal 0 0 1
outer loop
vertex 0.0336666606 0.0113333349 0.0000000000
vertex 0.0354999939 0.0095000016 0.0000000000
vertex 0.0354999939 0.0113333349 0.0000000000
endloop
endfacet
facet normal 0 0 1
outer loop
vertex 0.0336666606 0.0113333349 0.0000000000
vertex 0.0336666606 0.0095000016 0.0000000000
vertex 0.0354999939 0.0095000016 0.0000000000
endloop
endfacet
facet normal 0 0 1
outer loop
vertex 0.0544999951 0.0205000016 0.0000000000
vertex 0.0563333284 0.0186666683 0.0000000000
vertex 0.0563333284 0.0205000016 0.0000000000
endloop
endfacet
facet normal 0 0 1
outer loop
vertex 0.0544999951 0.0205000016 0.0000000000
vertex 0.0544999951 0.0186666683 0.0000000000
vertex 0.0563333284 0.0186666683 0.0000000000
endloop
endfacet
facet normal 0 0 1
outer loop
vertex 0.0563333284 0.0205000016 0.0000000000
vertex 0.0581666618 0.0186666683 0.0000000000
vertex 0.0581666618 0.0205000016 0.0000000000
endloop
endfacet
facet normal 0 0 1
outer loop
vertex 0.0563333284 0.0205000016 0.0000000000
vertex 0.0563333284 0.0186666683 0.0000000000
vertex 0.0581666618 0.0186666683 0.0000000000
endloop
endfacet
facet normal 0 0 1
outer loop
vertex 0.0581666618 0.0205000016 0.0000000000
vertex 0.0599999951 0.0186666683 0.0000000000
vertex 0.0599999951 0.0205000016 0.0000000000
endloop
endfacet
facet normal 0 0 1
outer loop
vertex 0.0581666618 0.0205000016 0.0000000000
vertex 0.0581666618 0.0186666683 0.0000000000
vertex 0.0599999951 0.0186666683 0.0000000000
endloop
endfacet
facet normal 0 0 1
outer loop
vertex 0.0599999951 0.0205000016 0.0000000000
vertex 0.0618333284 0.0186666683 0.0000000000
vertex 0.0618333284 0.0205000016 0.0000000000
endloop
endfacet
facet normal 0 0 1
outer loop
vertex 0.0599999951 0.0205000016 0.0000000000
vertex 0.0599999951 0.0186666683 0.0000000000
vertex 0.0618333284 0.0186666683 0.0000000000
endloop
endfacet
facet normal 0 0 1
outer loop
vertex 0.0618333284 0.0205000016 0.0000000000
vertex 0.0636666618 0.0186666683 0.0000000000
vertex 0.0636666618 0.0205000016 0.0000000000
endloop
endfacet
facet normal 0 0 1
outer loop
vertex 0.0618333284 0.0205000016 0.0000000000
vertex 0.0618333284 0.0186666683 0.0000000000
vertex 0.0636666618 0.0186666683 0.0000000000
endloop
endfacet
facet normal 0 0 1
outer loop
vertex 0.0636666618 0.0205000016 0.0000000000
vertex 0.0654999951 0.0186666683 0.0000000000
vertex 0.0654999951 0.0205000016 0.0000000000
endloop
endfacet
facet normal 0 0 1
outer loop
vertex 0.0636666618 0.0205000016 0.0000000000
vertex 0.0636666618 0.0186666683 0.0000000000
vertex 0.0654999951 0.0186666683 0.0000000000
endloop
endfacet
facet normal 0 0 1
outer loop
vertex 0.0544999951 0.0186666683 0.0000000000
vertex 0.0563333284 0.0168333349 0.0000000000
vertex 0.0563333284 0.0186666683 0.0000000000
endloop
endfacet
facet normal 0 0 1
outer loop
vertex 0.0544999951 0.0186666683 0.0000000000
vertex 0.0544999951 0.0168333349 0.0000000000
vertex 0.0563333284 0.0168333349 0.0000000000
endloop
endfacet
facet normal 0 0 1
outer loop
vertex 0.0636666618 0.0186666683 0.0000000000
vertex 0.0654999951 0.0168333349 0.0000000000
vertex 0.0654999951 0.0186666683 0.0000000000
endloop
endfacet
facet normal 0 0 1
outer loop
vertex 0.0636666618 0.0186666683 0.0000000000
vertex 0.0636666618 0.0168333349 0.0000000000
vertex 0.0654999951 0.0168333349 0.0000000000
endloop
endfacet
facet normal 0 0 1
outer loop
vertex 0.0544999951 0.0168333349 0.0000000000
vertex 0.0563333284 0.0150000016 0.0000000000
vertex 0.0563333284 0.0168333349 0.0000000000
endloop
endfacet
facet normal 0 0 1
outer loop
vertex 0.0544999951 0.0168333349 0.0000000000
vertex 0.0544999951 0.0150000016 0.0000000000
vertex 0.0563333284 0.0150000016 0.0000000000
endloop
endfacet
facet normal 0 0 1
outer loop
vertex 0.0618333284 0.0168333349 0.0000000000
vertex 0.0636666618 0.0150000016 0.0000000000
vertex 0.0636666618 0.0168333349 0.0000000000
endloop
endfacet
facet normal 0 0 1
outer loop
vertex 0.0618333284 0.0168333349 0.0000000000
vertex 0.0618333284 0.0150000016 0.0000000000
vertex 0.0636666618 0.0150000016 0.0000000000
endloop
endfacet
facet normal 0 0 1
outer loop
vertex 0.0636666618 0.0168333349 0.0000000000
vertex 0.0654999951 0.0150000016 0.0000000000
vertex 0.0654999951 0.0168333349 0.0000000000
endloop
endfacet
facet normal 0 0 1
outer loop
vertex 0.0636666618 0.0168333349 0.0000000000
vertex 0.0636666618 0.0150000016 0.0000000000
vertex 0.0654999951 0.0150000016 0.0000000000
endloop
endfacet
facet normal 0 0 1
outer loop
vertex 0.0544999951 0.0150000016 0.0000000000
vertex 0.0563333284 0.0131666683 0.0000000000
vertex 0.0563333284 0.0150000016 0.0000000000
endloop
endfacet
facet normal 0 0 1
outer loop
vertex 0.0544999951 0.0150000016 0.0000000000
vertex 0.0544999951 0.0131666683 0.0000000000
vertex 0.0563333284 0.0131666683 0.0000000000
endloop
endfacet
facet normal 0 0 1
outer loop
vertex 0.0563333284 0.0150000016 0.0000000000
vertex 0.0581666618 0.0131666683 0.0000000000
vertex 0.0581666618 0.0150000016 0.0000000000
endloop
endfacet
facet normal 0 0 1
outer loop
vertex 0.0563333284 0.0150000016 0.0000000000
vertex 0.0563333284 0.0131666683 0.0000000000
vertex 0.0581666618 0.0131666683 0.0000000000
endloop
endfacet
facet normal 0 0 1
outer loop
vertex 0.0599999951 0.0150000016 0.0000000000
vertex 0.0618333284 0.0131666683 0.0000000000
vertex 0.0618333284 0.0150000016 0.0000000000
endloop
endfacet
facet normal 0 0 1
outer loop
vertex 0.0599999951 0.0150000016 0.0000000000
vertex 0.0599999951 0.0131666683 0.0000000000
vertex 0.0618333284 0.0131666683 0.0000000000
endloop
endfacet
facet normal 0 0 1
outer loop
vertex 0.0618333284 0.0150000016 0.0000000000
vertex 0.0636666618 0.0131666683 0.0000000000
vertex 0.0636666618 0.0150000016 0.0000000000
endloop
endfacet
facet normal 0 0 1
outer loop
vertex 0.0618333284 0.0150000016 0.0000000000
vertex 0.0618333284 0.0131666683 0.0000000000
vertex 0.0636666618 0.0131666683 0.0000000000
endloop
endfacet
facet normal 0 0 1
outer loop
vertex 0.0636666618 0.0150000016 0.0000000000
vertex 0.0654999951 0.0131666683 0.0000000000
vertex 0.0654999951 0.0150000016 0.0000000000
endloop
endfacet
facet normal 0 0 1
outer loop
vertex 0.0636666618 0.0150000016 0.0000000000
vertex 0.0636666618 0.0131666683 0.0000000000
vertex 0.0654999951 0.0131666683 0.0000000000
endloop
endfacet
facet normal 0 0 1
outer loop
vertex 0.0544999951 0.0131666683 0.0000000000
vertex 0.0563333284 0.0113333349 0.0000000000
vertex 0.0563333284 0.0131666683 0.0000000000
endloop
endfacet
facet normal 0 0 1
outer loop
vertex 0.0544999951 0.0131666683 0.0000000000
vertex 0.0544999951 0.0113333349 0.0000000000
vertex 0.0563333284 0.0113333349 0.0000000000
endloop
endfacet
facet normal 0 0 1
outer loop
vertex 0.0563333284 0.0131666683 0.0000000000
vertex 0.0581666618 0.0113333349 0.0000000000
vertex 0.0581666618 0.0131666683 0.0000000000
endloop
endfacet
facet normal 0 0 1
outer loop
vertex 0.0563333284 0.0131666683 0.0000000000
vertex 0.0563333284 0.0113333349 0.0000000000
vertex 0.0581666618 0.0113333349 0.0000000000
endloop
endfacet
facet normal 0 0 1
outer loop
vertex 0.0636666618 0.0131666683 0.0000000000
vertex 0.0654999951 0.0113333349 0.0000000000
vertex 0.0654999951 0.0131666683 0.0000000000
endloop
endfacet
facet normal 0 0 1
outer loop
vertex 0.0636666618 0.0131666683 0.0000000000
vertex 0.0636666618 0.0113333349 0.0000000000
vertex 0.0654999951 0.0113333349 0.0000000000
endloop
endfacet
facet normal 0 0 1
outer loop
vertex 0.0544999951 0.0113333349 0.0000000000
vertex 0.0563333284 0.0095000016 0.0000000000
vertex 0.0563333284 0.0113333349 0.0000000000
endloop
endfacet
facet normal 0 0 1
outer loop
vertex 0.0544999951 0.0113333349 0.0000000000
vertex 0.0544999951 0.0095000016 0.0000000000
vertex 0.0563333284 0.0095000016 0.0000000000
endloop
endfacet
facet normal 0 0 1
outer loop
vertex 0.0563333284 0.0113333349 0.0000000000
vertex 0.0581666618 0.0095000016 0.0000000000
vertex 0.0581666618 0.0113333349 0.0000000000
endloop
endfacet
facet normal 0 0 1
outer loop
vertex 0.0563333284 0.0113333349 0.0000000000
vertex 0.0563333284 0.0095000016 0.0000000000
vertex 0.0581666618 0.0095000016 0.0000000000
endloop
endfacet
facet normal 0 0 1
outer loop
vertex 0.0581666618 0.0113333349 0.0000000000
vertex 0.0599999951 0.0095000016 0.0000000000
vertex 0.0599999951 0.0113333349 0.0000000000
endloop
endfacet
facet normal 0 0 1
outer loop
vertex 0.0581666618 0.0113333349 0.0000000000
vertex 0.0581666618 0.0095000016 0.0000000000
vertex 0.0599999951 0.0095000016 0.0000000000
endloop
endfacet
facet normal 0 0 1
outer loop
vertex 0.0599999951 0.0113333349 0.0000000000
vertex 0.0618333284 0.0095000016 0.0000000000
vertex 0.0618333284 0.0113333349 0.0000000000
endloop
endfacet
facet normal 0 0 1
outer loop
vertex 0.0599999951 0.0113333349 0.0000000000
vertex 0.0599999951 0.0095000016 0.0000000000
vertex 0.0618333284 0.0095000016 0.0000000000
endloop
endfacet
facet normal 0 0 1
outer loop
vertex 0.0618333284 0.0113333349 0.0000000000
vertex 0.0636666618 0.0095000016 0.0000000000
vertex 0.0636666618 0.0113333349 0.0000000000
endloop
endfacet
facet normal 0 0 1
outer loop
vertex 0.0618333284 0.0113333349 0.0000000000
vertex 0.0618333284 0.0095000016 0.0000000000
vertex 0.0636666618 0.0095000016 0.0000000000
endloop
endfacet
facet normal 0 0 1
outer loop
vertex 0.0636666618 0.0113333349 0.0000000000
vertex 0.0654999951 0.0095000016 0.0000000000
vertex 0.0654999951 0.0113333349 0.0000000000
endloop
endfacet
facet normal 0 0 1
outer loop
vertex 0.0636666618 0.0113333349 0.0000000000
vertex 0.0636666618 0.0095000016 0.0000000000
vertex 0.0654999951 0.0095000016 0.0000000000
endloop
endfacet
facet normal 0 0 1
outer loop
vertex 0.0844999963 0.0205000016 0.0000000000
vertex 0.0863333296 0.0186666683 0.0000000000
vertex 0.0863333296 0.0205000016 0.0000000000
endloop
endfacet
facet normal 0 0 1
outer loop
vertex 0.0844999963 0.0205000016 0.0000000000
vertex 0.0844999963 0.0186666683 0.0000000000
vertex 0.0863333296 0.0186666683 0.0000000000
endloop
endfacet
facet normal 0 0 1
outer loop
vertex 0.0863333296 0.0205000016 0.0000000000
vertex 0.0881666630 0.0186666683 0.0000000000
vertex 0.0881666630 0.0205000016 0.0000000000
endloop
endfacet
facet normal 0 0 1
outer loop
vertex 0.0863333296 0.0205000016 0.0000000000
vertex 0.0863333296 0.0186666683 0.0000000000
vertex 0.0881666630 0.0186666683 0.0000000000
endloop
endfacet
facet normal 0 0 1
outer loop
vertex 0.0881666630 0.0205000016 0.0000000000
vertex 0.0899999963 0.0186666683 0.0000000000
vertex 0.0899999963 0.0205000016 0.0000000000
endloop
endfacet
facet normal 0 0 1
outer loop
vertex 0.0881666630 0.0205000016 0.0000000000
vertex 0.0881666630 0.0186666683 0.0000000000
vertex 0.0899999963 0.0186666683 0.0000000000
endloop
endfacet
facet normal 0 0 1
outer loop
vertex 0.0899999963 0.0205000016 0.0000000000
vertex 0.0918333296 0.0186666683 0.0000000000
vertex 0.0918333296 0.0205000016 0.0000000000
endloop
endfacet
facet normal 0 0 1
outer loop
vertex 0.0899999963 0.0205000016 0.0000000000
vertex 0.0899999963 0.0186666683 0.0000000000
vertex 0.0918333296 0.0186666683 0.0000000000
endloop
endfacet
facet normal 0 0 1
outer loop
vertex 0.0918333296 0.0205000016 0.0000000000
vertex 0.0936666630 0.0186666683 0.0000000000
vertex 0.0936666630 0.0205000016 0.0000000000
endloop
endfacet
facet normal 0 0 1
outer loop
vertex 0.0918333296 0.0205000016 0.0000000000
vertex 0.0918333296 0.0186666683 0.0000000000
vertex 0.0936666630 0.0186666683 0.0000000000
endloop
endfacet
facet normal 0 0 1
outer loop
vertex 0.0936666630 0.0205000016 0.0000000000
vertex 0.0954999963 0.0186666683 0.0000000000
vertex 0.0954999963 0.0205000016 0.0000000000
endloop
endfacet
facet normal 0 0 1
outer loop
vertex 0.0936666630 0.0205000016 0.0000000000
vertex 0.0936666630 0.0186666683 0.0000000000
vertex 0.0954999963 0.0186666683 0.0000000000
endloop
endfacet
facet normal 0 0 1
outer loop
vertex 0.0844999963 0.0186666683 0.0000000000
vertex 0.0863333296 0.0168333349 0.0000000000
vertex 0.0863333296 0.0186666683 0.0000000000
endloop
endfacet
facet normal 0 0 1
outer loop
vertex 0.0844999963 0.0186666683 0.0000000000
vertex 0.0844999963 0.0168333349 0.0000000000
vertex 0.0863333296 0.0168333349 0.0000000000
endloop
endfacet
facet normal 0 0 1
outer loop
vertex 0.0881666630 0.0186666683 0.0000000000
vertex 0.0899999963 0.0168333349 0.0000000000
vertex 0.0899999963 0.0186666683 0.0000000000
endloop
endfacet
facet normal 0 0 1
outer loop
vertex 0.0881666630 0.0186666683 0.0000000000
vertex 0.0881666630 0.0168333349 0.0000000000
vertex 0.0899999963 0.0168333349 0.0000000000
endloop
endfacet
facet normal 0 0 1
outer loop
vertex 0.0899999963 0.0186666683 0.0000000000
vertex 0.0918333296 0.0168333349 0.0000000000
vertex 0.0918333296 0.0186666683 0.0000000000
endloop
endfacet
facet normal 0 0 1
outer loop
vertex 0.0899999963 0.0186666683 0.0000000000
vertex 0.0899999963 0.0168333349 0.0000000000
vertex 0.0918333296 0.0168333349 0.0000000000
endloop
endfacet
facet normal 0 0 1
outer loop
vertex 0.0936666630 0.0186666683 0.0000000000
vertex 0.0954999963 0.0168333349 0.0000000000
vertex 0.0954999963 0.0186666683 0.0000000000
endloop
endfacet
facet normal 0 0 1
outer loop
vertex 0.0936666630 0.0186666683 0.0000000000
vertex 0.0936666630 0.0168333349 0.0000000000
vertex 0.0954999963 0.0168333349 0.0000000000
endloop
endfacet
facet normal 0 0 1
outer loop
vertex 0.0844999963 0.0168333349 0.0000000000
vertex 0.0863333296 0.0150000016 0.0000000000
vertex 0.0863333296 0.0168333349 0.0000000000
endloop
endfacet
facet normal 0 0 1
outer loop
vertex 0.0844999963 0.0168333349 0.0000000000
vertex 0.0844999963 0.0150000016 0.0000000000
vertex 0.0863333296 0.0150000016 0.0000000000
endloop
endfacet
facet normal 0 0 1
outer loop
vertex 0.0863333296 0.0168333349 0.0000000000
vertex 0.0881666630 0.0150000016 0.0000000000
vertex 0.0881666630 0.0168333349 0.0000000000
endloop
endfacet
facet normal 0 0 1
outer loop
vertex 0.0863333296 0.0168333349 0.0000000000
vertex 0.0863333296 0.0150000016 0.0000000000
vertex 0.0881666630 0.0150000016 0.0000000000
endloop
endfacet
facet normal 0 0 1
outer loop
vertex 0.0899999963 0.0168333349 0.0000000000
vertex 0.0918333296 0.0150000016 0.0000000000
vertex 0.0918333296 0.0168333349 0.0000000000
endloop
endfacet
facet normal 0 0 1
outer loop
vertex 0.0899999963 0.0168333349 0.0000000000
vertex 0.0899999963 0.0150000016 0.0000000000
vertex 0.0918333296 0.0150000016 0.0000000000
endloop
endfacet
facet normal 0 0 1
outer loop
vertex 0.0918333296 0.0168333349 0.0000000000
vertex 0.0936666630 0.0150000016 0.0000000000
vertex 0.0936666630 0.0168333349 0.0000000000
endloop
endfacet
facet normal 0 0 1
outer loop
vertex 0.0918333296 0.0168333349 0.0000000000
vertex 0.0918333296 0.0150000016 0.0000000000
vertex 0.0936666630 0.0150000016 0.0000000000
endloop
endfacet
facet normal 0 0 1
outer loop
vertex 0.0936666630 0.0168333349 0.0000000000
vertex 0.0954999963 0.0150000016 0.0000000000
vertex 0.0954999963 0.0168333349 0.0000000000
endloop
endfacet
facet normal 0 0 1
outer loop
vertex 0.0936666630 0.0168333349 0.0000000000
vertex 0.0936666630 0.0150000016 0.0000000000
vertex 0.0954999963 0.0150000016 0.0000000000
endloop
endfacet
facet normal 0 0 1
outer loop
vertex 0.0844999963 0.0150000016 0.0000000000
vertex 0.0863333296 0.0131666683 0.0000000000
vertex 0.0863333296 0.0150000016 0.0000000000
endloop
endfacet
facet normal 0 0 1
outer loop
vertex 0.0844999963 0.0150000016 0.0000000000
vertex 0.0844999963 0.0131666683 0.0000000000
vertex 0.0863333296 0.0131666683 0.0000000000
endloop
endfacet
facet normal 0 0 1
outer loop
vertex 0.0863333296 0.0150000016 0.0000000000
vertex 0.0881666630 0.0131666683 0.0000000000
vertex 0.0881666630 0.0150000016 0.0000000000
endloop
endfacet
facet normal 0 0 1
outer loop
vertex 0.0863333296 0.0150000016 0.0000000000
vertex 0.0863333296 0.0131666683 0.0000000000
vertex 0.0881666630 0.0131666683 0.0000000000
endloop
endfacet
facet normal 0 0 1
outer loop
vertex 0.0936666630 0.0150000016 0.0000000000
vertex 0.0954999963 0.0131666683 0.0000000000
vertex 0.0954999963 0.0150000016 0.0000000000
endloop
endfacet
facet normal 0 0 1
outer loop
vertex 0.0936666630 0.0150000016 0.0000000000
vertex 0.0936666630 0.0131666683 0.0000000000
vertex 0.0954999963 0.0131666683 0.0000000000
endloop
endfacet
facet normal 0 0 1
outer loop
vertex 0.0844999963 0.0131666683 0.0000000000
vertex 0.0863333296 0.0113333349 0.0000000000
vertex 0.0863333296 0.0131666683 0.0000000000
endloop
endfacet
facet normal 0 0 1
outer loop
vertex 0.0844999963 0.0131666683 0.0000000000
vertex 0.0844999963 0.0113333349 0.0000000000
vertex 0.0863333296 0.0113333349 0.0000000000
endloop
endfacet
facet normal 0 0 1
outer loop
vertex 0.0863333296 0.0131666683 0.0000000000
vertex 0.0881666630 0.0113333349 0.0000000000
vertex 0.0881666630 0.0131666683 0.0000000000
endloop
endfacet
facet normal 0 0 1
outer loop
vertex 0.0863333296 0.0131666683 0.0000000000
vertex 0.0863333296 0.0113333349 0.0000000000
vertex 0.0881666630 0.0113333349 0.0000000000
endloop
endfacet
facet normal 0 0 1
outer loop
vertex 0.0881666630 0.0131666683 0.0000000000
vertex 0.0899999963 0.0113333349 0.0000000000
vertex 0.0899999963 0.0131666683 0.0000000000
endloop
endfacet
facet normal 0 0 1
outer loop
vertex 0.0881666630 0.0131666683 0.0000000000
vertex 0.0881666630 0.0113333349 0.0000000000
vertex 0.0899999963 0.0113333349 0.0000000000
endloop
endfacet
facet normal 0 0 1
outer loop
vertex 0.0899999963 0.0131666683 0.0000000000
vertex 0.0918333296 0.0113333349 0.0000000000
vertex 0.0918333296 0.0131666683 0.0000000000
endloop
endfacet
facet normal 0 0 1
outer loop
vertex 0.0899999963 0.0131666683 0.0000000000
vertex 0.0899999963 0.0113333349 0.0000000000
vertex 0.0918333296 0.0113333349 0.0000000000
endloop
endfacet
facet normal 0 0 1
outer loop
vertex 0.0936666630 0.0131666683 0.0000000000
vertex 0.0954999963 0.0113333349 0.0000000000
vertex 0.0954999963 0.0131666683 0.0000000000
endloop
endfacet
facet normal 0 0 1
outer loop
vertex 0.0936666630 0.0131666683 0.0000000000
vertex 0.0936666630 0.0113333349 0.0000000000
vertex 0.0954999963 0.0113333349 0.0000000000
endloop
endfacet
facet normal 0 0 1
outer loop
vertex 0.0844999963 0.0113333349 0.0000000000
vertex 0.0863333296 0.0095000016 0.0000000000
vertex 0.0863333296 0.0113333349 0.0000000000
endloop
endfacet
facet normal 0 0 1
outer loop
vertex 0.0844999963 0.0113333349 0.0000000000
vertex 0.0844999963 0.0095000016 0.0000000000
vertex 0.0863333296 0.0095000016 0.0000000000
endloop
endfacet
facet normal 0 0 1
outer loop
vertex 0.0863333296 0.0113333349 0.0000000000
vertex 0.0881666630 0.0095000016 0.0000000000
vertex 0.0881666630 0.0113333349 0.0000000000
endloop
endfacet
facet normal 0 0 1
outer loop
vertex 0.0863333296 0.0113333349 0.0000000000
vertex 0.0863333296 0.0095000016 0.0000000000
vertex 0.0881666630 0.0095000016 0.0000000000
endloop
endfacet
facet normal 0 0 1
outer loop
vertex 0.0881666630 0.0113333349 0.0000000000
vertex 0.0899999963 0.0095000016 0.0000000000
vertex 0.0899999963 0.0113333349 0.0000000000
endloop
endfacet
facet normal 0 0 1
outer loop
vertex 0.0881666630 0.0113333349 0.0000000000
vertex 0.0881666630 0.0095000016 0.0000000000
vertex 0.0899999963 0.0095000016 0.0000000000
endloop
endfacet
facet normal 0 0 1
outer loop
vertex 0.0899999963 0.0113333349 0.0000000000
vertex 0.0918333296 0.0095000016 0.0000000000
vertex 0.0918333296 0.0113333349 0.0000000000
endloop
endfacet
facet normal 0 0 1
outer loop
vertex 0.0899999963 0.0113333349 0.0000000000
vertex 0.0899999963 0.0095000016 0.0000000000
vertex 0.0918333296 0.0095000016 0.0000000000
endloop
endfacet
facet normal 0 0 1
outer loop
vertex 0.0918333296 0.0113333349 0.0000000000
vertex 0.0936666630 0.0095000016 0.0000000000
vertex 0.0936666630 0.0113333349 0.0000000000
endloop
endfacet
facet normal 0 0 1
outer loop
vertex 0.0918333296 0.0113333349 0.0000000000
vertex 0.0918333296 0.0095000016 0.0000000000
vertex 0.0936666630 0.0095000016 0.0000000000
endloop
endfacet
facet normal 0 0 1
outer loop
vertex 0.0936666630 0.0113333349 0.0000000000
vertex 0.0954999963 0.0095000016 0.0000000000
vertex 0.0954999963 0.0113333349 0.0000000000
endloop
endfacet
facet normal 0 0 1
outer loop
vertex 0.0936666630 0.0113333349 0.0000000000
vertex 0.0936666630 0.0095000016 0.0000000000
vertex 0.0954999963 0.0095000016 0.0000000000
endloop
endfacet
facet normal 0 0 1
outer loop
vertex -0.0805000009 0.0055000010 0.0000000000
vertex -0.0786666676 0.0036666677 0.0000000000
vertex -0.0786666676 0.0055000010 0.0000000000
endloop
endfacet
facet normal 0 0 1
outer loop
vertex -0.0805000009 0.0055000010 0.0000000000
vertex -0.0805000009 0.0036666677 0.0000000000
vertex -0.0786666676 0.0036666677 0.0000000000
endloop
endfacet
facet normal 0 0 1
outer loop
vertex -0.0786666676 0.0055000010 0.0000000000
vertex -0.0768333343 0.0036666677 0.0000000000
vertex -0.0768333343 0.0055000010 0.0000000000
endloop
endfacet
facet normal 0 0 1
outer loop
vertex -0.0786666676 0.0055000010 0.0000000000
vertex -0.0786666676 0.0036666677 0.0000000000
vertex -0.0768333343 0.0036666677 0.0000000000
endloop
endfacet
facet normal 0 0 1
outer loop
vertex -0.0768333343 0.0055000010 0.0000000000
vertex -0.0750000009 0.0036666677 0.0000000000
vertex -0.0750000009 0.0055000010 0.0000000000
endloop
endfacet
facet normal 0 0 1
outer loop
vertex -0.0768333343 0.0055000010 0.0000000000
vertex -0.0768333343 0.0036666677 0.0000000000
vertex -0.0750000009 0.0036666677 0.0000000000
endloop
endfacet
facet normal 0 0 1
outer loop
vertex -0.0750000009 0.0055000010 0.0000000000
vertex -0.0731666676 0.0036666677 0.0000000000
vertex -0.0731666676 0.0055000010 0.0000000000
endloop
endfacet
facet normal 0 0 1
outer loop
vertex -0.0750000009 0.0055000010 0.0000000000
vertex -0.0750000009 0.0036666677 0.0000000000
vertex -0.0731666676 0.0036666677 0.0000000000
endloop
endfacet
facet normal 0 0 1
outer loop
vertex -0.0731666676 0.0055000010 0.0000000000
vertex -0.0713333343 0.0036666677 0.0000000000
vertex -0.0713333343 0.0055000010 0.0000000000
endloop
endfacet
facet normal 0 0 1
outer loop
vertex -0.0731666676 0.0055000010 0.0000000000
vertex -0.0731666676 0.0036666677 0.0000000000
vertex -0.0713333343 0.0036666677 0.0000000000
endloop
endfacet
facet normal 0 0 1
outer loop
vertex -0.0713333343 0.0055000010 0.0000000000
vertex -0.0695000009 0.0036666677 0.0000000000
vertex -0.0695000009 0.0055000010 0.0000000000
endloop
endfacet
facet normal 0 0 1
outer loop
vertex -0.0713333343 0.0055000010 0.0000000000
vertex -0.0713333343 0.0036666677 0.0000000000
vertex -0.0695000009 0.0036666677 0.0000000000
endloop
endfacet
facet normal 0 0 1
outer loop
vertex -0.0805000009 0.0036666677 0.0000000000
vertex -0.0786666676 0.0018333343 0.0000000000
vertex -0.0786666676 0.0036666677 0.0000000000
endloop
endfacet
facet normal 0 0 1
outer loop
vertex -0.0805000009 0.0036666677 0.0000000000
vertex -0.0805000009 0.0018333343 0.0000000000
vertex -0.0786666676 0.0018333343 0.0000000000
endloop
endfacet
facet normal 0 0 1
outer loop
vertex -0.0768333343 0.0036666677 0.0000000000
vertex -0.0750000009 0.0018333343 0.0000000000
vertex -0.0750000009 0.0036666677 0.0000000000
endloop
endfacet
facet normal 0 0 1
outer loop
vertex -0.0768333343 0.0036666677 0.0000000000
vertex -0.0768333343 0.0018333343 0.0000000000
vertex -0.0750000009 0.0018333343 0.0000000000
endloop
endfacet
facet normal 0 0 1
outer loop
vertex -0.0731666676 0.0036666677 0.0000000000
vertex -0.0713333343 0.0018333343 0.0000000000
vertex -0.0713333343 0.0036666677 0.0000000000
endloop
endfacet
facet normal 0 0 1
outer loop
vertex -0.0731666676 0.0036666677 0.0000000000
vertex -0.0731666676 0.0018333343 0.0000000000
vertex -0.0713333343 0.0018333343 0.0000000000
endloop
endfacet
facet normal 0 0 1
outer loop
vertex -0.0713333343 0.0036666677 0.0000000000
vertex -0.0695000009 0.0018333343 0.0000000000
vertex -0.0695000009 0.0036666677 0.0000000000
endloop
endfacet
facet normal 0 0 1
outer loop
vertex -0.0713333343 0.0036666677 0.0000000000
vertex -0.0713333343 0.0018333343 0.0000000000
vertex -0.0695000009 0.0018333343 0.0000000000
endloop
endfacet
facet normal 0 0 1
outer loop
vertex -0.0805000009 0.0018333343 0.0000000000
vertex -0.0786666676 0.0000000010 0.0000000000
vertex -0.0786666676 0.0018333343 0.0000000000
endloop
endfacet
facet normal 0 0 1
outer loop
vertex -0.0805000009 0.0018333343 0.0000000000
vertex -0.0805000009 0.0000000010 0.0000000000
vertex -0.0786666676 0.0000000010 0.0000000000
endloop
endfacet
facet normal 0 0 1
outer loop
vertex -0.0750000009 0.0018333343 0.0000000000
vertex -0.0731666676 0.0000000010 0.0000000000
vertex -0.0731666676 0.0018333343 0.0000000000
endloop
endfacet
facet normal 0 0 1
outer loop
vertex -0.0750000009 0.0018333343 0.0000000000
vertex -0.0750000009 0.0000000010 0.0000000000
vertex -0.0731666676 0.0000000010 0.0000000000
endloop
endfacet
facet normal 0 0 1
outer loop
vertex -0.0731666676 0.0018333343 0.0000000000
vertex -0.0713333343 0.0000000010 0.0000000000
vertex -0.0713333343 0.0018333343 0.0000000000
endloop
endfacet
facet normal 0 0 1
outer loop
vertex -0.0731666676 0.0018333343 0.0000000000
vertex -0.0731666676 0.0000000010 0.0000000000
vertex -0.0713333343 0.0000000010 0.0000000000
endloop
endfacet
facet normal 0 0 1
outer loop
vertex -0.0713333343 0.0018333343 0.0000000000
vertex -0.0695000009 0.0000000010 0.0000000000
vertex -0.0695000009 0.0018333343 0.0000000000
endloop
endfacet
facet normal 0 0 1
outer loop
vertex -0.0713333343 0.0018333343 0.0000000000
vertex -0.0713333343 0.0000000010 0.0000000000
vertex -0.0695000009 0.0000000010 0.0000000000
endloop
endfacet
facet normal 0 0 1
outer loop
vertex -0.0805000009 0.0000000010 0.0000000000
vertex -0.0786666676 -0.0018333323 0.0000000000
vertex -0.0786666676 0.0000000010 0.0000000000
endloop
endfacet
facet normal 0 0 1
outer loop
vertex -0.0805000009 0.0000000010 0.0000000000
vertex -0.0805000009 -0.0018333323 0.0000000000
vertex -0.0786666676 -0.0018333323 0.0000000000
endloop
endfacet
facet normal 0 0 1
outer loop
vertex -0.0731666676 0.0000000010 0.0000000000
vertex -0.0713333343 -0.0018333323 0.0000000000
vertex -0.0713333343 0.0000000010 0.0000000000
endloop
endfacet
facet normal 0 0 1
outer loop
vertex -0.0731666676 0.0000000010 0.0000000000
vertex -0.0731666676 -0.0018333323 0.0000000000
vertex -0.0713333343 -0.0018333323 0.0000000000
endloop
endfacet
facet normal 0 0 1
outer loop
vertex -0.0713333343 0.0000000010 0.0000000000
vertex -0.0695000009 -0.0018333323 0.0000000000
vertex -0.0695000009 0.0000000010 0.0000000000
endloop
endfacet
facet normal 0 0 1
outer loop
vertex -0.0713333343 0.0000000010 0.0000000000
vertex -0.0713333343 -0.0018333323 0.0000000000
vertex -0.0695000009 -0.0018333323 0.0000000000
endloop
endfacet
facet normal 0 0 1
outer loop
vertex -0.0805000009 -0.0018333323 0.0000000000
vertex -0.0786666676 -0.0036666657 0.0000000000
vertex -0.0786666676 -0.0018333323 0.0000000000
endloop
endfacet
facet normal 0 0 1
outer loop
vertex -0.0805000009 -0.0018333323 0.0000000000
vertex -0.0805000009 -0.0036666657 0.0000000000
vertex -0.0786666676 -0.0036666657 0.0000000000
endloop
endfacet
facet normal 0 0 1
outer loop
vertex -0.0786666676 -0.0018333323 0.0000000000
vertex -0.0768333343 -0.0036666657 0.0000000000
vertex -0.0768333343 -0.0018333323 0.0000000000
endloop
endfacet
facet normal 0 0 1
outer loop
vertex -0.0786666676 -0.0018333323 0.0000000000
vertex -0.0786666676 -0.0036666657 0.0000000000
vertex -0.0768333343 -0.0036666657 0.0000000000
endloop
endfacet
facet normal 0 0 1
outer loop
vertex -0.0750000009 -0.0018333323 0.0000000000
vertex -0.0731666676 -0.0036666657 0.0000000000
vertex -0.0731666676 -0.0018333323 0.0000000000
endloop
endfacet
facet normal 0 0 1
outer loop
vertex -0.0750000009 -0.0018333323 0.0000000000
vertex -0.0750000009 -0.0036666657 0.0000000000
vertex -0.0731666676 -0.0036666657 0.0000000000
endloop
endfacet
facet normal 0 0 1
outer loop
vertex -0.0731666676 -0.0018333323 0.0000000000
vertex -0.0713333343 -0.0036666657 0.0000000000
vertex -0.0713333343 -0.0018333323 0.0000000000
endloop
endfacet
facet normal 0 0 1
outer loop
vertex -0.0731666676 -0.0018333323 0.0000000000
vertex -0.0731666676 -0.0036666657 0.0000000000
vertex -0.0713333343 -0.0036666657 0.0000000000
endloop
endfacet
facet normal 0 0 1
outer loop
vertex -0.0713333343 -0.0018333323 0.0000000000
vertex -0.0695000009 -0.0036666657 0.0000000000
vertex -0.0695000009 -0.0018333323 0.0000000000
endloop
endfacet
facet normal 0 0 1
outer loop
vertex -0.0713333343 -0.0018333323 0.0000000000
vertex -0.0713333343 -0.0036666657 0.0000000000
vertex -0.0695000009 -0.0036666657 0.0000000000
endloop
endfacet
facet normal 0 0 1
outer loop
vertex -0.0805000009 -0.0036666657 0.0000000000
vertex -0.0786666676 -0.0054999990 0.0000000000
vertex -0.0786666676 -0.0036666657 0.0000000000
endloop
endfacet
facet normal 0 0 1
outer loop
vertex -0.0805000009 -0.0036666657 0.0000000000
vertex -0.0805000009 -0.0054999990 0.0000000000
vertex -0.0786666676 -0.0054999990 0.0000000000
endloop
endfacet
facet normal 0 0 1
outer loop
vertex -0.0786666676 -0.0036666657 0.0000000000
vertex -0.0768333343 -0.0054999990 0.0000000000
vertex -0.0768333343 -0.0036666657 0.0000000000
endloop
endfacet
facet normal 0 0 1
outer loop
vertex -0.0786666676 -0.0036666657 0.0000000000
vertex -0.0786666676 -0.0054999990 0.0000000000
vertex -0.0768333343 -0.0054999990 0.0000000000
endloop
endfacet
facet normal 0 0 1
outer loop
vertex -0.0768333343 -0.0036666657 0.0000000000
vertex -0.0750000009 -0.0054999990 0.0000000000
vertex -0.0750000009 -0.0036666657 0.0000000000
endloop
endfacet
facet normal 0 0 1
outer loop
vertex -0.0768333343 -0.0036666657 0.0000000000
vertex -0.0768333343 -0.0054999990 0.0000000000
vertex -0.0750000009 -0.0054999990 0.0000000000
endloop
endfacet
facet normal 0 0 1
outer loop
vertex -0.0750000009 -0.0036666657 0.0000000000
vertex -0.0731666676 -0.0054999990 0.0000000000
vertex -0.0731666676 -0.0036666657 0.0000000000
endloop
endfacet
facet normal 0 0 1
outer loop
vertex -0.0750000009 -0.0036666657 0.0000000000
vertex -0.0750000009 -0.0054999990 0.0000000000
vertex -0.0731666676 -0.0054999990 0.0000000000
endloop
endfacet
facet normal 0 0 1
outer loop
vertex -0.0731666676 -0.0036666657 0.0000000000
vertex -0.0713333343 -0.0054999990 0.0000000000
vertex -0.0713333343 -0.0036666657 0.0000000000
endloop
endfacet
facet normal 0 0 1
outer loop
vertex -0.0731666676 -0.0036666657 0.0000000000
vertex -0.0731666676 -0.0054999990 0.0000000000
vertex -0.0713333343 -0.0054999990 0.0000000000
endloop
endfacet
facet normal 0 0 1
outer loop
vertex -0.0713333343 -0.0036666657 0.0000000000
vertex -0.0695000009 -0.0054999990 0.0000000000
vertex -0.0695000009 -0.0036666657 0.0000000000
endloop
endfacet
facet normal 0 0 1
outer loop
vertex -0.0713333343 -0.0036666657 0.0000000000
vertex -0.0713333343 -0.0054999990 0.0000000000
vertex -0.0695000009 -0.0054999990 0.0000000000
endloop
endfacet
facet normal 0 0 1
outer loop
vertex -0.0505000016 0.0055000010 0.0000000000
vertex -0.0486666683 0.0036666677 0.0000000000
vertex -0.0486666683 0.0055000010 0.0000000000
endloop
endfacet
facet normal 0 0 1
outer loop
vertex -0.0505000016 0.0055000010 0.0000000000
vertex -0.0505000016 0.0036666677 0.0000000000
vertex -0.0486666683 0.0036666677 0.0000000000
endloop
endfacet
facet normal 0 0 1
outer loop
vertex -0.0486666683 0.0055000010 0.0000000000
vertex -0.0468333349 0.0036666677 0.0000000000
vertex -0.0468333349 0.0055000010 0.0000000000
endloop
endfacet
facet normal 0 0 1
outer loop
vertex -0.0486666683 0.0055000010 0.0000000000
vertex -0.0486666683 0.0036666677 0.0000000000
vertex -0.0468333349 0.0036666677 0.0000000000
endloop
endfacet
facet normal 0 0 1
outer loop
vertex -0.0468333349 0.0055000010 0.0000000000
vertex -0.0450000016 0.0036666677 0.0000000000
vertex -0.0450000016 0.0055000010 0.0000000000
endloop
endfacet
facet normal 0 0 1
outer loop
vertex -0.0468333349 0.0055000010 0.0000000000
vertex -0.0468333349 0.0036666677 0.0000000000
vertex -0.0450000016 0.0036666677 0.0000000000
endloop
endfacet
facet normal 0 0 1
outer loop
vertex -0.0450000016 0.0055000010 0.0000000000
vertex -0.0431666683 0.0036666677 0.0000000000
vertex -0.0431666683 0.0055000010 0.0000000000
endloop
endfacet
facet normal 0 0 1
outer loop
vertex -0.0450000016 0.0055000010 0.0000000000
vertex -0.0450000016 0.0036666677 0.0000000000
vertex -0.0431666683 0.0036666677 0.0000000000
endloop
endfacet
facet normal 0 0 1
outer loop
vertex -0.0431666683 0.0055000010 0.0000000000
vertex -0.0413333349 0.0036666677 0.0000000000
vertex -0.0413333349 0.0055000010 0.0000000000
endloop
endfacet
facet normal 0 0 1
outer loop
vertex -0.0431666683 0.0055000010 0.0000000000
vertex -0.0431666683 0.0036666677 0.0000000000
vertex -0.0413333349 0.0036666677 0.0000000000
endloop
endfacet
facet normal 0 0 1
outer loop
vertex -0.0413333349 0.0055000010 0.0000000000
vertex -0.0395000016 0.0036666677 0.0000000000
vertex -0.0395000016 0.0055000010 0.0000000000
endloop
endfacet
facet normal 0 0 1
outer loop
vertex -0.0413333349 0.0055000010 0.0000000000
vertex -0.0413333349 0.0036666677 0.0000000000
vertex -0.0395000016 0.0036666677 0.0000000000
endloop
endfacet
facet normal 0 0 1
outer loop
vertex -0.0505000016 0.0036666677 0.0000000000
vertex -0.0486666683 0.0018333343 0.0000000000
vertex -0.0486666683 0.0036666677 0.0000000000
endloop
endfacet
facet normal 0 0 1
outer loop
vertex -0.0505000016 0.0036666677 0.0000000000
vertex -0.0505000016 0.0018333343 0.0000000000
vertex -0.0486666683 0.0018333343 0.0000000000
endloop
endfacet
facet normal 0 0 1
outer loop
vertex -0.0468333349 0.0036666677 0.0000000000
vertex -0.0450000016 0.0018333343 0.0000000000
vertex -0.0450000016 0.0036666677 0.0000000000
endloop
endfacet
facet normal 0 0 1
outer loop
vertex -0.0468333349 0.0036666677 0.0000000000
vertex -0.0468333349 0.0018333343 0.0000000000
vertex -0.0450000016 0.0018333343 0.0000000000
endloop
endfacet
facet normal 0 0 1
outer loop
vertex -0.0431666683 0.0036666677 0.0000000000
vertex -0.0413333349 0.0018333343 0.0000000000
vertex -0.0413333349 0.0036666677 0.0000000000
endloop
endfacet
facet normal 0 0 1
outer loop
vertex -0.0431666683 0.0036666677 0.0000000000
vertex -0.0431666683 0.0018333343 0.0000000000
vertex -0.0413333349 0.0018333343 0.0000000000
endloop
endfacet
facet normal 0 0 1
outer loop
vertex -0.0413333349 0.0036666677 0.0000000000
vertex -0.0395000016 0.0018333343 0.0000000000
vertex -0.0395000016 0.0036666677 0.0000000000
endloop
endfacet
facet normal 0 0 1
outer loop
vertex -0.0413333349 0.0036666677 0.0000000000
vertex -0.0413333349 0.0018333343 0.0000000000
vertex -0.0395000016 0.0018333343 0.0000000000
endloop
endfacet
facet normal 0 0 1
outer loop
vertex -0.0505000016 0.0018333343 0.0000000000
vertex -0.0486666683 0.0000000010 0.0000000000
vertex -0.0486666683 0.0018333343 0.0000000000
endloop
endfacet
facet normal 0 0 1
outer loop
vertex -0.0505000016 0.0018333343 0.0000000000
vertex -0.0505000016 0.0000000010 0.0000000000
vertex -0.0486666683 0.0000000010 0.0000000000
endloop
endfacet
facet normal 0 0 1
outer loop
vertex -0.0486666683 0.0018333343 0.0000000000
vertex -0.0468333349 0.0000000010 0.0000000000
vertex -0.0468333349 0.0018333343 0.0000000000
endloop
endfacet
facet normal 0 0 1
outer loop
vertex -0.0486666683 0.0018333343 0.0000000000
vertex -0.0486666683 0.0000000010 0.0000000000
vertex -0.0468333349 0.0000000010 0.0000000000
endloop
endfacet
facet normal 0 0 1
outer loop
vertex -0.0450000016 0.0018333343 0.0000000000
vertex -0.0431666683 0.0000000010 0.0000000000
vertex -0.0431666683 0.0018333343 0.0000000000
endloop
endfacet
facet normal 0 0 1
outer loop
vertex -0.0450000016 0.0018333343 0.0000000000
vertex -0.0450000016 0.0000000010 0.0000000000
vertex -0.0431666683 0.0000000010 0.0000000000
endloop
endfacet
facet normal 0 0 1
outer loop
vertex -0.0413333349 0.0018333343 0.0000000000
vertex -0.0395000016 0.0000000010 0.0000000000
vertex -0.0395000016 0.0018333343 0.0000000000
endloop
endfacet
facet normal 0 0 1
outer loop
vertex -0.0413333349 0.0018333343 0.0000000000
vertex -0.0413333349 0.0000000010 0.0000000000
vertex -0.0395000016 0.0000000010 0.0000000000
endloop
endfacet
facet normal 0 0 1
outer loop
vertex -0.0505000016 0.0000000010 0.0000000000
vertex -0.0486666683 -0.0018333323 0.0000000000
vertex -0.0486666683 0.0000000010 0.0000000000
endloop
endfacet
facet normal 0 0 1
outer loop
vertex -0.0505000016 0.0000000010 0.0000000000
vertex -0.0505000016 -0.0018333323 0.0000000000
vertex -0.0486666683 -0.0018333323 0.0000000000
endloop
endfacet
facet normal 0 0 1
outer loop
vertex -0.0486666683 0.0000000010 0.0000000000
vertex -0.0468333349 -0.0018333323 0.0000000000
vertex -0.0468333349 0.0000000010 0.0000000000
endloop
endfacet
facet normal 0 0 1
outer loop
vertex -0.0486666683 0.0000000010 0.0000000000
vertex -0.0486666683 -0.0018333323 0.0000000000
vertex -0.0468333349 -0.0018333323 0.0000000000
endloop
endfacet
facet normal 0 0 1
outer loop
vertex -0.0450000016 0.0000000010 0.0000000000
vertex -0.0431666683 -0.0018333323 0.0000000000
vertex -0.0431666683 0.0000000010 0.0000000000
endloop
endfacet
facet normal 0 0 1
outer loop
vertex -0.0450000016 0.0000000010 0.0000000000
vertex -0.0450000016 -0.0018333323 0.0000000000
vertex -0.0431666683 -0.0018333323 0.0000000000
endloop
endfacet
facet normal 0 0 1
outer loop
vertex -0.0413333349 0.0000000010 0.0000000000
vertex -0.0395000016 -0.0018333323 0.0000000000
vertex -0.0395000016 0.0000000010 0.0000000000
endloop
endfacet
facet normal 0 0 1
outer loop
vertex -0.0413333349 0.0000000010 0.0000000000
vertex -0.0413333349 -0.0018333323 0.0000000000
vertex -0.0395000016 -0.0018333323 0.0000000000
endloop
endfacet
facet normal 0 0 1
outer loop
vertex -0.0505000016 -0.0018333323 0.0000000000
vertex -0.0486666683 -0.0036666657 0.0000000000
vertex -0.0486666683 -0.0018333323 0.0000000000
endloop
endfacet
facet normal 0 0 1
outer loop
vertex -0.0505000016 -0.0018333323 0.0000000000
vertex -0.0505000016 -0.0036666657 0.0000000000
vertex -0.0486666683 -0.0036666657 0.0000000000
endloop
endfacet
facet normal 0 0 1
outer loop
vertex -0.0486666683 -0.0018333323 0.0000000000
vertex -0.0468333349 -0.0036666657 0.0000000000
vertex -0.0468333349 -0.0018333323 0.0000000000
endloop
endfacet
facet normal 0 0 1
outer loop
vertex -0.0486666683 -0.0018333323 0.0000000000
vertex -0.0486666683 -0.0036666657 0.0000000000
vertex -0.0468333349 -0.0036666657 0.0000000000
endloop
endfacet
facet normal 0 0 1
outer loop
vertex -0.0450000016 -0.0018333323 0.0000000000
vertex -0.0431666683 -0.0036666657 0.0000000000
vertex -0.0431666683 -0.0018333323 0.0000000000
endloop
endfacet
facet normal 0 0 1
outer loop
vertex -0.0450000016 -0.0018333323 0.0000000000
vertex -0.0450000016 -0.0036666657 0.0000000000
vertex -0.0431666683 -0.0036666657 0.0000000000
endloop
endfacet
facet normal 0 0 1
outer loop
vertex -0.0431666683 -0.0018333323 0.0000000000
vertex -0.0413333349 -0.0036666657 0.0000000000
vertex -0.0413333349 -0.0018333323 0.0000000000
endloop
endfacet
facet normal 0 0 1
outer loop
vertex -0.0431666683 -0.0018333323 0.0000000000
vertex -0.0431666683 -0.0036666657 0.0000000000
vertex -0.0413333349 -0.0036666657 0.0000000000
endloop
endfacet
facet normal 0 0 1
outer loop
vertex -0.0413333349 -0.0018333323 0.0000000000
vertex -0.0395000016 -0.0036666657 0.0000000000
vertex -0.0395000016 -0.0018333323 0.0000000000
endloop
endfacet
facet normal 0 0 1
outer loop
vertex -0.0413333349 -0.0018333323 0.0000000000
vertex -0.0413333349 -0.0036666657 0.0000000000
vertex -0.0395000016 -0.0036666657 0.0000000000
endloop
endfacet
facet normal 0 0 1
outer loop
vertex -0.0505000016 -0.0036666657 0.0000000000
vertex -0.0486666683 -0.0054999990 0.0000000000
vertex -0.0486666683 -0.0036666657 0.0000000000
endloop
endfacet
facet normal 0 0 1
outer loop
vertex -0.0505000016 -0.0036666657 0.0000000000
vertex -0.0505000016 -0.0054999990 0.0000000000
vertex -0.0486666683 -0.0054999990 0.0000000000
endloop
endfacet
facet normal 0 0 1
outer loop
vertex -0.0486666683 -0.0036666657 0.0000000000
vertex -0.0468333349 -0.0054999990 0.0000000000
vertex -0.0468333349 -0.0036666657 0.0000000000
endloop
endfacet
facet normal 0 0 1
outer loop
vertex -0.0486666683 -0.0036666657 0.0000000000
vertex -0.0486666683 -0.0054999990 0.0000000000
vertex -0.0468333349 -0.0054999990 0.0000000000
endloop
endfacet
facet normal 0 0 1
outer loop
vertex -0.0468333349 -0.0036666657 0.0000000000
vertex -0.0450000016 -0.0054999990 0.0000000000
vertex -0.0450000016 -0.0036666657 0.0000000000
endloop
endfacet
facet normal 0 0 1
outer loop
vertex -0.0468333349 -0.0036666657 0.0000000000
vertex -0.0468333349 -0.0054999990 0.0000000000
vertex -0.0450000016 -0.0054999990 0.0000000000
endloop
endfacet
facet normal 0 0 1
outer loop
vertex -0.0450000016 -0.0036666657 0.0000000000
vertex -0.0431666683 -0.0054999990 0.0000000000
vertex -0.0431666683 -0.0036666657 0.0000000000
endloop
endfacet
facet normal 0 0 1
outer loop
vertex -0.0450000016 -0.0036666657 0.0000000000
vertex -0.0450000016 -0.0054999990 0.0000000000
vertex -0.0431666683 -0.0054999990 0.0000000000
endloop
endfacet
facet normal 0 0 1
outer loop
vertex -0.0431666683 -0.0036666657 0.0000000000
vertex -0.0413333349 -0.0054999990 0.0000000000
vertex -0.0413333349 -0.0036666657 0.0000000000
endloop
endfacet
facet normal 0 0 1
outer loop
vertex -0.0431666683 -0.0036666657 0.0000000000
vertex -0.0431666683 -0.0054999990 0.0000000000
vertex -0.0413333349 -0.0054999990 0.0000000000
endloop
endfacet
facet normal 0 0 1
outer loop
vertex -0.0413333349 -0.0036666657 0.0000000000
vertex -0.0395000016 -0.0054999990 0.0000000000
vertex -0.0395000016 -0.0036666657 0.0000000000
endloop
endfacet
facet normal 0 0 1
outer loop
vertex -0.0413333349 -0.0036666657 0.0000000000
vertex -0.0413333349 -0.0054999990 0.0000000000
vertex -0.0395000016 -0.0054999990 0.0000000000
endloop
endfacet
facet normal 0 0 1
outer loop
vertex -0.0205000079 0.0055000010 0.0000000000
vertex -0.0186666745 0.0036666677 0.0000000000
vertex -0.0186666745 0.0055000010 0.0000000000
endloop
endfacet
facet normal 0 0 1
outer loop
vertex -0.0205000079 0.0055000010 0.0000000000
vertex -0.0205000079 0.0036666677 0.0000000000
vertex -0.0186666745 0.0036666677 0.0000000000
endloop
endfacet
facet normal 0 0 1
outer loop
vertex -0.0186666745 0.0055000010 0.0000000000
vertex -0.0168333412 0.0036666677 0.0000000000
vertex -0.0168333412 0.0055000010 0.0000000000
endloop
endfacet
facet normal 0 0 1
outer loop
vertex -0.0186666745 0.0055000010 0.0000000000
vertex -0.0186666745 0.0036666677 0.0000000000
vertex -0.0168333412 0.0036666677 0.0000000000
endloop
endfacet
facet normal 0 0 1
outer loop
vertex -0.0168333412 0.0055000010 0.0000000000
vertex -0.0150000079 0.0036666677 0.0000000000
vertex -0.0150000079 0.0055000010 0.0000000000
endloop
endfacet
facet normal 0 0 1
outer loop
vertex -0.0168333412 0.0055000010 0.0000000000
vertex -0.0168333412 0.0036666677 0.0000000000
vertex -0.0150000079 0.0036666677 0.0000000000
endloop
endfacet
facet normal 0 0 1
outer loop
vertex -0.0150000079 0.0055000010 0.0000000000
vertex -0.0131666745 0.0036666677 0.0000000000
vertex -0.0131666745 0.0055000010 0.0000000000
endloop
endfacet
facet normal 0 0 1
outer loop
vertex -0.0150000079 0.0055000010 0.0000000000
vertex -0.0150000079 0.0036666677 0.0000000000
vertex -0.0131666745 0.0036666677 0.0000000000
endloop
endfacet
facet normal 0 0 1
outer loop
vertex -0.0131666745 0.0055000010 0.0000000000
vertex -0.0113333412 0.0036666677 0.0000000000
vertex -0.0113333412 0.0055000010 0.0000000000
endloop
endfacet
facet normal 0 0 1
outer loop
vertex -0.0131666745 0.0055000010 0.0000000000
vertex -0.0131666745 0.0036666677 0.0000000000
vertex -0.0113333412 0.0036666677 0.0000000000
endloop
endfacet
facet normal 0 0 1
outer loop
vertex -0.0113333412 0.0055000010 0.0000000000
vertex -0.0095000079 0.0036666677 0.0000000000
vertex -0.0095000079 0.0055000010 0.0000000000
endloop
endfacet
facet normal 0 0 1
outer loop
vertex -0.0113333412 0.0055000010 0.0000000000
vertex -0.0113333412 0.0036666677 0.0000000000
vertex -0.0095000079 0.0036666677 0.0000000000
endloop
endfacet
facet normal 0 0 1
outer loop
vertex -0.0205000079 0.0036666677 0.0000000000
vertex -0.0186666745 0.0018333343 0.0000000000
vertex -0.0186666745 0.0036666677 0.0000000000
endloop
endfacet
facet normal 0 0 1
outer loop
vertex -0.0205000079 0.0036666677 0.0000000000
vertex -0.0205000079 0.0018333343 0.0000000000
vertex -0.0186666745 0.0018333343 0.0000000000
endloop
endfacet
facet normal 0 0 1
outer loop
vertex -0.0186666745 0.0036666677 0.0000000000
vertex -0.0168333412 0.0018333343 0.0000000000
vertex -0.0168333412 0.0036666677 0.0000000000
endloop
endfacet
facet normal 0 0 1
outer loop
vertex -0.0186666745 0.0036666677 0.0000000000
vertex -0.0186666745 0.0018333343 0.0000000000
vertex -0.0168333412 0.0018333343 0.0000000000
endloop
endfacet
facet normal 0 0 1
outer loop
vertex -0.0168333412 0.0036666677 0.0000000000
vertex -0.0150000079 0.0018333343 0.0000000000
vertex -0.0150000079 0.0036666677 0.0000000000
endloop
endfacet
facet normal 0 0 1
outer loop
vertex -0.0168333412 0.0036666677 0.0000000000
vertex -0.0168333412 0.0018333343 0.0000000000
vertex -0.0150000079 0.0018333343 0.0000000000
endloop
endfacet
facet normal 0 0 1
outer loop
vertex -0.0131666745 0.0036666677 0.0000000000
vertex -0.0113333412 0.0018333343 0.0000000000
vertex -0.0113333412 0.0036666677 0.0000000000
endloop
endfacet
facet normal 0 0 1
outer loop
vertex -0.0131666745 0.0036666677 0.0000000000
vertex -0.0131666745 0.0018333343 0.0000000000
vertex -0.0113333412 0.0018333343 0.0000000000
endloop
endfacet
facet normal 0 0 1
outer loop
vertex -0.0113333412 0.0036666677 0.0000000000
vertex -0.0095000079 0.0018333343 0.0000000000
vertex -0.0095000079 0.0036666677 0.0000000000
endloop
endfacet
facet normal 0 0 1
outer loop
vertex -0.0113333412 0.0036666677 0.0000000000
vertex -0.0113333412 0.0018333343 0.0000000000
vertex -0.0095000079 0.0018333343 0.0000000000
endloop
endfacet
facet normal 0 0 1
outer loop
vertex -0.0205000079 0.0018333343 0.0000000000
vertex -0.0186666745 0.0000000010 0.0000000000
vertex -0.0186666745 0.0018333343 0.0000000000
endloop
endfacet
facet normal 0 0 1
outer loop
vertex -0.0205000079 0.0018333343 0.0000000000
vertex -0.0205000079 0.0000000010 0.0000000000
vertex -0.0186666745 0.0000000010 0.0000000000
endloop
endfacet
facet normal 0 0 1
outer loop
vertex -0.0186666745 0.0018333343 0.0000000000
vertex -0.0168333412 0.0000000010 0.0000000000
vertex -0.0168333412 0.0018333343 0.0000000000
endloop
endfacet
facet normal 0 0 1
outer loop
vertex -0.0186666745 0.0018333343 0.0000000000
vertex -0.0186666745 0.0000000010 0.0000000000
vertex -0.0168333412 0.0000000010 0.0000000000
endloop
endfacet
facet normal 0 0 1
outer loop
vertex -0.0168333412 0.0018333343 0.0000000000
vertex -0.0150000079 0.0000000010 0.0000000000
vertex -0.0150000079 0.0018333343 0.0000000000
endloop
endfacet
facet normal 0 0 1
outer loop
vertex -0.0168333412 0.0018333343 0.0000000000
vertex -0.0168333412 0.0000000010 0.0000000000
vertex -0.0150000079 0.0000000010 0.0000000000
endloop
endfacet
facet normal 0 0 1
outer loop
vertex -0.0150000079 0.0018333343 0.0000000000
vertex -0.0131666745 0.0000000010 0.0000000000
vertex -0.0131666745 0.0018333343 0.0000000000
endloop
endfacet
facet normal 0 0 1
outer loop
vertex -0.0150000079 0.0018333343 0.0000000000
vertex -0.0150000079 0.0000000010 0.0000000000
vertex -0.0131666745 0.0000000010 0.0000000000
endloop
endfacet
facet normal 0 0 1
outer loop
vertex -0.0113333412 0.0018333343 0.0000000000
vertex -0.0095000079 0.0000000010 0.0000000000
vertex -0.0095000079 0.0018333343 0.0000000000
endloop
endfacet
facet normal 0 0 1
outer loop
vertex -0.0113333412 0.0018333343 0.0000000000
vertex -0.0113333412 0.0000000010 0.0000000000
vertex -0.0095000079 0.0000000010 0.0000000000
endloop
endfacet
facet normal 0 0 1
outer loop
vertex -0.0205000079 0.0000000010 0.0000000000
vertex -0.0186666745 -0.0018333323 0.0000000000
vertex -0.0186666745 0.0000000010 0.0000000000
endloop
endfacet
facet normal 0 0 1
outer loop
vertex -0.0205000079 0.0000000010 0.0000000000
vertex -0.0205000079 -0.0018333323 0.0000000000
vertex -0.0186666745 -0.0018333323 0.0000000000
endloop
endfacet
facet normal 0 0 1
outer loop
vertex -0.0186666745 0.0000000010 0.0000000000
vertex -0.0168333412 -0.0018333323 0.0000000000
vertex -0.0168333412 0.0000000010 0.0000000000
endloop
endfacet
facet normal 0 0 1
outer loop
vertex -0.0186666745 0.0000000010 0.0000000000
vertex -0.0186666745 -0.0018333323 0.0000000000
vertex -0.0168333412 -0.0018333323 0.0000000000
endloop
endfacet
facet normal 0 0 1
outer loop
vertex -0.0168333412 0.0000000010 0.0000000000
vertex -0.0150000079 -0.0018333323 0.0000000000
vertex -0.0150000079 0.0000000010 0.0000000000
endloop
endfacet
facet normal 0 0 1
outer loop
vertex -0.0168333412 0.0000000010 0.0000000000
vertex -0.0168333412 -0.0018333323 0.0000000000
vertex -0.0150000079 -0.0018333323 0.0000000000
endloop
endfacet
facet normal 0 0 1
outer loop
vertex -0.0131666745 0.0000000010 0.0000000000
vertex -0.0113333412 -0.0018333323 0.0000000000
vertex -0.0113333412 0.0000000010 0.0000000000
endloop
endfacet
facet normal 0 0 1
outer loop
vertex -0.0131666745 0.0000000010 0.0000000000
vertex -0.0131666745 -0.0018333323 0.0000000000
vertex -0.0113333412 -0.0018333323 0.0000000000
endloop
endfacet
facet normal 0 0 1
outer loop
vertex -0.0113333412 0.0000000010 0.0000000000
vertex -0.0095000079 -0.0018333323 0.0000000000
vertex -0.0095000079 0.0000000010 0.0000000000
endloop
endfacet
facet normal 0 0 1
outer loop
vertex -0.0113333412 0.0000000010 0.0000000000
vertex -0.0113333412 -0.0018333323 0.0000000000
vertex -0.0095000079 -0.0018333323 0.0000000000
endloop
endfacet
facet normal 0 0 1
outer loop
vertex -0.0205000079 -0.0018333323 0.0000000000
vertex -0.0186666745 -0.0036666657 0.0000000000
vertex -0.0186666745 -0.0018333323 0.0000000000
endloop
endfacet
facet normal 0 0 1
outer loop
vertex -0.0205000079 -0.0018333323 0.0000000000
vertex -0.0205000079 -0.0036666657 0.0000000000
vertex -0.0186666745 -0.0036666657 0.0000000000
endloop
endfacet
facet normal 0 0 1
outer loop
vertex -0.0186666745 -0.0018333323 0.0000000000
vertex -0.0168333412 -0.0036666657 0.0000000000
vertex -0.0168333412 -0.0018333323 0.0000000000
endloop
endfacet
facet normal 0 0 1
outer loop
vertex -0.0186666745 -0.0018333323 0.0000000000
vertex -0.0186666745 -0.0036666657 0.0000000000
vertex -0.0168333412 -0.0036666657 0.0000000000
endloop
endfacet
facet normal 0 0 1
outer loop
vertex -0.0168333412 -0.0018333323 0.0000000000
vertex -0.0150000079 -0.0036666657 0.0000000000
vertex -0.0150000079 -0.0018333323 0.0000000000
endloop
endfacet
facet normal 0 0 1
outer loop
vertex -0.0168333412 -0.0018333323 0.0000000000
vertex -0.0168333412 -0.0036666657 0.0000000000
vertex -0.0150000079 -0.0036666657 0.0000000000
endloop
endfacet
facet normal 0 0 1
outer loop
vertex -0.0113333412 -0.0018333323 0.0000000000
vertex -0.0095000079 -0.0036666657 0.0000000000
vertex -0.0095000079 -0.0018333323 0.0000000000
endloop
endfacet
facet normal 0 0 1
outer loop
vertex -0.0113333412 -0.0018333323 0.0000000000
vertex -0.0113333412 -0.0036666657 0.0000000000
vertex -0.0095000079 -0.0036666657 0.0000000000
endloop
endfacet
facet normal 0 0 1
outer loop
vertex -0.0205000079 -0.0036666657 0.0000000000
vertex -0.0186666745 -0.0054999990 0.0000000000
vertex -0.0186666745 -0.0036666657 0.0000000000
endloop
endfacet
facet normal 0 0 1
outer loop
vertex -0.0205000079 -0.0036666657 0.0000000000
vertex -0.0205000079 -0.0054999990 0.0000000000
vertex -0.0186666745 -0.0054999990 0.0000000000
endloop
endfacet
facet normal 0 0 1
outer loop
vertex -0.0186666745 -0.0036666657 0.0000000000
vertex -0.0168333412 -0.0054999990 0.0000000000
vertex -0.0168333412 -0.0036666657 0.0000000000
endloop
endfacet
facet normal 0 0 1
outer loop
vertex -0.0186666745 -0.0036666657 0.0000000000
vertex -0.0186666745 -0.0054999990 0.0000000000
vertex -0.0168333412 -0.0054999990 0.0000000000
endloop
endfacet
facet normal 0 0 1
outer loop
vertex -0.0168333412 -0.0036666657 0.0000000000
vertex -0.0150000079 -0.0054999990 0.0000000000
vertex -0.0150000079 -0.0036666657 0.0000000000
endloop
endfacet
facet normal 0 0 1
outer loop
vertex -0.0168333412 -0.0036666657 0.0000000000
vertex -0.0168333412 -0.0054999990 0.0000000000
vertex -0.0150000079 -0.0054999990 0.0000000000
endloop
endfacet
facet normal 0 0 1
outer loop
vertex -0.0150000079 -0.0036666657 0.0000000000
vertex -0.0131666745 -0.0054999990 0.0000000000
vertex -0.0131666745 -0.0036666657 0.0000000000
endloop
endfacet
facet normal 0 0 1
outer loop
vertex -0.0150000079 -0.0036666657 0.0000000000
vertex -0.0150000079 -0.0054999990 0.0000000000
vertex -0.0131666745 -0.0054999990 0.0000000000
endloop
endfacet
facet normal 0 0 1
outer loop
vertex -0.0131666745 -0.0036666657 0.0000000000
vertex -0.0113333412 -0.0054999990 0.0000000000
vertex -0.0113333412 -0.0036666657 0.0000000000
endloop
endfacet
facet normal 0 0 1
outer loop
vertex -0.0131666745 -0.0036666657 0.0000000000
vertex -0.0131666745 -0.0054999990 0.0000000000
vertex -0.0113333412 -0.0054999990 0.0000000000
endloop
endfacet
facet normal 0 0 1
outer loop
vertex -0.0113333412 -0.0036666657 0.0000000000
vertex -0.0095000079 -0.0054999990 0.0000000000
vertex -0.0095000079 -0.0036666657 0.0000000000
endloop
endfacet
facet normal 0 0 1
outer loop
vertex -0.0113333412 -0.0036666657 0.0000000000
vertex -0.0113333412 -0.0054999990 0.0000000000
vertex -0.0095000079 -0.0054999990 0.0000000000
endloop
endfacet
facet normal 0 0 1
outer loop
vertex 0.0094999933 0.0055000010 0.0000000000
vertex 0.0113333267 0.0036666677 0.0000000000
vertex 0.0113333267 0.0055000010 0.0000000000
endloop
endfacet
facet normal 0 0 1
outer loop
vertex 0.0094999933 0.0055000010 0.0000000000
vertex 0.0094999933 0.0036666677 0.0000000000
vertex 0.0113333267 0.0036666677 0.0000000000
endloop
endfacet
facet normal 0 0 1
outer loop
vertex 0.0113333267 0.0055000010 0.0000000000
vertex 0.0131666600 0.0036666677 0.0000000000
vertex 0.0131666600 0.0055000010 0.0000000000
endloop
endfacet
facet normal 0 0 1
outer loop
vertex 0.0113333267 0.0055000010 0.0000000000
vertex 0.0113333267 0.0036666677 0.0000000000
vertex 0.0131666600 0.0036666677 0.0000000000
endloop
endfacet
facet normal 0 0 1
outer loop
vertex 0.0131666600 0.0055000010 0.0000000000
vertex 0.0149999933 0.0036666677 0.0000000000
vertex 0.0149999933 0.0055000010 0.0000000000
endloop
endfacet
facet normal 0 0 1
outer loop
vertex 0.0131666600 0.0055000010 0.0000000000
vertex 0.0131666600 0.0036666677 0.0000000000
vertex 0.0149999933 0.0036666677 0.0000000000
endloop
endfacet
facet normal 0 0 1
outer loop
vertex 0.0149999933 0.0055000010 0.0000000000
vertex 0.0168333267 0.0036666677 0.0000000000
vertex 0.0168333267 0.0055000010 0.0000000000
endloop
endfacet
facet normal 0 0 1
outer loop
vertex 0.0149999933 0.0055000010 0.0000000000
vertex 0.0149999933 0.0036666677 0.0000000000
vertex 0.0168333267 0.0036666677 0.0000000000
endloop
endfacet
facet normal 0 0 1
outer loop
vertex 0.0168333267 0.0055000010 0.0000000000
vertex 0.0186666600 0.0036666677 0.0000000000
vertex 0.0186666600 0.0055000010 0.0000000000
endloop
endfacet
facet normal 0 0 1
outer loop
vertex 0.0168333267 0.0055000010 0.0000000000
vertex 0.0168333267 0.0036666677 0.0000000000
vertex 0.0186666600 0.0036666677 0.0000000000
endloop
endfacet
facet normal 0 0 1
outer loop
vertex 0.0186666600 0.0055000010 0.0000000000
vertex 0.0204999933 0.0036666677 0.0000000000
vertex 0.0204999933 0.0055000010 0.0000000000
endloop
endfacet
facet normal 0 0 1
outer loop
vertex 0.0186666600 0.0055000010 0.0000000000
vertex 0.0186666600 0.0036666677 0.0000000000
vertex 0.0204999933 0.0036666677 0.0000000000
endloop
endfacet
facet normal 0 0 1
outer loop
vertex 0.0094999933 0.0036666677 0.0000000000
vertex 0.0113333267 0.0018333343 0.0000000000
vertex 0.0113333267 0.0036666677 0.0000000000
endloop
endfacet
facet normal 0 0 1
outer loop
vertex 0.0094999933 0.0036666677 0.0000000000
vertex 0.0094999933 0.0018333343 0.0000000000
vertex 0.0113333267 0.0018333343 0.0000000000
endloop
endfacet
facet normal 0 0 1
outer loop
vertex 0.0113333267 0.0036666677 0.0000000000
vertex 0.0131666600 0.0018333343 0.0000000000
vertex 0.0131666600 0.0036666677 0.0000000000
endloop
endfacet
facet normal 0 0 1
outer loop
vertex 0.0113333267 0.0036666677 0.0000000000
vertex 0.0113333267 0.0018333343 0.0000000000
vertex 0.0131666600 0.0018333343 0.0000000000
endloop
endfacet
facet normal 0 0 1
outer loop
vertex 0.0131666600 0.0036666677 0.0000000000
vertex 0.0149999933 0.0018333343 0.0000000000
vertex 0.0149999933 0.0036666677 0.0000000000
endloop
endfacet
facet normal 0 0 1
outer loop
vertex 0.0131666600 0.0036666677 0.0000000000
vertex 0.0131666600 0.0018333343 0.0000000000
vertex 0.0149999933 0.0018333343 0.0000000000
endloop
endfacet
facet normal 0 0 1
outer loop
vertex 0.0186666600 0.0036666677 0.0000000000
vertex 0.0204999933 0.0018333343 0.0000000000
vertex 0.0204999933 0.0036666677 0.0000000000
endloop
endfacet
facet normal 0 0 1
outer loop
vertex 0.0186666600 0.0036666677 0.0000000000
vertex 0.0186666600 0.0018333343 0.0000000000
vertex 0.0204999933 0.0018333343 0.0000000000
endloop
endfacet
facet normal 0 0 1
outer loop
vertex 0.0094999933 0.0018333343 0.0000000000
vertex 0.0113333267 0.0000000010 0.0000000000
vertex 0.0113333267 0.0018333343 0.0000000000
endloop
endfacet
facet normal 0 0 1
outer loop
vertex 0.0094999933 0.0018333343 0.0000000000
vertex 0.0094999933 0.0000000010 0.0000000000
vertex 0.0113333267 0.0000000010 0.0000000000
endloop
endfacet
facet normal 0 0 1
outer loop
vertex 0.0113333267 0.0018333343 0.0000000000
vertex 0.0131666600 0.0000000010 0.0000000000
vertex 0.0131666600 0.0018333343 0.0000000000
endloop
endfacet
facet normal 0 0 1
outer loop
vertex 0.0113333267 0.0018333343 0.0000000000
vertex 0.0113333267 0.0000000010 0.0000000000
vertex 0.0131666600 0.0000000010 0.0000000000
endloop
endfacet
facet normal 0 0 1
outer loop
vertex 0.0149999933 0.0018333343 0.0000000000
vertex 0.0168333267 0.0000000010 0.0000000000
vertex 0.0168333267 0.0018333343 0.0000000000
endloop
endfacet
facet normal 0 0 1
outer loop
vertex 0.0149999933 0.0018333343 0.0000000000
vertex 0.0149999933 0.0000000010 0.0000000000
vertex 0.0168333267 0.0000000010 0.0000000000
endloop
endfacet
facet normal 0 0 1
outer loop
vertex 0.0168333267 0.0018333343 0.0000000000
vertex 0.0186666600 0.0000000010 0.0000000000
vertex 0.0186666600 0.0018333343 0.0000000000
endloop
endfacet
facet normal 0 0 1
outer loop
vertex 0.0168333267 0.0018333343 0.0000000000
vertex 0.0168333267 0.0000000010 0.0000000000
vertex 0.0186666600 0.0000000010 0.0000000000
endloop
endfacet
facet normal 0 0 1
outer loop
vertex 0.0186666600 0.0018333343 0.0000000000
vertex 0.0204999933 0.0000000010 0.0000000000
vertex 0.0204999933 0.0018333343 0.0000000000
endloop
endfacet
facet normal 0 0 1
outer loop
vertex 0.0186666600 0.0018333343 0.0000000000
vertex 0.0186666600 0.0000000010 0.0000000000
vertex 0.0204999933 0.0000000010 0.0000000000
endloop
endfacet
facet normal 0 0 1
outer loop
vertex 0.0094999933 0.0000000010 0.0000000000
vertex 0.0113333267 -0.0018333323 0.0000000000
vertex 0.0113333267 0.0000000010 0.0000000000
endloop
endfacet
facet normal 0 0 1
outer loop
vertex 0.0094999933 0.0000000010 0.0000000000
vertex 0.0094999933 -0.0018333323 0.0000000000
vertex 0.0113333267 -0.0018333323 0.0000000000
endloop
endfacet
facet normal 0 0 1
outer loop
vertex 0.0113333267 0.0000000010 0.0000000000
vertex 0.0131666600 -0.0018333323 0.0000000000
vertex 0.0131666600 0.0000000010 0.0000000000
endloop
endfacet
facet normal 0 0 1
outer loop
vertex 0.0113333267 0.0000000010 0.0000000000
vertex 0.0113333267 -0.0018333323 0.0000000000
vertex 0.0131666600 -0.0018333323 0.0000000000
endloop
endfacet
facet normal 0 0 1
outer loop
vertex 0.0168333267 0.0000000010 0.0000000000
vertex 0.0186666600 -0.0018333323 0.0000000000
vertex 0.0186666600 0.0000000010 0.0000000000
endloop
endfacet
facet normal 0 0 1
outer loop
vertex 0.0168333267 0.0000000010 0.0000000000
vertex 0.0168333267 -0.0018333323 0.0000000000
vertex 0.0186666600 -0.0018333323 0.0000000000
endloop
endfacet
facet normal 0 0 1
outer loop
vertex 0.0186666600 0.0000000010 0.0000000000
vertex 0.0204999933 -0.0018333323 0.0000000000
vertex 0.0204999933 0.0000000010 0.0000000000
endloop
endfacet
facet normal 0 0 1
outer loop
vertex 0.0186666600 0.0000000010 0.0000000000
vertex 0.0186666600 -0.0018333323 0.0000000000
vertex 0.0204999933 -0.0018333323 0.0000000000
endloop
endfacet
facet normal 0 0 1
outer loop
vertex 0.0094999933 -0.0018333323 0.0000000000
vertex 0.0113333267 -0.0036666657 0.0000000000
vertex 0.0113333267 -0.0018333323 0.0000000000
endloop
endfacet
facet normal 0 0 1
outer loop
vertex 0.0094999933 -0.0018333323 0.0000000000
vertex 0.0094999933 -0.0036666657 0.0000000000
vertex 0.0113333267 -0.0036666657 0.0000000000
endloop
endfacet
facet normal 0 0 1
outer loop
vertex 0.0186666600 -0.0018333323 0.0000000000
vertex 0.0204999933 -0.0036666657 0.0000000000
vertex 0.0204999933 -0.0018333323 0.0000000000
endloop
endfacet
facet normal 0 0 1
outer loop
vertex 0.0186666600 -0.0018333323 0.0000000000
vertex 0.0186666600 -0.0036666657 0.0000000000
vertex 0.0204999933 -0.0036666657 0.0000000000
endloop
endfacet
facet normal 0 0 1
outer loop
vertex 0.0094999933 -0.0036666657 0.0000000000
vertex 0.0113333267 -0.0054999990 0.0000000000
vertex 0.0113333267 -0.0036666657 0.0000000000
endloop
endfacet
facet normal 0 0 1
outer loop
vertex 0.0094999933 -0.0036666657 0.0000000000
vertex 0.0094999933 -0.0054999990 0.0000000000
vertex 0.0113333267 -0.0054999990 0.0000000000
endloop
endfacet
facet normal 0 0 1
outer loop
vertex 0.0113333267 -0.0036666657 0.0000000000
vertex 0.0131666600 -0.0054999990 0.0000000000
vertex 0.0131666600 -0.0036666657 0.0000000000
endloop
endfacet
facet normal 0 0 1
outer loop
vertex 0.0113333267 -0.0036666657 0.0000000000
vertex 0.0113333267 -0.0054999990 0.0000000000
vertex 0.0131666600 -0.0054999990 0.0000000000
endloop
endfacet
facet normal 0 0 1
outer loop
vertex 0.0131666600 -0.0036666657 0.0000000000
vertex 0.0149999933 -0.0054999990 0.0000000000
vertex 0.0149999933 -0.0036666657 0.0000000000
endloop
endfacet
facet normal 0 0 1
outer loop
vertex 0.0131666600 -0.0036666657 0.0000000000
vertex 0.0131666600 -0.0054999990 0.0000000000
vertex 0.0149999933 -0.0054999990 0.0000000000
endloop
endfacet
facet normal 0 0 1
outer loop
vertex 0.0149999933 -0.0036666657 0.0000000000
vertex 0.0168333267 -0.0054999990 0.0000000000
vertex 0.0168333267 -0.0036666657 0.0000000000
endloop
endfacet
facet normal 0 0 1
outer loop
vertex 0.0149999933 -0.0036666657 0.0000000000
vertex 0.0149999933 -0.0054999990 0.0000000000
vertex 0.0168333267 -0.0054999990 0.0000000000
endloop
endfacet
facet normal 0 0 1
outer loop
vertex 0.0168333267 -0.0036666657 0.0000000000
vertex 0.0186666600 -0.0054999990 0.0000000000
vertex 0.0186666600 -0.0036666657 0.0000000000
endloop
endfacet
facet normal 0 0 1
outer loop
vertex 0.0168333267 -0.0036666657 0.0000000000
vertex 0.0168333267 -0.0054999990 0.0000000000
vertex 0.0186666600 -0.0054999990 0.0000000000
endloop
endfacet
facet normal 0 0 1
outer loop
vertex 0.0186666600 -0.0036666657 0.0000000000
vertex 0.0204999933 -0.0054999990 0.0000000000
vertex 0.0204999933 -0.0036666657 0.0000000000
endloop
endfacet
facet normal 0 0 1
outer loop
vertex 0.0186666600 -0.0036666657 0.0000000000
vertex 0.0186666600 -0.0054999990 0.0000000000
vertex 0.0204999933 -0.0054999990 0.0000000000
endloop
endfacet
facet normal 0 0 1
outer loop
vertex 0.0394999945 0.0055000010 0.0000000000
vertex 0.0413333278 0.0036666677 0.0000000000
vertex 0.0413333278 0.0055000010 0.0000000000
endloop
endfacet
facet normal 0 0 1
outer loop
vertex 0.0394999945 0.0055000010 0.0000000000
vertex 0.0394999945 0.0036666677 0.0000000000
vertex 0.0413333278 0.0036666677 0.0000000000
endloop
endfacet
facet normal 0 0 1
outer loop
vertex 0.0413333278 0.0055000010 0.0000000000
vertex 0.0431666612 0.0036666677 0.0000000000
vertex 0.0431666612 0.0055000010 0.0000000000
endloop
endfacet
facet normal 0 0 1
outer loop
vertex 0.0413333278 0.0055000010 0.0000000000
vertex 0.0413333278 0.0036666677 0.0000000000
vertex 0.0431666612 0.0036666677 0.0000000000
endloop
endfacet
facet normal 0 0 1
outer loop
vertex 0.0431666612 0.0055000010 0.0000000000
vertex 0.0449999945 0.0036666677 0.0000000000
vertex 0.0449999945 0.0055000010 0.0000000000
endloop
endfacet
facet normal 0 0 1
outer loop
vertex 0.0431666612 0.0055000010 0.0000000000
vertex 0.0431666612 0.0036666677 0.0000000000
vertex 0.0449999945 0.0036666677 0.0000000000
endloop
endfacet
facet normal 0 0 1
outer loop
vertex 0.0449999945 0.0055000010 0.0000000000
vertex 0.0468333278 0.0036666677 0.0000000000
vertex 0.0468333278 0.0055000010 0.0000000000
endloop
endfacet
facet normal 0 0 1
outer loop
vertex 0.0449999945 0.0055000010 0.0000000000
vertex 0.0449999945 0.0036666677 0.0000000000
vertex 0.0468333278 0.0036666677 0.0000000000
endloop
endfacet
facet normal 0 0 1
outer loop
vertex 0.0468333278 0.0055000010 0.0000000000
vertex 0.0486666612 0.0036666677 0.0000000000
vertex 0.0486666612 0.0055000010 0.0000000000
endloop
endfacet
facet normal 0 0 1
outer loop
vertex 0.0468333278 0.0055000010 0.0000000000
vertex 0.0468333278 0.0036666677 0.0000000000
vertex 0.0486666612 0.0036666677 0.0000000000
endloop
endfacet
facet normal 0 0 1
outer loop
vertex 0.0486666612 0.0055000010 0.0000000000
vertex 0.0504999945 0.0036666677 0.0000000000
vertex 0.0504999945 0.0055000010 0.0000000000
endloop
endfacet
facet normal 0 0 1
outer loop
vertex 0.0486666612 0.0055000010 0.0000000000
vertex 0.0486666612 0.0036666677 0.0000000000
vertex 0.0504999945 0.0036666677 0.0000000000
endloop
endfacet
facet normal 0 0 1
outer loop
vertex 0.0394999945 0.0036666677 0.0000000000
vertex 0.0413333278 0.0018333343 0.0000000000
vertex 0.0413333278 0.0036666677 0.0000000000
endloop
endfacet
facet normal 0 0 1
outer loop
vertex 0.0394999945 0.0036666677 0.0000000000
vertex 0.0394999945 0.0018333343 0.0000000000
vertex 0.0413333278 0.0018333343 0.0000000000
endloop
endfacet
facet normal 0 0 1
outer loop
vertex 0.0413333278 0.0036666677 0.0000000000
vertex 0.0431666612 0.0018333343 0.0000000000
vertex 0.0431666612 0.0036666677 0.0000000000
endloop
endfacet
facet normal 0 0 1
outer loop
vertex 0.0413333278 0.0036666677 0.0000000000
vertex 0.0413333278 0.0018333343 0.0000000000
vertex 0.0431666612 0.0018333343 0.0000000000
endloop
endfacet
facet normal 0 0 1
outer loop
vertex 0.0449999945 0.0036666677 0.0000000000
vertex 0.0468333278 0.0018333343 0.0000000000
vertex 0.0468333278 0.0036666677 0.0000000000
endloop
endfacet
facet normal 0 0 1
outer loop
vertex 0.0449999945 0.0036666677 0.0000000000
vertex 0.0449999945 0.0018333343 0.0000000000
vertex 0.0468333278 0.0018333343 0.0000000000
endloop
endfacet
facet normal 0 0 1
outer loop
vertex 0.0468333278 0.0036666677 0.0000000000
vertex 0.0486666612 0.0018333343 0.0000000000
vertex 0.0486666612 0.0036666677 0.0000000000
endloop
endfacet
facet normal 0 0 1
outer loop
vertex 0.0468333278 0.0036666677 0.0000000000
vertex 0.0468333278 0.0018333343 0.0000000000
vertex 0.0486666612 0.0018333343 0.0000000000
endloop
endfacet
facet normal 0 0 1
outer loop
vertex 0.0486666612 0.0036666677 0.0000000000
vertex 0.0504999945 0.0018333343 0.0000000000
vertex 0.0504999945 0.0036666677 0.0000000000
endloop
endfacet
facet normal 0 0 1
outer loop
vertex 0.0486666612 0.0036666677 0.0000000000
vertex 0.0486666612 0.0018333343 0.0000000000
vertex 0.0504999945 0.0018333343 0.0000000000
endloop
endfacet
facet normal 0 0 1
outer loop
vertex 0.0394999945 0.0018333343 0.0000000000
vertex 0.0413333278 0.0000000010 0.0000000000
vertex 0.0413333278 0.0018333343 0.0000000000
endloop
endfacet
facet normal 0 0 1
outer loop
vertex 0.0394999945 0.0018333343 0.0000000000
vertex 0.0394999945 0.0000000010 0.0000000000
vertex 0.0413333278 0.0000000010 0.0000000000
endloop
endfacet
facet normal 0 0 1
outer loop
vertex 0.0413333278 0.0018333343 0.0000000000
vertex 0.0431666612 0.0000000010 0.0000000000
vertex 0.0431666612 0.0018333343 0.0000000000
endloop
endfacet
facet normal 0 0 1
outer loop
vertex 0.0413333278 0.0018333343 0.0000000000
vertex 0.0413333278 0.0000000010 0.0000000000
vertex 0.0431666612 0.0000000010 0.0000000000
endloop
endfacet
facet normal 0 0 1
outer loop
vertex 0.0449999945 0.0018333343 0.0000000000
vertex 0.0468333278 0.0000000010 0.0000000000
vertex 0.0468333278 0.0018333343 0.0000000000
endloop
endfacet
facet normal 0 0 1
outer loop
vertex 0.0449999945 0.0018333343 0.0000000000
vertex 0.0449999945 0.0000000010 0.0000000000
vertex 0.0468333278 0.0000000010 0.0000000000
endloop
endfacet
facet normal 0 0 1
outer loop
vertex 0.0468333278 0.0018333343 0.0000000000
vertex 0.0486666612 0.0000000010 0.0000000000
vertex 0.0486666612 0.0018333343 0.0000000000
endloop
endfacet
facet normal 0 0 1
outer loop
vertex 0.0468333278 0.0018333343 0.0000000000
vertex 0.0468333278 0.0000000010 0.0000000000
vertex 0.0486666612 0.0000000010 0.0000000000
endloop
endfacet
facet normal 0 0 1
outer loop
vertex 0.0486666612 0.0018333343 0.0000000000
vertex 0.0504999945 0.0000000010 0.0000000000
vertex 0.0504999945 0.0018333343 0.0000000000
endloop
endfacet
facet normal 0 0 1
outer loop
vertex 0.0486666612 0.0018333343 0.0000000000
vertex 0.0486666612 0.0000000010 0.0000000000
vertex 0.0504999945 0.0000000010 0.0000000000
endloop
endfacet
facet normal 0 0 1
outer loop
vertex 0.0394999945 0.0000000010 0.0000000000
vertex 0.0413333278 -0.0018333323 0.0000000000
vertex 0.0413333278 0.0000000010 0.0000000000
endloop
endfacet
facet normal 0 0 1
outer loop
vertex 0.0394999945 0.0000000010 0.0000000000
vertex 0.0394999945 -0.0018333323 0.0000000000
vertex 0.0413333278 -0.0018333323 0.0000000000
endloop
endfacet
facet normal 0 0 1
outer loop
vertex 0.0413333278 0.0000000010 0.0000000000
vertex 0.0431666612 -0.0018333323 0.0000000000
vertex 0.0431666612 0.0000000010 0.0000000000
endloop
endfacet
facet normal 0 0 1
outer loop
vertex 0.0413333278 0.0000000010 0.0000000000
vertex 0.0413333278 -0.0018333323 0.0000000000
vertex 0.0431666612 -0.0018333323 0.0000000000
endloop
endfacet
facet normal 0 0 1
outer loop
vertex 0.0431666612 0.0000000010 0.0000000000
vertex 0.0449999945 -0.0018333323 0.0000000000
vertex 0.0449999945 0.0000000010 0.0000000000
endloop
endfacet
facet normal 0 0 1
outer loop
vertex 0.0431666612 0.0000000010 0.0000000000
vertex 0.0431666612 -0.0018333323 0.0000000000
vertex 0.0449999945 -0.0018333323 0.0000000000
endloop
endfacet
facet normal 0 0 1
outer loop
vertex 0.0449999945 0.0000000010 0.0000000000
vertex 0.0468333278 -0.0018333323 0.0000000000
vertex 0.0468333278 0.0000000010 0.0000000000
endloop
endfacet
facet normal 0 0 1
outer loop
vertex 0.0449999945 0.0000000010 0.0000000000
vertex 0.0449999945 -0.0018333323 0.0000000000
vertex 0.0468333278 -0.0018333323 0.0000000000
endloop
endfacet
facet normal 0 0 1
outer loop
vertex 0.0486666612 0.0000000010 0.0000000000
vertex 0.0504999945 -0.0018333323 0.0000000000
vertex 0.0504999945 0.0000000010 0.0000000000
endloop
endfacet
facet normal 0 0 1
outer loop
vertex 0.0486666612 0.0000000010 0.0000000000
vertex 0.0486666612 -0.0018333323 0.0000000000
vertex 0.0504999945 -0.0018333323 0.0000000000
endloop
endfacet
facet normal 0 0 1
outer loop
vertex 0.0394999945 -0.0018333323 0.0000000000
vertex 0.0413333278 -0.0036666657 0.0000000000
vertex 0.0413333278 -0.0018333323 0.0000000000
endloop
endfacet
facet normal 0 0 1
outer loop
vertex 0.0394999945 -0.0018333323 0.0000000000
vertex 0.0394999945 -0.0036666657 0.0000000000
vertex 0.0413333278 -0.0036666657 0.0000000000
endloop
endfacet
facet normal 0 0 1
outer loop
vertex 0.0413333278 -0.0018333323 0.0000000000
vertex 0.0431666612 -0.0036666657 0.0000000000
vertex 0.0431666612 -0.0018333323 0.0000000000
endloop
endfacet
facet normal 0 0 1
outer loop
vertex 0.0413333278 -0.0018333323 0.0000000000
vertex 0.0413333278 -0.0036666657 0.0000000000
vertex 0.0431666612 -0.0036666657 0.0000000000
endloop
endfacet
facet normal 0 0 1
outer loop
vertex 0.0449999945 -0.0018333323 0.0000000000
vertex 0.0468333278 -0.0036666657 0.0000000000
vertex 0.0468333278 -0.0018333323 0.0000000000
endloop
endfacet
facet normal 0 0 1
outer loop
vertex 0.0449999945 -0.0018333323 0.0000000000
vertex 0.0449999945 -0.0036666657 0.0000000000
vertex 0.0468333278 -0.0036666657 0.0000000000
endloop
endfacet
facet normal 0 0 1
outer loop
vertex 0.0486666612 -0.0018333323 0.0000000000
vertex 0.0504999945 -0.0036666657 0.0000000000
vertex 0.0504999945 -0.0018333323 0.0000000000
endloop
endfacet
facet normal 0 0 1
outer loop
vertex 0.0486666612 -0.0018333323 0.0000000000
vertex 0.0486666612 -0.0036666657 0.0000000000
vertex 0.0504999945 -0.0036666657 0.0000000000
endloop
endfacet
facet normal 0 0 1
outer loop
vertex 0.0394999945 -0.0036666657 0.0000000000
vertex 0.0413333278 -0.0054999990 0.0000000000
vertex 0.0413333278 -0.0036666657 0.0000000000
endloop
endfacet
facet normal 0 0 1
outer loop
vertex 0.0394999945 -0.0036666657 0.0000000000
vertex 0.0394999945 -0.0054999990 0.0000000000
vertex 0.0413333278 -0.0054999990 0.0000000000
endloop
endfacet
facet normal 0 0 1
outer loop
vertex 0.0413333278 -0.0036666657 0.0000000000
vertex 0.0431666612 -0.0054999990 0.0000000000
vertex 0.0431666612 -0.0036666657 0.0000000000
endloop
endfacet
facet normal 0 0 1
outer loop
vertex 0.0413333278 -0.0036666657 0.0000000000
vertex 0.0413333278 -0.0054999990 0.0000000000
vertex 0.0431666612 -0.0054999990 0.0000000000
endloop
endfacet
facet normal 0 0 1
outer loop
vertex 0.0431666612 -0.0036666657 0.0000000000
vertex 0.0449999945 -0.0054999990 0.0000000000
vertex 0.0449999945 -0.0036666657 0.0000000000
endloop
endfacet
facet normal 0 0 1
outer loop
vertex 0.0431666612 -0.0036666657 0.0000000000
vertex 0.0431666612 -0.0054999990 0.0000000000
vertex 0.0449999945 -0.0054999990 0.0000000000
endloop
endfacet
facet normal 0 0 1
outer loop
vertex 0.0449999945 -0.0036666657 0.0000000000
vertex 0.0468333278 -0.0054999990 0.0000000000
vertex 0.0468333278 -0.0036666657 0.0000000000
endloop
endfacet
facet normal 0 0 1
outer loop
vertex 0.0449999945 -0.0036666657 0.0000000000
vertex 0.0449999945 -0.0054999990 0.0000000000
vertex 0.0468333278 -0.0054999990 0.0000000000
endloop
endfacet
facet normal 0 0 1
outer loop
vertex 0.0468333278 -0.0036666657 0.0000000000
vertex 0.0486666612 -0.0054999990 0.0000000000
vertex 0.0486666612 -0.0036666657 0.0000000000
endloop
endfacet
facet normal 0 0 1
outer loop
vertex 0.0468333278 -0.0036666657 0.0000000000
vertex 0.0468333278 -0.0054999990 0.0000000000
vertex 0.0486666612 -0.0054999990 0.0000000000
endloop
endfacet
facet normal 0 0 1
outer loop
vertex 0.0486666612 -0.0036666657 0.0000000000
vertex 0.0504999945 -0.0054999990 0.0000000000
vertex 0.0504999945 -0.0036666657 0.0000000000
endloop
endfacet
facet normal 0 0 1
outer loop
vertex 0.0486666612 -0.0036666657 0.0000000000
vertex 0.0486666612 -0.0054999990 0.0000000000
vertex 0.0504999945 -0.0054999990 0.0000000000
endloop
endfacet
facet normal 0 0 1
outer loop
vertex 0.0694999957 0.0055000010 0.0000000000
vertex 0.0713333290 0.0036666677 0.0000000000
vertex 0.0713333290 0.0055000010 0.0000000000
endloop
endfacet
facet normal 0 0 1
outer loop
vertex 0.0694999957 0.0055000010 0.0000000000
vertex 0.0694999957 0.0036666677 0.0000000000
vertex 0.0713333290 0.0036666677 0.0000000000
endloop
endfacet
facet normal 0 0 1
outer loop
vertex 0.0713333290 0.0055000010 0.0000000000
vertex 0.0731666624 0.0036666677 0.0000000000
vertex 0.0731666624 0.0055000010 0.0000000000
endloop
endfacet
facet normal 0 0 1
outer loop
vertex 0.0713333290 0.0055000010 0.0000000000
vertex 0.0713333290 0.0036666677 0.0000000000
vertex 0.0731666624 0.0036666677 0.0000000000
endloop
endfacet
facet normal 0 0 1
outer loop
vertex 0.0731666624 0.0055000010 0.0000000000
vertex 0.0749999957 0.0036666677 0.0000000000
vertex 0.0749999957 0.0055000010 0.0000000000
endloop
endfacet
facet normal 0 0 1
outer loop
vertex 0.0731666624 0.0055000010 0.0000000000
vertex 0.0731666624 0.0036666677 0.0000000000
vertex 0.0749999957 0.0036666677 0.0000000000
endloop
endfacet
facet normal 0 0 1
outer loop
vertex 0.0749999957 0.0055000010 0.0000000000
vertex 0.0768333290 0.0036666677 0.0000000000
vertex 0.0768333290 0.0055000010 0.0000000000
endloop
endfacet
facet normal 0 0 1
outer loop
vertex 0.0749999957 0.0055000010 0.0000000000
vertex 0.0749999957 0.0036666677 0.0000000000
vertex 0.0768333290 0.0036666677 0.0000000000
endloop
endfacet
facet normal 0 0 1
outer loop
vertex 0.0768333290 0.0055000010 0.0000000000
vertex 0.0786666624 0.0036666677 0.0000000000
vertex 0.0786666624 0.0055000010 0.0000000000
endloop
endfacet
facet normal 0 0 1
outer loop
vertex 0.0768333290 0.0055000010 0.0000000000
vertex 0.0768333290 0.0036666677 0.0000000000
vertex 0.0786666624 0.0036666677 0.0000000000
endloop
endfacet
facet normal 0 0 1
outer loop
vertex 0.0786666624 0.0055000010 0.0000000000
vertex 0.0804999957 0.0036666677 0.0000000000
vertex 0.0804999957 0.0055000010 0.0000000000
endloop
endfacet
facet normal 0 0 1
outer loop
vertex 0.0786666624 0.0055000010 0.0000000000
vertex 0.0786666624 0.0036666677 0.0000000000
vertex 0.0804999957 0.0036666677 0.0000000000
endloop
endfacet
facet normal 0 0 1
outer loop
vertex 0.0694999957 0.0036666677 0.0000000000
vertex 0.0713333290 0.0018333343 0.0000000000
vertex 0.0713333290 0.0036666677 0.0000000000
endloop
endfacet
facet normal 0 0 1
outer loop
vertex 0.0694999957 0.0036666677 0.0000000000
vertex 0.0694999957 0.0018333343 0.0000000000
vertex 0.0713333290 0.0018333343 0.0000000000
endloop
endfacet
facet normal 0 0 1
outer loop
vertex 0.0713333290 0.0036666677 0.0000000000
vertex 0.0731666624 0.0018333343 0.0000000000
vertex 0.0731666624 0.0036666677 0.0000000000
endloop
endfacet
facet normal 0 0 1
outer loop
vertex 0.0713333290 0.0036666677 0.0000000000
vertex 0.0713333290 0.0018333343 0.0000000000
vertex 0.0731666624 0.0018333343 0.0000000000
endloop
endfacet
facet normal 0 0 1
outer loop
vertex 0.0749999957 0.0036666677 0.0000000000
vertex 0.0768333290 0.0018333343 0.0000000000
vertex 0.0768333290 0.0036666677 0.0000000000
endloop
endfacet
facet normal 0 0 1
outer loop
vertex 0.0749999957 0.0036666677 0.0000000000
vertex 0.0749999957 0.0018333343 0.0000000000
vertex 0.0768333290 0.0018333343 0.0000000000
endloop
endfacet
facet normal 0 0 1
outer loop
vertex 0.0786666624 0.0036666677 0.0000000000
vertex 0.0804999957 0.0018333343 0.0000000000
vertex 0.0804999957 0.0036666677 0.0000000000
endloop
endfacet
facet normal 0 0 1
outer loop
vertex 0.0786666624 0.0036666677 0.0000000000
vertex 0.0786666624 0.0018333343 0.0000000000
vertex 0.0804999957 0.0018333343 0.0000000000
endloop
endfacet
facet normal 0 0 1
outer loop
vertex 0.0694999957 0.0018333343 0.0000000000
vertex 0.0713333290 0.0000000010 0.0000000000
vertex 0.0713333290 0.0018333343 0.0000000000
endloop
endfacet
facet normal 0 0 1
outer loop
vertex 0.0694999957 0.0018333343 0.0000000000
vertex 0.0694999957 0.0000000010 0.0000000000
vertex 0.0713333290 0.0000000010 0.0000000000
endloop
endfacet
facet normal 0 0 1
outer loop
vertex 0.0713333290 0.0018333343 0.0000000000
vertex 0.0731666624 0.0000000010 0.0000000000
vertex 0.0731666624 0.0018333343 0.0000000000
endloop
endfacet
facet normal 0 0 1
outer loop
vertex 0.0713333290 0.0018333343 0.0000000000
vertex 0.0713333290 0.0000000010 0.0000000000
vertex 0.0731666624 0.0000000010 0.0000000000
endloop
endfacet
facet normal 0 0 1
outer loop
vertex 0.0786666624 0.0018333343 0.0000000000
vertex 0.0804999957 0.0000000010 0.0000000000
vertex 0.0804999957 0.0018333343 0.0000000000
endloop
endfacet
facet normal 0 0 1
outer loop
vertex 0.0786666624 0.0018333343 0.0000000000
vertex 0.0786666624 0.0000000010 0.0000000000
vertex 0.0804999957 0.0000000010 0.0000000000
endloop
endfacet
facet normal 0 0 1
outer loop
vertex 0.0694999957 0.0000000010 0.0000000000
vertex 0.0713333290 -0.0018333323 0.0000000000
vertex 0.0713333290 0.0000000010 0.0000000000
endloop
endfacet
facet normal 0 0 1
outer loop
vertex 0.0694999957 0.0000000010 0.0000000000
vertex 0.0694999957 -0.0018333323 0.0000000000
vertex 0.0713333290 -0.0018333323 0.0000000000
endloop
endfacet
facet normal 0 0 1
outer loop
vertex 0.0731666624 0.0000000010 0.0000000000
vertex 0.0749999957 -0.0018333323 0.0000000000
vertex 0.0749999957 0.0000000010 0.0000000000
endloop
endfacet
facet normal 0 0 1
outer loop
vertex 0.0731666624 0.0000000010 0.0000000000
vertex 0.0731666624 -0.0018333323 0.0000000000
vertex 0.0749999957 -0.0018333323 0.0000000000
endloop
endfacet
facet normal 0 0 1
outer loop
vertex 0.0786666624 0.0000000010 0.0000000000
vertex 0.0804999957 -0.0018333323 0.0000000000
vertex 0.0804999957 0.0000000010 0.0000000000
endloop
endfacet
facet normal 0 0 1
outer loop
vertex 0.0786666624 0.0000000010 0.0000000000
vertex 0.0786666624 -0.0018333323 0.0000000000
vertex 0.0804999957 -0.0018333323 0.0000000000
endloop
endfacet
facet normal 0 0 1
outer loop
vertex 0.0694999957 -0.0018333323 0.0000000000
vertex 0.0713333290 -0.0036666657 0.0000000000
vertex 0.0713333290 -0.0018333323 0.0000000000
endloop
endfacet
facet normal 0 0 1
outer loop
vertex 0.0694999957 -0.0018333323 0.0000000000
vertex 0.0694999957 -0.0036666657 0.0000000000
vertex 0.0713333290 -0.0036666657 0.0000000000
endloop
endfacet
facet normal 0 0 1
outer loop
vertex 0.0713333290 -0.0018333323 0.0000000000
vertex 0.0731666624 -0.0036666657 0.0000000000
vertex 0.0731666624 -0.0018333323 0.0000000000
endloop
endfacet
facet normal 0 0 1
outer loop
vertex 0.0713333290 -0.0018333323 0.0000000000
vertex 0.0713333290 -0.0036666657 0.0000000000
vertex 0.0731666624 -0.0036666657 0.0000000000
endloop
endfacet
facet normal 0 0 1
outer loop
vertex 0.0731666624 -0.0018333323 0.0000000000
vertex 0.0749999957 -0.0036666657 0.0000000000
vertex 0.0749999957 -0.0018333323 0.0000000000
endloop
endfacet
facet normal 0 0 1
outer loop
vertex 0.0731666624 -0.0018333323 0.0000000000
vertex 0.0731666624 -0.0036666657 0.0000000000
vertex 0.0749999957 -0.0036666657 0.0000000000
endloop
endfacet
facet normal 0 0 1
outer loop
vertex 0.0768333290 -0.0018333323 0.0000000000
vertex 0.0786666624 -0.0036666657 0.0000000000
vertex 0.0786666624 -0.0018333323 0.0000000000
endloop
endfacet
facet normal 0 0 1
outer loop
vertex 0.0768333290 -0.0018333323 0.0000000000
vertex 0.0768333290 -0.0036666657 0.0000000000
vertex 0.0786666624 -0.0036666657 0.0000000000
endloop
endfacet
facet normal 0 0 1
outer loop
vertex 0.0786666624 -0.0018333323 0.0000000000
vertex 0.0804999957 -0.0036666657 0.0000000000
vertex 0.0804999957 -0.0018333323 0.0000000000
endloop
endfacet
facet normal 0 0 1
outer loop
vertex 0.0786666624 -0.0018333323 0.0000000000
vertex 0.0786666624 -0.0036666657 0.0000000000
vertex 0.0804999957 -0.0036666657 0.0000000000
endloop
endfacet
facet normal 0 0 1
outer loop
vertex 0.0694999957 -0.0036666657 0.0000000000
vertex 0.0713333290 -0.0054999990 0.0000000000
vertex 0.0713333290 -0.0036666657 0.0000000000
endloop
endfacet
facet normal 0 0 1
outer loop
vertex 0.0694999957 -0.0036666657 0.0000000000
vertex 0.0694999957 -0.0054999990 0.0000000000
vertex 0.0713333290 -0.0054999990 0.0000000000
endloop
endfacet
facet normal 0 0 1
outer loop
vertex 0.0713333290 -0.0036666657 0.0000000000
vertex 0.0731666624 -0.0054999990 0.0000000000
vertex 0.0731666624 -0.0036666657 0.0000000000
endloop
endfacet
facet normal 0 0 1
outer loop
vertex 0.0713333290 -0.0036666657 0.0000000000
vertex 0.0713333290 -0.0054999990 0.0000000000
vertex 0.0731666624 -0.0054999990 0.0000000000
endloop
endfacet
facet normal 0 0 1
outer loop
vertex 0.0731666624 -0.0036666657 0.0000000000
vertex 0.0749999957 -0.0054999990 0.0000000000
vertex 0.0749999957 -0.0036666657 0.0000000000
endloop
endfacet
facet normal 0 0 1
outer loop
vertex 0.0731666624 -0.0036666657 0.0000000000
vertex 0.0731666624 -0.0054999990 0.0000000000
vertex 0.0749999957 -0.0054999990 0.0000000000
endloop
endfacet
facet normal 0 0 1
outer loop
vertex 0.0749999957 -0.0036666657 0.0000000000
vertex 0.0768333290 -0.0054999990 0.0000000000
vertex 0.0768333290 -0.0036666657 0.0000000000
endloop
endfacet
facet normal 0 0 1
outer loop
vertex 0.0749999957 -0.0036666657 0.0000000000
vertex 0.0749999957 -0.0054999990 0.0000000000
vertex 0.0768333290 -0.0054999990 0.0000000000
endloop
endfacet
facet normal 0 0 1
outer loop
vertex 0.0768333290 -0.0036666657 0.0000000000
vertex 0.0786666624 -0.0054999990 0.0000000000
vertex 0.0786666624 -0.0036666657 0.0000000000
endloop
endfacet
facet normal 0 0 1
outer loop
vertex 0.0768333290 -0.0036666657 0.0000000000
vertex 0.0768333290 -0.0054999990 0.0000000000
vertex 0.0786666624 -0.0054999990 0.0000000000
endloop
endfacet
facet normal 0 0 1
outer loop
vertex 0.0786666624 -0.0036666657 0.0000000000
vertex 0.0804999957 -0.0054999990 0.0000000000
vertex 0.0804999957 -0.0036666657 0.0000000000
endloop
endfacet
facet normal 0 0 1
outer loop
vertex 0.0786666624 -0.0036666657 0.0000000000
vertex 0.0786666624 -0.0054999990 0.0000000000
vertex 0.0804999957 -0.0054999990 0.0000000000
endloop
endfacet
facet normal 0 0 1
outer loop
vertex -0.0955000001 -0.0094999921 0.0000000000
vertex -0.0936666668 -0.0113333255 0.0000000000
vertex -0.0936666668 -0.0094999921 0.0000000000
endloop
endfacet
facet normal 0 0 1
outer loop
vertex -0.0955000001 -0.0094999921 0.0000000000
vertex -0.0955000001 -0.0113333255 0.0000000000
vertex -0.0936666668 -0.0113333255 0.0000000000
endloop
endfacet
facet normal 0 0 1
outer loop
vertex -0.0936666668 -0.0094999921 0.0000000000
vertex -0.0918333335 -0.0113333255 0.0000000000
vertex -0.0918333335 -0.0094999921 0.0000000000
endloop
endfacet
facet normal 0 0 1
outer loop
vertex -0.0936666668 -0.0094999921 0.0000000000
vertex -0.0936666668 -0.0113333255 0.0000000000
vertex -0.0918333335 -0.0113333255 0.0000000000
endloop
endfacet
facet normal 0 0 1
outer loop
vertex -0.0918333335 -0.0094999921 0.0000000000
vertex -0.0900000001 -0.0113333255 0.0000000000
vertex -0.0900000001 -0.0094999921 0.0000000000
endloop
endfacet
facet normal 0 0 1
outer loop
vertex -0.0918333335 -0.0094999921 0.0000000000
vertex -0.0918333335 -0.0113333255 0.0000000000
vertex -0.0900000001 -0.0113333255 0.0000000000
endloop
endfacet
facet normal 0 0 1
outer loop
vertex -0.0900000001 -0.0094999921 0.0000000000
vertex -0.0881666668 -0.0113333255 0.0000000000
vertex -0.0881666668 -0.0094999921 0.0000000000
endloop
endfacet
facet normal 0 0 1
outer loop
vertex -0.0900000001 -0.0094999921 0.0000000000
vertex -0.0900000001 -0.0113333255 0.0000000000
vertex -0.0881666668 -0.0113333255 0.0000000000
endloop
endfacet
facet normal 0 0 1
outer loop
vertex -0.0881666668 -0.0094999921 0.0000000000
vertex -0.0863333335 -0.0113333255 0.0000000000
vertex -0.0863333335 -0.0094999921 0.0000000000
endloop
endfacet
facet normal 0 0 1
outer loop
vertex -0.0881666668 -0.0094999921 0.0000000000
vertex -0.0881666668 -0.0113333255 0.0000000000
vertex -0.0863333335 -0.0113333255 0.0000000000
endloop
endfacet
facet normal 0 0 1
outer loop
vertex -0.0863333335 -0.0094999921 0.0000000000
vertex -0.0845000001 -0.0113333255 0.0000000000
vertex -0.0845000001 -0.0094999921 0.0000000000
endloop
endfacet
facet normal 0 0 1
outer loop
vertex -0.0863333335 -0.0094999921 0.0000000000
vertex -0.0863333335 -0.0113333255 0.0000000000
vertex -0.0845000001 -0.0113333255 0.0000000000
endloop
endfacet
facet normal 0 0 1
outer loop
vertex -0.0955000001 -0.0113333255 0.0000000000
vertex -0.0936666668 -0.0131666588 0.0000000000
vertex -0.0936666668 -0.0113333255 0.0000000000
endloop
endfacet
facet normal 0 0 1
outer loop
vertex -0.0955000001 -0.0113333255 0.0000000000
vertex -0.0955000001 -0.0131666588 0.0000000000
vertex -0.0936666668 -0.0131666588 0.0000000000
endloop
endfacet
facet normal 0 0 1
outer loop
vertex -0.0918333335 -0.0113333255 0.0000000000
vertex -0.0900000001 -0.0131666588 0.0000000000
vertex -0.0900000001 -0.0113333255 0.0000000000
endloop
endfacet
facet normal 0 0 1
outer loop
vertex -0.0918333335 -0.0113333255 0.0000000000
vertex -0.0918333335 -0.0131666588 0.0000000000
vertex -0.0900000001 -0.0131666588 0.0000000000
endloop
endfacet
facet normal 0 0 1
outer loop
vertex -0.0900000001 -0.0113333255 0.0000000000
vertex -0.0881666668 -0.0131666588 0.0000000000
vertex -0.0881666668 -0.0113333255 0.0000000000
endloop
endfacet
facet normal 0 0 1
outer loop
vertex -0.0900000001 -0.0113333255 0.0000000000
vertex -0.0900000001 -0.0131666588 0.0000000000
vertex -0.0881666668 -0.0131666588 0.0000000000
endloop
endfacet
facet normal 0 0 1
outer loop
vertex -0.0863333335 -0.0113333255 0.0000000000
vertex -0.0845000001 -0.0131666588 0.0000000000
vertex -0.0845000001 -0.0113333255 0.0000000000
endloop
endfacet
facet normal 0 0 1
outer loop
vertex -0.0863333335 -0.0113333255 0.0000000000
vertex -0.0863333335 -0.0131666588 0.0000000000
vertex -0.0845000001 -0.0131666588 0.0000000000
endloop
endfacet
facet normal 0 0 1
outer loop
vertex -0.0955000001 -0.0131666588 0.0000000000
vertex -0.0936666668 -0.0149999921 0.0000000000
vertex -0.0936666668 -0.0131666588 0.0000000000
endloop
endfacet
facet normal 0 0 1
outer loop
vertex -0.0955000001 -0.0131666588 0.0000000000
vertex -0.0955000001 -0.0149999921 0.0000000000
vertex -0.0936666668 -0.0149999921 0.0000000000
endloop
endfacet
facet normal 0 0 1
outer loop
vertex -0.0881666668 -0.0131666588 0.0000000000
vertex -0.0863333335 -0.0149999921 0.0000000000
vertex -0.0863333335 -0.0131666588 0.0000000000
endloop
endfacet
facet normal 0 0 1
outer loop
vertex -0.0881666668 -0.0131666588 0.0000000000
vertex -0.0881666668 -0.0149999921 0.0000000000
vertex -0.0863333335 -0.0149999921 0.0000000000
endloop
endfacet
facet normal 0 0 1
outer loop
vertex -0.0863333335 -0.0131666588 0.0000000000
vertex -0.0845000001 -0.0149999921 0.0000000000
vertex -0.0845000001 -0.0131666588 0.0000000000
endloop
endfacet
facet normal 0 0 1
outer loop
vertex -0.0863333335 -0.0131666588 0.0000000000
vertex -0.0863333335 -0.0149999921 0.0000000000
vertex -0.0845000001 -0.0149999921 0.0000000000
endloop
endfacet
facet normal 0 0 1
outer loop
vertex -0.0955000001 -0.0149999921 0.0000000000
vertex -0.0936666668 -0.0168333255 0.0000000000
vertex -0.0936666668 -0.0149999921 0.0000000000
endloop
endfacet
facet normal 0 0 1
outer loop
vertex -0.0955000001 -0.0149999921 0.0000000000
vertex -0.0955000001 -0.0168333255 0.0000000000
vertex -0.0936666668 -0.0168333255 0.0000000000
endloop
endfacet
facet normal 0 0 1
outer loop
vertex -0.0900000001 -0.0149999921 0.0000000000
vertex -0.0881666668 -0.0168333255 0.0000000000
vertex -0.0881666668 -0.0149999921 0.0000000000
endloop
endfacet
facet normal 0 0 1
outer loop
vertex -0.0900000001 -0.0149999921 0.0000000000
vertex -0.0900000001 -0.0168333255 0.0000000000
vertex -0.0881666668 -0.0168333255 0.0000000000
endloop
endfacet
facet normal 0 0 1
outer loop
vertex -0.0881666668 -0.0149999921 0.0000000000
vertex -0.0863333335 -0.0168333255 0.0000000000
vertex -0.0863333335 -0.0149999921 0.0000000000
endloop
endfacet
facet normal 0 0 1
outer loop
vertex -0.0881666668 -0.0149999921 0.0000000000
vertex -0.0881666668 -0.0168333255 0.0000000000
vertex -0.0863333335 -0.0168333255 0.0000000000
endloop
endfacet
facet normal 0 0 1
outer loop
vertex -0.0863333335 -0.0149999921 0.0000000000
vertex -0.0845000001 -0.0168333255 0.0000000000
vertex -0.0845000001 -0.0149999921 0.0000000000
endloop
endfacet
facet normal 0 0 1
outer loop
vertex -0.0863333335 -0.0149999921 0.0000000000
vertex -0.0863333335 -0.0168333255 0.0000000000
vertex -0.0845000001 -0.0168333255 0.0000000000
endloop
endfacet
facet normal 0 0 1
outer loop
vertex -0.0955000001 -0.0168333255 0.0000000000
vertex -0.0936666668 -0.0186666588 0.0000000000
vertex -0.0936666668 -0.0168333255 0.0000000000
endloop
endfacet
facet normal 0 0 1
outer loop
vertex -0.0955000001 -0.0168333255 0.0000000000
vertex -0.0955000001 -0.0186666588 0.0000000000
vertex -0.0936666668 -0.0186666588 0.0000000000
endloop
endfacet
facet normal 0 0 1
outer loop
vertex -0.0863333335 -0.0168333255 0.0000000000
vertex -0.0845000001 -0.0186666588 0.0000000000
vertex -0.0845000001 -0.0168333255 0.0000000000
endloop
endfacet
facet normal 0 0 1
outer loop
vertex -0.0863333335 -0.0168333255 0.0000000000
vertex -0.0863333335 -0.0186666588 0.0000000000
vertex -0.0845000001 -0.0186666588 0.0000000000
endloop
endfacet
facet normal 0 0 1
outer loop
vertex -0.0955000001 -0.0186666588 0.0000000000
vertex -0.0936666668 -0.0204999921 0.0000000000
vertex -0.0936666668 -0.0186666588 0.0000000000
endloop
endfacet
facet normal 0 0 1
outer loop
vertex -0.0955000001 -0.0186666588 0.0000000000
vertex -0.0955000001 -0.0204999921 0.0000000000
vertex -0.0936666668 -0.0204999921 0.0000000000
endloop
endfacet
facet normal 0 0 1
outer loop
vertex -0.0936666668 -0.0186666588 0.0000000000
vertex -0.0918333335 -0.0204999921 0.0000000000
vertex -0.0918333335 -0.0186666588 0.0000000000
endloop
endfacet
facet normal 0 0 1
outer loop
vertex -0.0936666668 -0.0186666588 0.0000000000
vertex -0.0936666668 -0.0204999921 0.0000000000
vertex -0.0918333335 -0.0204999921 0.0000000000
endloop
endfacet
facet normal 0 0 1
outer loop
vertex -0.0918333335 -0.0186666588 0.0000000000
vertex -0.0900000001 -0.0204999921 0.0000000000
vertex -0.0900000001 -0.0186666588 0.0000000000
endloop
endfacet
facet normal 0 0 1
outer loop
vertex -0.0918333335 -0.0186666588 0.0000000000
vertex -0.0918333335 -0.0204999921 0.0000000000
vertex -0.0900000001 -0.0204999921 0.0000000000
endloop
endfacet
facet normal 0 0 1
outer loop
vertex -0.0900000001 -0.0186666588 0.0000000000
vertex -0.0881666668 -0.0204999921 0.0000000000
vertex -0.0881666668 -0.0186666588 0.0000000000
endloop
endfacet
facet normal 0 0 1
outer loop
vertex -0.0900000001 -0.0186666588 0.0000000000
vertex -0.0900000001 -0.0204999921 0.0000000000
vertex -0.0881666668 -0.0204999921 0.0000000000
endloop
endfacet
facet normal 0 0 1
outer loop
vertex -0.0881666668 -0.0186666588 0.0000000000
vertex -0.0863333335 -0.0204999921 0.0000000000
vertex -0.0863333335 -0.0186666588 0.0000000000
endloop
endfacet
facet normal 0 0 1
outer loop
vertex -0.0881666668 -0.0186666588 0.0000000000
vertex -0.0881666668 -0.0204999921 0.0000000000
vertex -0.0863333335 -0.0204999921 0.0000000000
endloop
endfacet
facet normal 0 0 1
outer loop
vertex -0.0863333335 -0.0186666588 0.0000000000
vertex -0.0845000001 -0.0204999921 0.0000000000
vertex -0.0845000001 -0.0186666588 0.0000000000
endloop
endfacet
facet normal 0 0 1
outer loop
vertex -0.0863333335 -0.0186666588 0.0000000000
vertex -0.0863333335 -0.0204999921 0.0000000000
vertex -0.0845000001 -0.0204999921 0.0000000000
endloop
endfacet
facet normal 0 0 1
outer loop
vertex -0.0655000022 -0.0094999921 0.0000000000
vertex -0.0636666689 -0.0113333255 0.0000000000
vertex -0.0636666689 -0.0094999921 0.0000000000
endloop
endfacet
facet normal 0 0 1
outer loop
vertex -0.0655000022 -0.0094999921 0.0000000000
vertex -0.0655000022 -0.0113333255 0.0000000000
vertex -0.0636666689 -0.0113333255 0.0000000000
endloop
endfacet
facet normal 0 0 1
outer loop
vertex -0.0636666689 -0.0094999921 0.0000000000
vertex -0.0618333355 -0.0113333255 0.0000000000
vertex -0.0618333355 -0.0094999921 0.0000000000
endloop
endfacet
facet normal 0 0 1
outer loop
vertex -0.0636666689 -0.0094999921 0.0000000000
vertex -0.0636666689 -0.0113333255 0.0000000000
vertex -0.0618333355 -0.0113333255 0.0000000000
endloop
endfacet
facet normal 0 0 1
outer loop
vertex -0.0618333355 -0.0094999921 0.0000000000
vertex -0.0600000022 -0.0113333255 0.0000000000
vertex -0.0600000022 -0.0094999921 0.0000000000
endloop
endfacet
facet normal 0 0 1
outer loop
vertex -0.0618333355 -0.0094999921 0.0000000000
vertex -0.0618333355 -0.0113333255 0.0000000000
vertex -0.0600000022 -0.0113333255 0.0000000000
endloop
endfacet
facet normal 0 0 1
outer loop
vertex -0.0600000022 -0.0094999921 0.0000000000
vertex -0.0581666689 -0.0113333255 0.0000000000
vertex -0.0581666689 -0.0094999921 0.0000000000
endloop
endfacet
facet normal 0 0 1
outer loop
vertex -0.0600000022 -0.0094999921 0.0000000000
vertex -0.0600000022 -0.0113333255 0.0000000000
vertex -0.0581666689 -0.0113333255 0.0000000000
endloop
endfacet
facet normal 0 0 1
outer loop
vertex -0.0581666689 -0.0094999921 0.0000000000
vertex -0.0563333355 -0.0113333255 0.0000000000
vertex -0.0563333355 -0.0094999921 0.0000000000
endloop
endfacet
facet normal 0 0 1
outer loop
vertex -0.0581666689 -0.0094999921 0.0000000000
vertex -0.0581666689 -0.0113333255 0.0000000000
vertex -0.0563333355 -0.0113333255 0.0000000000
endloop
endfacet
facet normal 0 0 1
outer loop
vertex -0.0563333355 -0.0094999921 0.0000000000
vertex -0.0545000022 -0.0113333255 0.0000000000
vertex -0.0545000022 -0.0094999921 0.0000000000
endloop
endfacet
facet normal 0 0 1
outer loop
vertex -0.0563333355 -0.0094999921 0.0000000000
vertex -0.0563333355 -0.0113333255 0.0000000000
vertex -0.0545000022 -0.0113333255 0.0000000000
endloop
endfacet
facet normal 0 0 1
outer loop
vertex -0.0655000022 -0.0113333255 0.0000000000
vertex -0.0636666689 -0.0131666588 0.0000000000
vertex -0.0636666689 -0.0113333255 0.0000000000
endloop
endfacet
facet normal 0 0 1
outer loop
vertex -0.0655000022 -0.0113333255 0.0000000000
vertex -0.0655000022 -0.0131666588 0.0000000000
vertex -0.0636666689 -0.0131666588 0.0000000000
endloop
endfacet
facet normal 0 0 1
outer loop
vertex -0.0563333355 -0.0113333255 0.0000000000
vertex -0.0545000022 -0.0131666588 0.0000000000
vertex -0.0545000022 -0.0113333255 0.0000000000
endloop
endfacet
facet normal 0 0 1
outer loop
vertex -0.0563333355 -0.0113333255 0.0000000000
vertex -0.0563333355 -0.0131666588 0.0000000000
vertex -0.0545000022 -0.0131666588 0.0000000000
endloop
endfacet
facet normal 0 0 1
outer loop
vertex -0.0655000022 -0.0131666588 0.0000000000
vertex -0.0636666689 -0.0149999921 0.0000000000
vertex -0.0636666689 -0.0131666588 0.0000000000
endloop
endfacet
facet normal 0 0 1
outer loop
vertex -0.0655000022 -0.0131666588 0.0000000000
vertex -0.0655000022 -0.0149999921 0.0000000000
vertex -0.0636666689 -0.0149999921 0.0000000000
endloop
endfacet
facet normal 0 0 1
outer loop
vertex -0.0636666689 -0.0131666588 0.0000000000
vertex -0.0618333355 -0.0149999921 0.0000000000
vertex -0.0618333355 -0.0131666588 0.0000000000
endloop
endfacet
facet normal 0 0 1
outer loop
vertex -0.0636666689 -0.0131666588 0.0000000000
vertex -0.0636666689 -0.0149999921 0.0000000000
vertex -0.0618333355 -0.0149999921 0.0000000000
endloop
endfacet
facet normal 0 0 1
outer loop
vertex -0.0618333355 -0.0131666588 0.0000000000
vertex -0.0600000022 -0.0149999921 0.0000000000
vertex -0.0600000022 -0.0131666588 0.0000000000
endloop
endfacet
facet normal 0 0 1
outer loop
vertex -0.0618333355 -0.0131666588 0.0000000000
vertex -0.0618333355 -0.0149999921 0.0000000000
vertex -0.0600000022 -0.0149999921 0.0000000000
endloop
endfacet
facet normal 0 0 1
outer loop
vertex -0.0600000022 -0.0131666588 0.0000000000
vertex -0.0581666689 -0.0149999921 0.0000000000
vertex -0.0581666689 -0.0131666588 0.0000000000
endloop
endfacet
facet normal 0 0 1
outer loop
vertex -0.0600000022 -0.0131666588 0.0000000000
vertex -0.0600000022 -0.0149999921 0.0000000000
vertex -0.0581666689 -0.0149999921 0.0000000000
endloop
endfacet
facet normal 0 0 1
outer loop
vertex -0.0581666689 -0.0131666588 0.0000000000
vertex -0.0563333355 -0.0149999921 0.0000000000
vertex -0.0563333355 -0.0131666588 0.0000000000
endloop
endfacet
facet normal 0 0 1
outer loop
vertex -0.0581666689 -0.0131666588 0.0000000000
vertex -0.0581666689 -0.0149999921 0.0000000000
vertex -0.0563333355 -0.0149999921 0.0000000000
endloop
endfacet
facet normal 0 0 1
outer loop
vertex -0.0563333355 -0.0131666588 0.0000000000
vertex -0.0545000022 -0.0149999921 0.0000000000
vertex -0.0545000022 -0.0131666588 0.0000000000
endloop
endfacet
facet normal 0 0 1
outer loop
vertex -0.0563333355 -0.0131666588 0.0000000000
vertex -0.0563333355 -0.0149999921 0.0000000000
vertex -0.0545000022 -0.0149999921 0.0000000000
endloop
endfacet
facet normal 0 0 1
outer loop
vertex -0.0655000022 -0.0149999921 0.0000000000
vertex -0.0636666689 -0.0168333255 0.0000000000
vertex -0.0636666689 -0.0149999921 0.0000000000
endloop
endfacet
facet normal 0 0 1
outer loop
vertex -0.0655000022 -0.0149999921 0.0000000000
vertex -0.0655000022 -0.0168333255 0.0000000000
vertex -0.0636666689 -0.0168333255 0.0000000000
endloop
endfacet
facet normal 0 0 1
outer loop
vertex -0.0600000022 -0.0149999921 0.0000000000
vertex -0.0581666689 -0.0168333255 0.0000000000
vertex -0.0581666689 -0.0149999921 0.0000000000
endloop
endfacet
facet normal 0 0 1
outer loop
vertex -0.0600000022 -0.0149999921 0.0000000000
vertex -0.0600000022 -0.0168333255 0.0000000000
vertex -0.0581666689 -0.0168333255 0.0000000000
endloop
endfacet
facet normal 0 0 1
outer loop
vertex -0.0581666689 -0.0149999921 0.0000000000
vertex -0.0563333355 -0.0168333255 0.0000000000
vertex -0.0563333355 -0.0149999921 0.0000000000
endloop
endfacet
facet normal 0 0 1
outer loop
vertex -0.0581666689 -0.0149999921 0.0000000000
vertex -0.0581666689 -0.0168333255 0.0000000000
vertex -0.0563333355 -0.0168333255 0.0000000000
endloop
endfacet
facet normal 0 0 1
outer loop
vertex -0.0563333355 -0.0149999921 0.0000000000
vertex -0.0545000022 -0.0168333255 0.0000000000
vertex -0.0545000022 -0.0149999921 0.0000000000
endloop
endfacet
facet normal 0 0 1
outer loop
vertex -0.0563333355 -0.0149999921 0.0000000000
vertex -0.0563333355 -0.0168333255 0.0000000000
vertex -0.0545000022 -0.0168333255 0.0000000000
endloop
endfacet
facet normal 0 0 1
outer loop
vertex -0.0655000022 -0.0168333255 0.0000000000
vertex -0.0636666689 -0.0186666588 0.0000000000
vertex -0.0636666689 -0.0168333255 0.0000000000
endloop
endfacet
facet normal 0 0 1
outer loop
vertex -0.0655000022 -0.0168333255 0.0000000000
vertex -0.0655000022 -0.0186666588 0.0000000000
vertex -0.0636666689 -0.0186666588 0.0000000000
endloop
endfacet
facet normal 0 0 1
outer loop
vertex -0.0618333355 -0.0168333255 0.0000000000
vertex -0.0600000022 -0.0186666588 0.0000000000
vertex -0.0600000022 -0.0168333255 0.0000000000
endloop
endfacet
facet normal 0 0 1
outer loop
vertex -0.0618333355 -0.0168333255 0.0000000000
vertex -0.0618333355 -0.0186666588 0.0000000000
vertex -0.0600000022 -0.0186666588 0.0000000000
endloop
endfacet
facet normal 0 0 1
outer loop
vertex -0.0563333355 -0.0168333255 0.0000000000
vertex -0.0545000022 -0.0186666588 0.0000000000
vertex -0.0545000022 -0.0168333255 0.0000000000
endloop
endfacet
facet normal 0 0 1
outer loop
vertex -0.0563333355 -0.0168333255 0.0000000000
vertex -0.0563333355 -0.0186666588 0.0000000000
vertex -0.0545000022 -0.0186666588 0.0000000000
endloop
endfacet
facet normal 0 0 1
outer loop
vertex -0.0655000022 -0.0186666588 0.0000000000
vertex -0.0636666689 -0.0204999921 0.0000000000
vertex -0.0636666689 -0.0186666588 0.0000000000
endloop
endfacet
facet normal 0 0 1
outer loop
vertex -0.0655000022 -0.0186666588 0.0000000000
vertex -0.0655000022 -0.0204999921 0.0000000000
vertex -0.0636666689 -0.0204999921 0.0000000000
endloop
endfacet
facet normal 0 0 1
outer loop
vertex -0.0636666689 -0.0186666588 0.0000000000
vertex -0.0618333355 -0.0204999921 0.0000000000
vertex -0.0618333355 -0.0186666588 0.0000000000
endloop
endfacet
facet normal 0 0 1
outer loop
vertex -0.0636666689 -0.0186666588 0.0000000000
vertex -0.0636666689 -0.0204999921 0.0000000000
vertex -0.0618333355 -0.0204999921 0.0000000000
endloop
endfacet
facet normal 0 0 1
outer loop
vertex -0.0618333355 -0.0186666588 0.0000000000
vertex -0.0600000022 -0.0204999921 0.0000000000
vertex -0.0600000022 -0.0186666588 0.0000000000
endloop
endfacet
facet normal 0 0 1
outer loop
vertex -0.0618333355 -0.0186666588 0.0000000000
vertex -0.0618333355 -0.0204999921 0.0000000000
vertex -0.0600000022 -0.0204999921 0.0000000000
endloop
endfacet
facet normal 0 0 1
outer loop
vertex -0.0600000022 -0.0186666588 0.0000000000
vertex -0.0581666689 -0.0204999921 0.0000000000
vertex -0.0581666689 -0.0186666588 0.0000000000
endloop
endfacet
facet normal 0 0 1
outer loop
vertex -0.0600000022 -0.0186666588 0.0000000000
vertex -0.0600000022 -0.0204999921 0.0000000000
vertex -0.0581666689 -0.0204999921 0.0000000000
endloop
endfacet
facet normal 0 0 1
outer loop
vertex -0.0581666689 -0.0186666588 0.0000000000
vertex -0.0563333355 -0.0204999921 0.0000000000
vertex -0.0563333355 -0.0186666588 0.0000000000
endloop
endfacet
facet normal 0 0 1
outer loop
vertex -0.0581666689 -0.0186666588 0.0000000000
vertex -0.0581666689 -0.0204999921 0.0000000000
vertex -0.0563333355 -0.0204999921 0.0000000000
endloop
endfacet
facet normal 0 0 1
outer loop
vertex -0.0563333355 -0.0186666588 0.0000000000
vertex -0.0545000022 -0.0204999921 0.0000000000
vertex -0.0545000022 -0.0186666588 0.0000000000
endloop
endfacet
facet normal 0 0 1
outer loop
vertex -0.0563333355 -0.0186666588 0.0000000000
vertex -0.0563333355 -0.0204999921 0.0000000000
vertex -0.0545000022 -0.0204999921 0.0000000000
endloop
endfacet
facet normal 0 0 1
outer loop
vertex -0.0355000010 -0.0094999921 0.0000000000
vertex -0.0336666677 -0.0113333255 0.0000000000
vertex -0.0336666677 -0.0094999921 0.0000000000
endloop
endfacet
facet normal 0 0 1
outer loop
vertex -0.0355000010 -0.0094999921 0.0000000000
vertex -0.0355000010 -0.0113333255 0.0000000000
vertex -0.0336666677 -0.0113333255 0.0000000000
endloop
endfacet
facet normal 0 0 1
outer loop
vertex -0.0336666677 -0.0094999921 0.0000000000
vertex -0.0318333343 -0.0113333255 0.0000000000
vertex -0.0318333343 -0.0094999921 0.0000000000
endloop
endfacet
facet normal 0 0 1
outer loop
vertex -0.0336666677 -0.0094999921 0.0000000000
vertex -0.0336666677 -0.0113333255 0.0000000000
vertex -0.0318333343 -0.0113333255 0.0000000000
endloop
endfacet
facet normal 0 0 1
outer loop
vertex -0.0318333343 -0.0094999921 0.0000000000
vertex -0.0300000010 -0.0113333255 0.0000000000
vertex -0.0300000010 -0.0094999921 0.0000000000
endloop
endfacet
facet normal 0 0 1
outer loop
vertex -0.0318333343 -0.0094999921 0.0000000000
vertex -0.0318333343 -0.0113333255 0.0000000000
vertex -0.0300000010 -0.0113333255 0.0000000000
endloop
endfacet
facet normal 0 0 1
outer loop
vertex -0.0300000010 -0.0094999921 0.0000000000
vertex -0.0281666677 -0.0113333255 0.0000000000
vertex -0.0281666677 -0.0094999921 0.0000000000
endloop
endfacet
facet normal 0 0 1
outer loop
vertex -0.0300000010 -0.0094999921 0.0000000000
vertex -0.0300000010 -0.0113333255 0.0000000000
vertex -0.0281666677 -0.0113333255 0.0000000000
endloop
endfacet
facet normal 0 0 1
outer loop
vertex -0.0281666677 -0.0094999921 0.0000000000
vertex -0.0263333343 -0.0113333255 0.0000000000
vertex -0.0263333343 -0.0094999921 0.0000000000
endloop
endfacet
facet normal 0 0 1
outer loop
vertex -0.0281666677 -0.0094999921 0.0000000000
vertex -0.0281666677 -0.0113333255 0.0000000000
vertex -0.0263333343 -0.0113333255 0.0000000000
endloop
endfacet
facet normal 0 0 1
outer loop
vertex -0.0263333343 -0.0094999921 0.0000000000
vertex -0.0245000010 -0.0113333255 0.0000000000
vertex -0.0245000010 -0.0094999921 0.0000000000
endloop
endfacet
facet normal 0 0 1
outer loop
vertex -0.0263333343 -0.0094999921 0.0000000000
vertex -0.0263333343 -0.0113333255 0.0000000000
vertex -0.0245000010 -0.0113333255 0.0000000000
endloop
endfacet
facet normal 0 0 1
outer loop
vertex -0.0355000010 -0.0113333255 0.0000000000
vertex -0.0336666677 -0.0131666588 0.0000000000
vertex -0.0336666677 -0.0113333255 0.0000000000
endloop
endfacet
facet normal 0 0 1
outer loop
vertex -0.0355000010 -0.0113333255 0.0000000000
vertex -0.0355000010 -0.0131666588 0.0000000000
vertex -0.0336666677 -0.0131666588 0.0000000000
endloop
endfacet
facet normal 0 0 1
outer loop
vertex -0.0336666677 -0.0113333255 0.0000000000
vertex -0.0318333343 -0.0131666588 0.0000000000
vertex -0.0318333343 -0.0113333255 0.0000000000
endloop
endfacet
facet normal 0 0 1
outer loop
vertex -0.0336666677 -0.0113333255 0.0000000000
vertex -0.0336666677 -0.0131666588 0.0000000000
vertex -0.0318333343 -0.0131666588 0.0000000000
endloop
endfacet
facet normal 0 0 1
outer loop
vertex -0.0318333343 -0.0113333255 0.0000000000
vertex -0.0300000010 -0.0131666588 0.0000000000
vertex -0.0300000010 -0.0113333255 0.0000000000
endloop
endfacet
facet normal 0 0 1
outer loop
vertex -0.0318333343 -0.0113333255 0.0000000000
vertex -0.0318333343 -0.0131666588 0.0000000000
vertex -0.0300000010 -0.0131666588 0.0000000000
endloop
endfacet
facet normal 0 0 1
outer loop
vertex -0.0300000010 -0.0113333255 0.0000000000
vertex -0.0281666677 -0.0131666588 0.0000000000
vertex -0.0281666677 -0.0113333255 0.0000000000
endloop
endfacet
facet normal 0 0 1
outer loop
vertex -0.0300000010 -0.0113333255 0.0000000000
vertex -0.0300000010 -0.0131666588 0.0000000000
vertex -0.0281666677 -0.0131666588 0.0000000000
endloop
endfacet
facet normal 0 0 1
outer loop
vertex -0.0281666677 -0.0113333255 0.0000000000
vertex -0.0263333343 -0.0131666588 0.0000000000
vertex -0.0263333343 -0.0113333255 0.0000000000
endloop
endfacet
facet normal 0 0 1
outer loop
vertex -0.0281666677 -0.0113333255 0.0000000000
vertex -0.0281666677 -0.0131666588 0.0000000000
vertex -0.0263333343 -0.0131666588 0.0000000000
endloop
endfacet
facet normal 0 0 1
outer loop
vertex -0.0263333343 -0.0113333255 0.0000000000
vertex -0.0245000010 -0.0131666588 0.0000000000
vertex -0.0245000010 -0.0113333255 0.0000000000
endloop
endfacet
facet normal 0 0 1
outer loop
vertex -0.0263333343 -0.0113333255 0.0000000000
vertex -0.0263333343 -0.0131666588 0.0000000000
vertex -0.0245000010 -0.0131666588 0.0000000000
endloop
endfacet
facet normal 0 0 1
outer loop
vertex -0.0355000010 -0.0131666588 0.0000000000
vertex -0.0336666677 -0.0149999921 0.0000000000
vertex -0.0336666677 -0.0131666588 0.0000000000
endloop
endfacet
facet normal 0 0 1
outer loop
vertex -0.0355000010 -0.0131666588 0.0000000000
vertex -0.0355000010 -0.0149999921 0.0000000000
vertex -0.0336666677 -0.0149999921 0.0000000000
endloop
endfacet
facet normal 0 0 1
outer loop
vertex -0.0318333343 -0.0131666588 0.0000000000
vertex -0.0300000010 -0.0149999921 0.0000000000
vertex -0.0300000010 -0.0131666588 0.0000000000
endloop
endfacet
facet normal 0 0 1
outer loop
vertex -0.0318333343 -0.0131666588 0.0000000000
vertex -0.0318333343 -0.0149999921 0.0000000000
vertex -0.0300000010 -0.0149999921 0.0000000000
endloop
endfacet
facet normal 0 0 1
outer loop
vertex -0.0300000010 -0.0131666588 0.0000000000
vertex -0.0281666677 -0.0149999921 0.0000000000
vertex -0.0281666677 -0.0131666588 0.0000000000
endloop
endfacet
facet normal 0 0 1
outer loop
vertex -0.0300000010 -0.0131666588 0.0000000000
vertex -0.0300000010 -0.0149999921 0.0000000000
vertex -0.0281666677 -0.0149999921 0.0000000000
endloop
endfacet
facet normal 0 0 1
outer loop
vertex -0.0281666677 -0.0131666588 0.0000000000
vertex -0.0263333343 -0.0149999921 0.0000000000
vertex -0.0263333343 -0.0131666588 0.0000000000
endloop
endfacet
facet normal 0 0 1
outer loop
vertex -0.0281666677 -0.0131666588 0.0000000000
vertex -0.0281666677 -0.0149999921 0.0000000000
vertex -0.0263333343 -0.0149999921 0.0000000000
endloop
endfacet
facet normal 0 0 1
outer loop
vertex -0.0263333343 -0.0131666588 0.0000000000
vertex -0.0245000010 -0.0149999921 0.0000000000
vertex -0.0245000010 -0.0131666588 0.0000000000
endloop
endfacet
facet normal 0 0 1
outer loop
vertex -0.0263333343 -0.0131666588 0.0000000000
vertex -0.0263333343 -0.0149999921 0.0000000000
vertex -0.0245000010 -0.0149999921 0.0000000000
endloop
endfacet
facet normal 0 0 1
outer loop
vertex -0.0355000010 -0.0149999921 0.0000000000
vertex -0.0336666677 -0.0168333255 0.0000000000
vertex -0.0336666677 -0.0149999921 0.0000000000
endloop
endfacet
facet normal 0 0 1
outer loop
vertex -0.0355000010 -0.0149999921 0.0000000000
vertex -0.0355000010 -0.0168333255 0.0000000000
vertex -0.0336666677 -0.0168333255 0.0000000000
endloop
endfacet
facet normal 0 0 1
outer loop
vertex -0.0318333343 -0.0149999921 0.0000000000
vertex -0.0300000010 -0.0168333255 0.0000000000
vertex -0.0300000010 -0.0149999921 0.0000000000
endloop
endfacet
facet normal 0 0 1
outer loop
vertex -0.0318333343 -0.0149999921 0.0000000000
vertex -0.0318333343 -0.0168333255 0.0000000000
vertex -0.0300000010 -0.0168333255 0.0000000000
endloop
endfacet
facet normal 0 0 1
outer loop
vertex -0.0281666677 -0.0149999921 0.0000000000
vertex -0.0263333343 -0.0168333255 0.0000000000
vertex -0.0263333343 -0.0149999921 0.0000000000
endloop
endfacet
facet normal 0 0 1
outer loop
vertex -0.0281666677 -0.0149999921 0.0000000000
vertex -0.0281666677 -0.0168333255 0.0000000000
vertex -0.0263333343 -0.0168333255 0.0000000000
endloop
endfacet
facet normal 0 0 1
outer loop
vertex -0.0263333343 -0.0149999921 0.0000000000
vertex -0.0245000010 -0.0168333255 0.0000000000
vertex -0.0245000010 -0.0149999921 0.0000000000
endloop
endfacet
facet normal 0 0 1
outer loop
vertex -0.0263333343 -0.0149999921 0.0000000000
vertex -0.0263333343 -0.0168333255 0.0000000000
vertex -0.0245000010 -0.0168333255 0.0000000000
endloop
endfacet
facet normal 0 0 1
outer loop
vertex -0.0355000010 -0.0168333255 0.0000000000
vertex -0.0336666677 -0.0186666588 0.0000000000
vertex -0.0336666677 -0.0168333255 0.0000000000
endloop
endfacet
facet normal 0 0 1
outer loop
vertex -0.0355000010 -0.0168333255 0.0000000000
vertex -0.0355000010 -0.0186666588 0.0000000000
vertex -0.0336666677 -0.0186666588 0.0000000000
endloop
endfacet
facet normal 0 0 1
outer loop
vertex -0.0281666677 -0.0168333255 0.0000000000
vertex -0.0263333343 -0.0186666588 0.0000000000
vertex -0.0263333343 -0.0168333255 0.0000000000
endloop
endfacet
facet normal 0 0 1
outer loop
vertex -0.0281666677 -0.0168333255 0.0000000000
vertex -0.0281666677 -0.0186666588 0.0000000000
vertex -0.0263333343 -0.0186666588 0.0000000000
endloop
endfacet
facet normal 0 0 1
outer loop
vertex -0.0263333343 -0.0168333255 0.0000000000
vertex -0.0245000010 -0.0186666588 0.0000000000
vertex -0.0245000010 -0.0168333255 0.0000000000
endloop
endfacet
facet normal 0 0 1
outer loop
vertex -0.0263333343 -0.0168333255 0.0000000000
vertex -0.0263333343 -0.0186666588 0.0000000000
vertex -0.0245000010 -0.0186666588 0.0000000000
endloop
endfacet
facet normal 0 0 1
outer loop
vertex -0.0355000010 -0.0186666588 0.0000000000
vertex -0.0336666677 -0.0204999921 0.0000000000
vertex -0.0336666677 -0.0186666588 0.0000000000
endloop
endfacet
facet normal 0 0 1
outer loop
vertex -0.0355000010 -0.0186666588 0.0000000000
vertex -0.0355000010 -0.0204999921 0.0000000000
vertex -0.0336666677 -0.0204999921 0.0000000000
endloop
endfacet
facet normal 0 0 1
outer loop
vertex -0.0336666677 -0.0186666588 0.0000000000
vertex -0.0318333343 -0.0204999921 0.0000000000
vertex -0.0318333343 -0.0186666588 0.0000000000
endloop
endfacet
facet normal 0 0 1
outer loop
vertex -0.0336666677 -0.0186666588 0.0000000000
vertex -0.0336666677 -0.0204999921 0.0000000000
vertex -0.0318333343 -0.0204999921 0.0000000000
endloop
endfacet
facet normal 0 0 1
outer loop
vertex -0.0318333343 -0.0186666588 0.0000000000
vertex -0.0300000010 -0.0204999921 0.0000000000
vertex -0.0300000010 -0.0186666588 0.0000000000
endloop
endfacet
facet normal 0 0 1
outer loop
vertex -0.0318333343 -0.0186666588 0.0000000000
vertex -0.0318333343 -0.0204999921 0.0000000000
vertex -0.0300000010 -0.0204999921 0.0000000000
endloop
endfacet
facet normal 0 0 1
outer loop
vertex -0.0300000010 -0.0186666588 0.0000000000
vertex -0.0281666677 -0.0204999921 0.0000000000
vertex -0.0281666677 -0.0186666588 0.0000000000
endloop
endfacet
facet normal 0 0 1
outer loop
vertex -0.0300000010 -0.0186666588 0.0000000000
vertex -0.0300000010 -0.0204999921 0.0000000000
vertex -0.0281666677 -0.0204999921 0.0000000000
endloop
endfacet
facet normal 0 0 1
outer loop
vertex -0.0281666677 -0.0186666588 0.0000000000
vertex -0.0263333343 -0.0204999921 0.0000000000
vertex -0.0263333343 -0.0186666588 0.0000000000
endloop
endfacet
facet normal 0 0 1
outer loop
vertex -0.0281666677 -0.0186666588 0.0000000000
vertex -0.0281666677 -0.0204999921 0.0000000000
vertex -0.0263333343 -0.0204999921 0.0000000000
endloop
endfacet
facet normal 0 0 1
outer loop
vertex -0.0263333343 -0.0186666588 0.0000000000
vertex -0.0245000010 -0.0204999921 0.0000000000
vertex -0.0245000010 -0.0186666588 0.0000000000
endloop
endfacet
facet normal 0 0 1
outer loop
vertex -0.0263333343 -0.0186666588 0.0000000000
vertex -0.0263333343 -0.0204999921 0.0000000000
vertex -0.0245000010 -0.0204999921 0.0000000000
endloop
endfacet
facet normal 0 0 1
outer loop
vertex -0.0055000073 -0.0094999921 0.0000000000
vertex -0.0036666739 -0.0113333255 0.0000000000
vertex -0.0036666739 -0.0094999921 0.0000000000
endloop
endfacet
facet normal 0 0 1
outer loop
vertex -0.0055000073 -0.0094999921 0.0000000000
vertex -0.0055000073 -0.0113333255 0.0000000000
vertex -0.0036666739 -0.0113333255 0.0000000000
endloop
endfacet
facet normal 0 0 1
outer loop
vertex -0.0036666739 -0.0094999921 0.0000000000
vertex -0.0018333406 -0.0113333255 0.0000000000
vertex -0.0018333406 -0.0094999921 0.0000000000
endloop
endfacet
facet normal 0 0 1
outer loop
vertex -0.0036666739 -0.0094999921 0.0000000000
vertex -0.0036666739 -0.0113333255 0.0000000000
vertex -0.0018333406 -0.0113333255 0.0000000000
endloop
endfacet
facet normal 0 0 1
outer loop
vertex -0.0018333406 -0.0094999921 0.0000000000
vertex -0.0000000073 -0.0113333255 0.0000000000
vertex -0.0000000073 -0.0094999921 0.0000000000
endloop
endfacet
facet normal 0 0 1
outer loop
vertex -0.0018333406 -0.0094999921 0.0000000000
vertex -0.0018333406 -0.0113333255 0.0000000000
vertex -0.0000000073 -0.0113333255 0.0000000000
endloop
endfacet
facet normal 0 0 1
outer loop
vertex -0.0000000073 -0.0094999921 0.0000000000
vertex 0.0018333261 -0.0113333255 0.0000000000
vertex 0.0018333261 -0.0094999921 0.0000000000
endloop
endfacet
facet normal 0 0 1
outer loop
vertex -0.0000000073 -0.0094999921 0.0000000000
vertex -0.0000000073 -0.0113333255 0.0000000000
vertex 0.0018333261 -0.0113333255 0.0000000000
endloop
endfacet
facet normal 0 0 1
outer loop
vertex 0.0018333261 -0.0094999921 0.0000000000
vertex 0.0036666594 -0.0113333255 0.0000000000
vertex 0.0036666594 -0.0094999921 0.0000000000
endloop
endfacet
facet normal 0 0 1
outer loop
vertex 0.0018333261 -0.0094999921 0.0000000000
vertex 0.0018333261 -0.0113333255 0.0000000000
vertex 0.0036666594 -0.0113333255 0.0000000000
endloop
endfacet
facet normal 0 0 1
outer loop
vertex 0.0036666594 -0.0094999921 0.0000000000
vertex 0.0054999927 -0.0113333255 0.0000000000
vertex 0.0054999927 -0.0094999921 0.0000000000
endloop
endfacet
facet normal 0 0 1
outer loop
vertex 0.0036666594 -0.0094999921 0.0000000000
vertex 0.0036666594 -0.0113333255 0.0000000000
vertex 0.0054999927 -0.0113333255 0.0000000000
endloop
endfacet
facet normal 0 0 1
outer loop
vertex -0.0055000073 -0.0113333255 0.0000000000
vertex -0.0036666739 -0.0131666588 0.0000000000
vertex -0.0036666739 -0.0113333255 0.0000000000
endloop
endfacet
facet normal 0 0 1
outer loop
vertex -0.0055000073 -0.0113333255 0.0000000000
vertex -0.0055000073 -0.0131666588 0.0000000000
vertex -0.0036666739 -0.0131666588 0.0000000000
endloop
endfacet
facet normal 0 0 1
outer loop
vertex -0.0036666739 -0.0113333255 0.0000000000
vertex -0.0018333406 -0.0131666588 0.0000000000
vertex -0.0018333406 -0.0113333255 0.0000000000
endloop
endfacet
facet normal 0 0 1
outer loop
vertex -0.0036666739 -0.0113333255 0.0000000000
vertex -0.0036666739 -0.0131666588 0.0000000000
vertex -0.0018333406 -0.0131666588 0.0000000000
endloop
endfacet
facet normal 0 0 1
outer loop
vertex -0.0018333406 -0.0113333255 0.0000000000
vertex -0.0000000073 -0.0131666588 0.0000000000
vertex -0.0000000073 -0.0113333255 0.0000000000
endloop
endfacet
facet normal 0 0 1
outer loop
vertex -0.0018333406 -0.0113333255 0.0000000000
vertex -0.0018333406 -0.0131666588 0.0000000000
vertex -0.0000000073 -0.0131666588 0.0000000000
endloop
endfacet
facet normal 0 0 1
outer loop
vertex -0.0000000073 -0.0113333255 0.0000000000
vertex 0.0018333261 -0.0131666588 0.0000000000
vertex 0.0018333261 -0.0113333255 0.0000000000
endloop
endfacet
facet normal 0 0 1
outer loop
vertex -0.0000000073 -0.0113333255 0.0000000000
vertex -0.0000000073 -0.0131666588 0.0000000000
vertex 0.0018333261 -0.0131666588 0.0000000000
endloop
endfacet
facet normal 0 0 1
outer loop
vertex 0.0018333261 -0.0113333255 0.0000000000
vertex 0.0036666594 -0.0131666588 0.0000000000
vertex 0.0036666594 -0.0113333255 0.0000000000
endloop
endfacet
facet normal 0 0 1
outer loop
vertex 0.0018333261 -0.0113333255 0.0000000000
vertex 0.0018333261 -0.0131666588 0.0000000000
vertex 0.0036666594 -0.0131666588 0.0000000000
endloop
endfacet
facet normal 0 0 1
outer loop
vertex 0.0036666594 -0.0113333255 0.0000000000
vertex 0.0054999927 -0.0131666588 0.0000000000
vertex 0.0054999927 -0.0113333255 0.0000000000
endloop
endfacet
facet normal 0 0 1
outer loop
vertex 0.0036666594 -0.0113333255 0.0000000000
vertex 0.0036666594 -0.0131666588 0.0000000000
vertex 0.0054999927 -0.0131666588 0.0000000000
endloop
endfacet
facet normal 0 0 1
outer loop
vertex -0.0055000073 -0.0131666588 0.0000000000
vertex -0.0036666739 -0.0149999921 0.0000000000
vertex -0.0036666739 -0.0131666588 0.0000000000
endloop
endfacet
facet normal 0 0 1
outer loop
vertex -0.0055000073 -0.0131666588 0.0000000000
vertex -0.0055000073 -0.0149999921 0.0000000000
vertex -0.0036666739 -0.0149999921 0.0000000000
endloop
endfacet
facet normal 0 0 1
outer loop
vertex -0.0018333406 -0.0131666588 0.0000000000
vertex -0.0000000073 -0.0149999921 0.0000000000
vertex -0.0000000073 -0.0131666588 0.0000000000
endloop
endfacet
facet normal 0 0 1
outer loop
vertex -0.0018333406 -0.0131666588 0.0000000000
vertex -0.0018333406 -0.0149999921 0.0000000000
vertex -0.0000000073 -0.0149999921 0.0000000000
endloop
endfacet
facet normal 0 0 1
outer loop
vertex -0.0000000073 -0.0131666588 0.0000000000
vertex 0.0018333261 -0.0149999921 0.0000000000
vertex 0.0018333261 -0.0131666588 0.0000000000
endloop
endfacet
facet normal 0 0 1
outer loop
vertex -0.0000000073 -0.0131666588 0.0000000000
vertex -0.0000000073 -0.0149999921 0.0000000000
vertex 0.0018333261 -0.0149999921 0.0000000000
endloop
endfacet
facet normal 0 0 1
outer loop
vertex 0.0036666594 -0.0131666588 0.0000000000
vertex 0.0054999927 -0.0149999921 0.0000000000
vertex 0.0054999927 -0.0131666588 0.0000000000
endloop
endfacet
facet normal 0 0 1
outer loop
vertex 0.0036666594 -0.0131666588 0.0000000000
vertex 0.0036666594 -0.0149999921 0.0000000000
vertex 0.0054999927 -0.0149999921 0.0000000000
endloop
endfacet
facet normal 0 0 1
outer loop
vertex -0.0055000073 -0.0149999921 0.0000000000
vertex -0.0036666739 -0.0168333255 0.0000000000
vertex -0.0036666739 -0.0149999921 0.0000000000
endloop
endfacet
facet normal 0 0 1
outer loop
vertex -0.0055000073 -0.0149999921 0.0000000000
vertex -0.0055000073 -0.0168333255 0.0000000000
vertex -0.0036666739 -0.0168333255 0.0000000000
endloop
endfacet
facet normal 0 0 1
outer loop
vertex -0.0036666739 -0.0149999921 0.0000000000
vertex -0.0018333406 -0.0168333255 0.0000000000
vertex -0.0018333406 -0.0149999921 0.0000000000
endloop
endfacet
facet normal 0 0 1
outer loop
vertex -0.0036666739 -0.0149999921 0.0000000000
vertex -0.0036666739 -0.0168333255 0.0000000000
vertex -0.0018333406 -0.0168333255 0.0000000000
endloop
endfacet
facet normal 0 0 1
outer loop
vertex -0.0018333406 -0.0149999921 0.0000000000
vertex -0.0000000073 -0.0168333255 0.0000000000
vertex -0.0000000073 -0.0149999921 0.0000000000
endloop
endfacet
facet normal 0 0 1
outer loop
vertex -0.0018333406 -0.0149999921 0.0000000000
vertex -0.0018333406 -0.0168333255 0.0000000000
vertex -0.0000000073 -0.0168333255 0.0000000000
endloop
endfacet
facet normal 0 0 1
outer loop
vertex 0.0018333261 -0.0149999921 0.0000000000
vertex 0.0036666594 -0.0168333255 0.0000000000
vertex 0.0036666594 -0.0149999921 0.0000000000
endloop
endfacet
facet normal 0 0 1
outer loop
vertex 0.0018333261 -0.0149999921 0.0000000000
vertex 0.0018333261 -0.0168333255 0.0000000000
vertex 0.0036666594 -0.0168333255 0.0000000000
endloop
endfacet
facet normal 0 0 1
outer loop
vertex 0.0036666594 -0.0149999921 0.0000000000
vertex 0.0054999927 -0.0168333255 0.0000000000
vertex 0.0054999927 -0.0149999921 0.0000000000
endloop
endfacet
facet normal 0 0 1
outer loop
vertex 0.0036666594 -0.0149999921 0.0000000000
vertex 0.0036666594 -0.0168333255 0.0000000000
vertex 0.0054999927 -0.0168333255 0.0000000000
endloop
endfacet
facet normal 0 0 1
outer loop
vertex -0.0055000073 -0.0168333255 0.0000000000
vertex -0.0036666739 -0.0186666588 0.0000000000
vertex -0.0036666739 -0.0168333255 0.0000000000
endloop
endfacet
facet normal 0 0 1
outer loop
vertex -0.0055000073 -0.0168333255 0.0000000000
vertex -0.0055000073 -0.0186666588 0.0000000000
vertex -0.0036666739 -0.0186666588 0.0000000000
endloop
endfacet
facet normal 0 0 1
outer loop
vertex -0.0018333406 -0.0168333255 0.0000000000
vertex -0.0000000073 -0.0186666588 0.0000000000
vertex -0.0000000073 -0.0168333255 0.0000000000
endloop
endfacet
facet normal 0 0 1
outer loop
vertex -0.0018333406 -0.0168333255 0.0000000000
vertex -0.0018333406 -0.0186666588 0.0000000000
vertex -0.0000000073 -0.0186666588 0.0000000000
endloop
endfacet
facet normal 0 0 1
outer loop
vertex -0.0000000073 -0.0168333255 0.0000000000
vertex 0.0018333261 -0.0186666588 0.0000000000
vertex 0.0018333261 -0.0168333255 0.0000000000
endloop
endfacet
facet normal 0 0 1
outer loop
vertex -0.0000000073 -0.0168333255 0.0000000000
vertex -0.0000000073 -0.0186666588 0.0000000000
vertex 0.0018333261 -0.0186666588 0.0000000000
endloop
endfacet
facet normal 0 0 1
outer loop
vertex 0.0036666594 -0.0168333255 0.0000000000
vertex 0.0054999927 -0.0186666588 0.0000000000
vertex 0.0054999927 -0.0168333255 0.0000000000
endloop
endfacet
facet normal 0 0 1
outer loop
vertex 0.0036666594 -0.0168333255 0.0000000000
vertex 0.0036666594 -0.0186666588 0.0000000000
vertex 0.0054999927 -0.0186666588 0.0000000000
endloop
endfacet
facet normal 0 0 1
outer loop
vertex -0.0055000073 -0.0186666588 0.0000000000
vertex -0.0036666739 -0.0204999921 0.0000000000
vertex -0.0036666739 -0.0186666588 0.0000000000
endloop
endfacet
facet normal 0 0 1
outer loop
vertex -0.0055000073 -0.0186666588 0.0000000000
vertex -0.0055000073 -0.0204999921 0.0000000000
vertex -0.0036666739 -0.0204999921 0.0000000000
endloop
endfacet
facet normal 0 0 1
outer loop
vertex -0.0036666739 -0.0186666588 0.0000000000
vertex -0.0018333406 -0.0204999921 0.0000000000
vertex -0.0018333406 -0.0186666588 0.0000000000
endloop
endfacet
facet normal 0 0 1
outer loop
vertex -0.0036666739 -0.0186666588 0.0000000000
vertex -0.0036666739 -0.0204999921 0.0000000000
vertex -0.0018333406 -0.0204999921 0.0000000000
endloop
endfacet
facet normal 0 0 1
outer loop
vertex -0.0018333406 -0.0186666588 0.0000000000
vertex -0.0000000073 -0.0204999921 0.0000000000
vertex -0.0000000073 -0.0186666588 0.0000000000
endloop
endfacet
facet normal 0 0 1
outer loop
vertex -0.0018333406 -0.0186666588 0.0000000000
vertex -0.0018333406 -0.0204999921 0.0000000000
vertex -0.0000000073 -0.0204999921 0.0000000000
endloop
endfacet
facet normal 0 0 1
outer loop
vertex -0.0000000073 -0.0186666588 0.0000000000
vertex 0.0018333261 -0.0204999921 0.0000000000
vertex 0.0018333261 -0.0186666588 0.0000000000
endloop
endfacet
facet normal 0 0 1
outer loop
vertex -0.0000000073 -0.0186666588 0.0000000000
vertex -0.0000000073 -0.0204999921 0.0000000000
vertex 0.0018333261 -0.0204999921 0.0000000000
endloop
endfacet
facet normal 0 0 1
outer loop
vertex 0.0018333261 -0.0186666588 0.0000000000
vertex 0.0036666594 -0.0204999921 0.0000000000
vertex 0.0036666594 -0.0186666588 0.0000000000
endloop
endfacet
facet normal 0 0 1
outer loop
vertex 0.0018333261 -0.0186666588 0.0000000000
vertex 0.0018333261 -0.0204999921 0.0000000000
vertex 0.0036666594 -0.0204999921 0.0000000000
endloop
endfacet
facet normal 0 0 1
outer loop
vertex 0.0036666594 -0.0186666588 0.0000000000
vertex 0.0054999927 -0.0204999921 0.0000000000
vertex 0.0054999927 -0.0186666588 0.0000000000
endloop
endfacet
facet normal 0 0 1
outer loop
vertex 0.0036666594 -0.0186666588 0.0000000000
vertex 0.0036666594 -0.0204999921 0.0000000000
vertex 0.0054999927 -0.0204999921 0.0000000000
endloop
endfacet
facet normal 0 0 1
outer loop
vertex 0.0244999939 -0.0094999921 0.0000000000
vertex 0.0263333273 -0.0113333255 0.0000000000
vertex 0.0263333273 -0.0094999921 0.0000000000
endloop
endfacet
facet normal 0 0 1
outer loop
vertex 0.0244999939 -0.0094999921 0.0000000000
vertex 0.0244999939 -0.0113333255 0.0000000000
vertex 0.0263333273 -0.0113333255 0.0000000000
endloop
endfacet
facet normal 0 0 1
outer loop
vertex 0.0263333273 -0.0094999921 0.0000000000
vertex 0.0281666606 -0.0113333255 0.0000000000
vertex 0.0281666606 -0.0094999921 0.0000000000
endloop
endfacet
facet normal 0 0 1
outer loop
vertex 0.0263333273 -0.0094999921 0.0000000000
vertex 0.0263333273 -0.0113333255 0.0000000000
vertex 0.0281666606 -0.0113333255 0.0000000000
endloop
endfacet
facet normal 0 0 1
outer loop
vertex 0.0281666606 -0.0094999921 0.0000000000
vertex 0.0299999939 -0.0113333255 0.0000000000
vertex 0.0299999939 -0.0094999921 0.0000000000
endloop
endfacet
facet normal 0 0 1
outer loop
vertex 0.0281666606 -0.0094999921 0.0000000000
vertex 0.0281666606 -0.0113333255 0.0000000000
vertex 0.0299999939 -0.0113333255 0.0000000000
endloop
endfacet
facet normal 0 0 1
outer loop
vertex 0.0299999939 -0.0094999921 0.0000000000
vertex 0.0318333273 -0.0113333255 0.0000000000
vertex 0.0318333273 -0.0094999921 0.0000000000
endloop
endfacet
facet normal 0 0 1
outer loop
vertex 0.0299999939 -0.0094999921 0.0000000000
vertex 0.0299999939 -0.0113333255 0.0000000000
vertex 0.0318333273 -0.0113333255 0.0000000000
endloop
endfacet
facet normal 0 0 1
outer loop
vertex 0.0318333273 -0.0094999921 0.0000000000
vertex 0.0336666606 -0.0113333255 0.0000000000
vertex 0.0336666606 -0.0094999921 0.0000000000
endloop
endfacet
facet normal 0 0 1
outer loop
vertex 0.0318333273 -0.0094999921 0.0000000000
vertex 0.0318333273 -0.0113333255 0.0000000000
vertex 0.0336666606 -0.0113333255 0.0000000000
endloop
endfacet
facet normal 0 0 1
outer loop
vertex 0.0336666606 -0.0094999921 0.0000000000
vertex 0.0354999939 -0.0113333255 0.0000000000
vertex 0.0354999939 -0.0094999921 0.0000000000
endloop
endfacet
facet normal 0 0 1
outer loop
vertex 0.0336666606 -0.0094999921 0.0000000000
vertex 0.0336666606 -0.0113333255 0.0000000000
vertex 0.0354999939 -0.0113333255 0.0000000000
endloop
endfacet
facet normal 0 0 1
outer loop
vertex 0.0244999939 -0.0113333255 0.0000000000
vertex 0.0263333273 -0.0131666588 0.0000000000
vertex 0.0263333273 -0.0113333255 0.0000000000
endloop
endfacet
facet normal 0 0 1
outer loop
vertex 0.0244999939 -0.0113333255 0.0000000000
vertex 0.0244999939 -0.0131666588 0.0000000000
vertex 0.0263333273 -0.0131666588 0.0000000000
endloop
endfacet
facet normal 0 0 1
outer loop
vertex 0.0263333273 -0.0113333255 0.0000000000
vertex 0.0281666606 -0.0131666588 0.0000000000
vertex 0.0281666606 -0.0113333255 0.0000000000
endloop
endfacet
facet normal 0 0 1
outer loop
vertex 0.0263333273 -0.0113333255 0.0000000000
vertex 0.0263333273 -0.0131666588 0.0000000000
vertex 0.0281666606 -0.0131666588 0.0000000000
endloop
endfacet
facet normal 0 0 1
outer loop
vertex 0.0281666606 -0.0113333255 0.0000000000
vertex 0.0299999939 -0.0131666588 0.0000000000
vertex 0.0299999939 -0.0113333255 0.0000000000
endloop
endfacet
facet normal 0 0 1
outer loop
vertex 0.0281666606 -0.0113333255 0.0000000000
vertex 0.0281666606 -0.0131666588 0.0000000000
vertex 0.0299999939 -0.0131666588 0.0000000000
endloop
endfacet
facet normal 0 0 1
outer loop
vertex 0.0299999939 -0.0113333255 0.0000000000
vertex 0.0318333273 -0.0131666588 0.0000000000
vertex 0.0318333273 -0.0113333255 0.0000000000
endloop
endfacet
facet normal 0 0 1
outer loop
vertex 0.0299999939 -0.0113333255 0.0000000000
vertex 0.0299999939 -0.0131666588 0.0000000000
vertex 0.0318333273 -0.0131666588 0.0000000000
endloop
endfacet
facet normal 0 0 1
outer loop
vertex 0.0336666606 -0.0113333255 0.0000000000
vertex 0.0354999939 -0.0131666588 0.0000000000
vertex 0.0354999939 -0.0113333255 0.0000000000
endloop
endfacet
facet normal 0 0 1
outer loop
vertex 0.0336666606 -0.0113333255 0.0000000000
vertex 0.0336666606 -0.0131666588 0.0000000000
vertex 0.0354999939 -0.0131666588 0.0000000000
endloop
endfacet
facet normal 0 0 1
outer loop
vertex 0.0244999939 -0.0131666588 0.0000000000
vertex 0.0263333273 -0.0149999921 0.0000000000
vertex 0.0263333273 -0.0131666588 0.0000000000
endloop
endfacet
facet normal 0 0 1
outer loop
vertex 0.0244999939 -0.0131666588 0.0000000000
vertex 0.0244999939 -0.0149999921 0.0000000000
vertex 0.0263333273 -0.0149999921 0.0000000000
endloop
endfacet
facet normal 0 0 1
outer loop
vertex 0.0281666606 -0.0131666588 0.0000000000
vertex 0.0299999939 -0.0149999921 0.0000000000
vertex 0.0299999939 -0.0131666588 0.0000000000
endloop
endfacet
facet normal 0 0 1
outer loop
vertex 0.0281666606 -0.0131666588 0.0000000000
vertex 0.0281666606 -0.0149999921 0.0000000000
vertex 0.0299999939 -0.0149999921 0.0000000000
endloop
endfacet
facet normal 0 0 1
outer loop
vertex 0.0299999939 -0.0131666588 0.0000000000
vertex 0.0318333273 -0.0149999921 0.0000000000
vertex 0.0318333273 -0.0131666588 0.0000000000
endloop
endfacet
facet normal 0 0 1
outer loop
vertex 0.0299999939 -0.0131666588 0.0000000000
vertex 0.0299999939 -0.0149999921 0.0000000000
vertex 0.0318333273 -0.0149999921 0.0000000000
endloop
endfacet
facet normal 0 0 1
outer loop
vertex 0.0318333273 -0.0131666588 0.0000000000
vertex 0.0336666606 -0.0149999921 0.0000000000
vertex 0.0336666606 -0.0131666588 0.0000000000
endloop
endfacet
facet normal 0 0 1
outer loop
vertex 0.0318333273 -0.0131666588 0.0000000000
vertex 0.0318333273 -0.0149999921 0.0000000000
vertex 0.0336666606 -0.0149999921 0.0000000000
endloop
endfacet
facet normal 0 0 1
outer loop
vertex 0.0336666606 -0.0131666588 0.0000000000
vertex 0.0354999939 -0.0149999921 0.0000000000
vertex 0.0354999939 -0.0131666588 0.0000000000
endloop
endfacet
facet normal 0 0 1
outer loop
vertex 0.0336666606 -0.0131666588 0.0000000000
vertex 0.0336666606 -0.0149999921 0.0000000000
vertex 0.0354999939 -0.0149999921 0.0000000000
endloop
endfacet
facet normal 0 0 1
outer loop
vertex 0.0244999939 -0.0149999921 0.0000000000
vertex 0.0263333273 -0.0168333255 0.0000000000
vertex 0.0263333273 -0.0149999921 0.0000000000
endloop
endfacet
facet normal 0 0 1
outer loop
vertex 0.0244999939 -0.0149999921 0.0000000000
vertex 0.0244999939 -0.0168333255 0.0000000000
vertex 0.0263333273 -0.0168333255 0.0000000000
endloop
endfacet
facet normal 0 0 1
outer loop
vertex 0.0263333273 -0.0149999921 0.0000000000
vertex 0.0281666606 -0.0168333255 0.0000000000
vertex 0.0281666606 -0.0149999921 0.0000000000
endloop
endfacet
facet normal 0 0 1
outer loop
vertex 0.0263333273 -0.0149999921 0.0000000000
vertex 0.0263333273 -0.0168333255 0.0000000000
vertex 0.0281666606 -0.0168333255 0.0000000000
endloop
endfacet
facet normal 0 0 1
outer loop
vertex 0.0336666606 -0.0149999921 0.0000000000
vertex 0.0354999939 -0.0168333255 0.0000000000
vertex 0.0354999939 -0.0149999921 0.0000000000
endloop
endfacet
facet normal 0 0 1
outer loop
vertex 0.0336666606 -0.0149999921 0.0000000000
vertex 0.0336666606 -0.0168333255 0.0000000000
vertex 0.0354999939 -0.0168333255 0.0000000000
endloop
endfacet
facet normal 0 0 1
outer loop
vertex 0.0244999939 -0.0168333255 0.0000000000
vertex 0.0263333273 -0.0186666588 0.0000000000
vertex 0.0263333273 -0.0168333255 0.0000000000
endloop
endfacet
facet normal 0 0 1
outer loop
vertex 0.0244999939 -0.0168333255 0.0000000000
vertex 0.0244999939 -0.0186666588 0.0000000000
vertex 0.0263333273 -0.0186666588 0.0000000000
endloop
endfacet
facet normal 0 0 1
outer loop
vertex 0.0263333273 -0.0168333255 0.0000000000
vertex 0.0281666606 -0.0186666588 0.0000000000
vertex 0.0281666606 -0.0168333255 0.0000000000
endloop
endfacet
facet normal 0 0 1
outer loop
vertex 0.0263333273 -0.0168333255 0.0000000000
vertex 0.0263333273 -0.0186666588 0.0000000000
vertex 0.0281666606 -0.0186666588 0.0000000000
endloop
endfacet
facet normal 0 0 1
outer loop
vertex 0.0299999939 -0.0168333255 0.0000000000
vertex 0.0318333273 -0.0186666588 0.0000000000
vertex 0.0318333273 -0.0168333255 0.0000000000
endloop
endfacet
facet normal 0 0 1
outer loop
vertex 0.0299999939 -0.0168333255 0.0000000000
vertex 0.0299999939 -0.0186666588 0.0000000000
vertex 0.0318333273 -0.0186666588 0.0000000000
endloop
endfacet
facet normal 0 0 1
outer loop
vertex 0.0336666606 -0.0168333255 0.0000000000
vertex 0.0354999939 -0.0186666588 0.0000000000
vertex 0.0354999939 -0.0168333255 0.0000000000
endloop
endfacet
facet normal 0 0 1
outer loop
vertex 0.0336666606 -0.0168333255 0.0000000000
vertex 0.0336666606 -0.0186666588 0.0000000000
vertex 0.0354999939 -0.0186666588 0.0000000000
endloop
endfacet
facet normal 0 0 1
outer loop
vertex 0.0244999939 -0.0186666588 0.0000000000
vertex 0.0263333273 -0.0204999921 0.0000000000
vertex 0.0263333273 -0.0186666588 0.0000000000
endloop
endfacet
facet normal 0 0 1
outer loop
vertex 0.0244999939 -0.0186666588 0.0000000000
vertex 0.0244999939 -0.0204999921 0.0000000000
vertex 0.0263333273 -0.0204999921 0.0000000000
endloop
endfacet
facet normal 0 0 1
outer loop
vertex 0.0263333273 -0.0186666588 0.0000000000
vertex 0.0281666606 -0.0204999921 0.0000000000
vertex 0.0281666606 -0.0186666588 0.0000000000
endloop
endfacet
facet normal 0 0 1
outer loop
vertex 0.0263333273 -0.0186666588 0.0000000000
vertex 0.0263333273 -0.0204999921 0.0000000000
vertex 0.0281666606 -0.0204999921 0.0000000000
endloop
endfacet
facet normal 0 0 1
outer loop
vertex 0.0281666606 -0.0186666588 0.0000000000
vertex 0.0299999939 -0.0204999921 0.0000000000
vertex 0.0299999939 -0.0186666588 0.0000000000
endloop
endfacet
facet normal 0 0 1
outer loop
vertex 0.0281666606 -0.0186666588 0.0000000000
vertex 0.0281666606 -0.0204999921 0.0000000000
vertex 0.0299999939 -0.0204999921 0.0000000000
endloop
endfacet
facet normal 0 0 1
outer loop
vertex 0.0299999939 -0.0186666588 0.0000000000
vertex 0.0318333273 -0.0204999921 0.0000000000
vertex 0.0318333273 -0.0186666588 0.0000000000
endloop
endfacet
facet normal 0 0 1
outer loop
vertex 0.0299999939 -0.0186666588 0.0000000000
vertex 0.0299999939 -0.0204999921 0.0000000000
vertex 0.0318333273 -0.0204999921 0.0000000000
endloop
endfacet
facet normal 0 0 1
outer loop
vertex 0.0318333273 -0.0186666588 0.0000000000
vertex 0.0336666606 -0.0204999921 0.0000000000
vertex 0.0336666606 -0.0186666588 0.0000000000
endloop
endfacet
facet normal 0 0 1
outer loop
vertex 0.0318333273 -0.0186666588 0.0000000000
vertex 0.0318333273 -0.0204999921 0.0000000000
vertex 0.0336666606 -0.0204999921 0.0000000000
endloop
endfacet
facet normal 0 0 1
outer loop
vertex 0.0336666606 -0.0186666588 0.0000000000
vertex 0.0354999939 -0.0204999921 0.0000000000
vertex 0.0354999939 -0.0186666588 0.0000000000
endloop
endfacet
facet normal 0 0 1
outer loop
vertex 0.0336666606 -0.0186666588 0.0000000000
vertex 0.0336666606 -0.0204999921 0.0000000000
vertex 0.0354999939 -0.0204999921 0.0000000000
endloop
endfacet
facet normal 0 0 1
outer loop
vertex 0.0544999951 -0.0094999921 0.0000000000
vertex 0.0563333284 -0.0113333255 0.0000000000
vertex 0.0563333284 -0.0094999921 0.0000000000
endloop
endfacet
facet normal 0 0 1
outer loop
vertex 0.0544999951 -0.0094999921 0.0000000000
vertex 0.0544999951 -0.0113333255 0.0000000000
vertex 0.0563333284 -0.0113333255 0.0000000000
endloop
endfacet
facet normal 0 0 1
outer loop
vertex 0.0563333284 -0.0094999921 0.0000000000
vertex 0.0581666618 -0.0113333255 0.0000000000
vertex 0.0581666618 -0.0094999921 0.0000000000
endloop
endfacet
facet normal 0 0 1
outer loop
vertex 0.0563333284 -0.0094999921 0.0000000000
vertex 0.0563333284 -0.0113333255 0.0000000000
vertex 0.0581666618 -0.0113333255 0.0000000000
endloop
endfacet
facet normal 0 0 1
outer loop
vertex 0.0581666618 -0.0094999921 0.0000000000
vertex 0.0599999951 -0.0113333255 0.0000000000
vertex 0.0599999951 -0.0094999921 0.0000000000
endloop
endfacet
facet normal 0 0 1
outer loop
vertex 0.0581666618 -0.0094999921 0.0000000000
vertex 0.0581666618 -0.0113333255 0.0000000000
vertex 0.0599999951 -0.0113333255 0.0000000000
endloop
endfacet
facet normal 0 0 1
outer loop
vertex 0.0599999951 -0.0094999921 0.0000000000
vertex 0.0618333284 -0.0113333255 0.0000000000
vertex 0.0618333284 -0.0094999921 0.0000000000
endloop
endfacet
facet normal 0 0 1
outer loop
vertex 0.0599999951 -0.0094999921 0.0000000000
vertex 0.0599999951 -0.0113333255 0.0000000000
vertex 0.0618333284 -0.0113333255 0.0000000000
endloop
endfacet
facet normal 0 0 1
outer loop
vertex 0.0618333284 -0.0094999921 0.0000000000
vertex 0.0636666618 -0.0113333255 0.0000000000
vertex 0.0636666618 -0.0094999921 0.0000000000
endloop
endfacet
facet normal 0 0 1
outer loop
vertex 0.0618333284 -0.0094999921 0.0000000000
vertex 0.0618333284 -0.0113333255 0.0000000000
vertex 0.0636666618 -0.0113333255 0.0000000000
endloop
endfacet
facet normal 0 0 1
outer loop
vertex 0.0636666618 -0.0094999921 0.0000000000
vertex 0.0654999951 -0.0113333255 0.0000000000
vertex 0.0654999951 -0.0094999921 0.0000000000
endloop
endfacet
facet normal 0 0 1
outer loop
vertex 0.0636666618 -0.0094999921 0.0000000000
vertex 0.0636666618 -0.0113333255 0.0000000000
vertex 0.0654999951 -0.0113333255 0.0000000000
endloop
endfacet
facet normal 0 0 1
outer loop
vertex 0.0544999951 -0.0113333255 0.0000000000
vertex 0.0563333284 -0.0131666588 0.0000000000
vertex 0.0563333284 -0.0113333255 0.0000000000
endloop
endfacet
facet normal 0 0 1
outer loop
vertex 0.0544999951 -0.0113333255 0.0000000000
vertex 0.0544999951 -0.0131666588 0.0000000000
vertex 0.0563333284 -0.0131666588 0.0000000000
endloop
endfacet
facet normal 0 0 1
outer loop
vertex 0.0563333284 -0.0113333255 0.0000000000
vertex 0.0581666618 -0.0131666588 0.0000000000
vertex 0.0581666618 -0.0113333255 0.0000000000
endloop
endfacet
facet normal 0 0 1
outer loop
vertex 0.0563333284 -0.0113333255 0.0000000000
vertex 0.0563333284 -0.0131666588 0.0000000000
vertex 0.0581666618 -0.0131666588 0.0000000000
endloop
endfacet
facet normal 0 0 1
outer loop
vertex 0.0581666618 -0.0113333255 0.0000000000
vertex 0.0599999951 -0.0131666588 0.0000000000
vertex 0.0599999951 -0.0113333255 0.0000000000
endloop
endfacet
facet normal 0 0 1
outer loop
vertex 0.0581666618 -0.0113333255 0.0000000000
vertex 0.0581666618 -0.0131666588 0.0000000000
vertex 0.0599999951 -0.0131666588 0.0000000000
endloop
endfacet
facet normal 0 0 1
outer loop
vertex 0.0599999951 -0.0113333255 0.0000000000
vertex 0.0618333284 -0.0131666588 0.0000000000
vertex 0.0618333284 -0.0113333255 0.0000000000
endloop
endfacet
facet normal 0 0 1
outer loop
vertex 0.0599999951 -0.0113333255 0.0000000000
vertex 0.0599999951 -0.0131666588 0.0000000000
vertex 0.0618333284 -0.0131666588 0.0000000000
endloop
endfacet
facet normal 0 0 1
outer loop
vertex 0.0618333284 -0.0113333255 0.0000000000
vertex 0.0636666618 -0.0131666588 0.0000000000
vertex 0.0636666618 -0.0113333255 0.0000000000
endloop
endfacet
facet normal 0 0 1
outer loop
vertex 0.0618333284 -0.0113333255 0.0000000000
vertex 0.0618333284 -0.0131666588 0.0000000000
vertex 0.0636666618 -0.0131666588 0.0000000000
endloop
endfacet
facet normal 0 0 1
outer loop
vertex 0.0636666618 -0.0113333255 0.0000000000
vertex 0.0654999951 -0.0131666588 0.0000000000
vertex 0.0654999951 -0.0113333255 0.0000000000
endloop
endfacet
facet normal 0 0 1
outer loop
vertex 0.0636666618 -0.0113333255 0.0000000000
vertex 0.0636666618 -0.0131666588 0.0000000000
vertex 0.0654999951 -0.0131666588 0.0000000000
endloop
endfacet
facet normal 0 0 1
outer loop
vertex 0.0544999951 -0.0131666588 0.0000000000
vertex 0.0563333284 -0.0149999921 0.0000000000
vertex 0.0563333284 -0.0131666588 0.0000000000
endloop
endfacet
facet normal 0 0 1
outer loop
vertex 0.0544999951 -0.0131666588 0.0000000000
vertex 0.0544999951 -0.0149999921 0.0000000000
vertex 0.0563333284 -0.0149999921 0.0000000000
endloop
endfacet
facet normal 0 0 1
outer loop
vertex 0.0563333284 -0.0131666588 0.0000000000
vertex 0.0581666618 -0.0149999921 0.0000000000
vertex 0.0581666618 -0.0131666588 0.0000000000
endloop
endfacet
facet normal 0 0 1
outer loop
vertex 0.0563333284 -0.0131666588 0.0000000000
vertex 0.0563333284 -0.0149999921 0.0000000000
vertex 0.0581666618 -0.0149999921 0.0000000000
endloop
endfacet
facet normal 0 0 1
outer loop
vertex 0.0599999951 -0.0131666588 0.0000000000
vertex 0.0618333284 -0.0149999921 0.0000000000
vertex 0.0618333284 -0.0131666588 0.0000000000
endloop
endfacet
facet normal 0 0 1
outer loop
vertex 0.0599999951 -0.0131666588 0.0000000000
vertex 0.0599999951 -0.0149999921 0.0000000000
vertex 0.0618333284 -0.0149999921 0.0000000000
endloop
endfacet
facet normal 0 0 1
outer loop
vertex 0.0618333284 -0.0131666588 0.0000000000
vertex 0.0636666618 -0.0149999921 0.0000000000
vertex 0.0636666618 -0.0131666588 0.0000000000
endloop
endfacet
facet normal 0 0 1
outer loop
vertex 0.0618333284 -0.0131666588 0.0000000000
vertex 0.0618333284 -0.0149999921 0.0000000000
vertex 0.0636666618 -0.0149999921 0.0000000000
endloop
endfacet
facet normal 0 0 1
outer loop
vertex 0.0636666618 -0.0131666588 0.0000000000
vertex 0.0654999951 -0.0149999921 0.0000000000
vertex 0.0654999951 -0.0131666588 0.0000000000
endloop
endfacet
facet normal 0 0 1
outer loop
vertex 0.0636666618 -0.0131666588 0.0000000000
vertex 0.0636666618 -0.0149999921 0.0000000000
vertex 0.0654999951 -0.0149999921 0.0000000000
endloop
endfacet
facet normal 0 0 1
outer loop
vertex 0.0544999951 -0.0149999921 0.0000000000
vertex 0.0563333284 -0.0168333255 0.0000000000
vertex 0.0563333284 -0.0149999921 0.0000000000
endloop
endfacet
facet normal 0 0 1
outer loop
vertex 0.0544999951 -0.0149999921 0.0000000000
vertex 0.0544999951 -0.0168333255 0.0000000000
vertex 0.0563333284 -0.0168333255 0.0000000000
endloop
endfacet
facet normal 0 0 1
outer loop
vertex 0.0636666618 -0.0149999921 0.0000000000
vertex 0.0654999951 -0.0168333255 0.0000000000
vertex 0.0654999951 -0.0149999921 0.0000000000
endloop
endfacet
facet normal 0 0 1
outer loop
vertex 0.0636666618 -0.0149999921 0.0000000000
vertex 0.0636666618 -0.0168333255 0.0000000000
vertex 0.0654999951 -0.0168333255 0.0000000000
endloop
endfacet
facet normal 0 0 1
outer loop
vertex 0.0544999951 -0.0168333255 0.0000000000
vertex 0.0563333284 -0.0186666588 0.0000000000
vertex 0.0563333284 -0.0168333255 0.0000000000
endloop
endfacet
facet normal 0 0 1
outer loop
vertex 0.0544999951 -0.0168333255 0.0000000000
vertex 0.0544999951 -0.0186666588 0.0000000000
vertex 0.0563333284 -0.0186666588 0.0000000000
endloop
endfacet
facet normal 0 0 1
outer loop
vertex 0.0636666618 -0.0168333255 0.0000000000
vertex 0.0654999951 -0.0186666588 0.0000000000
vertex 0.0654999951 -0.0168333255 0.0000000000
endloop
endfacet
facet normal 0 0 1
outer loop
vertex 0.0636666618 -0.0168333255 0.0000000000
vertex 0.0636666618 -0.0186666588 0.0000000000
vertex 0.0654999951 -0.0186666588 0.0000000000
endloop
endfacet
facet normal 0 0 1
outer loop
vertex 0.0544999951 -0.0186666588 0.0000000000
vertex 0.0563333284 -0.0204999921 0.0000000000
vertex 0.0563333284 -0.0186666588 0.0000000000
endloop
endfacet
facet normal 0 0 1
outer loop
vertex 0.0544999951 -0.0186666588 0.0000000000
vertex 0.0544999951 -0.0204999921 0.0000000000
vertex 0.0563333284 -0.0204999921 0.0000000000
endloop
endfacet
facet normal 0 0 1
outer loop
vertex 0.0563333284 -0.0186666588 0.0000000000
vertex 0.0581666618 -0.0204999921 0.0000000000
vertex 0.0581666618 -0.0186666588 0.0000000000
endloop
endfacet
facet normal 0 0 1
outer loop
vertex 0.0563333284 -0.0186666588 0.0000000000
vertex 0.0563333284 -0.0204999921 0.0000000000
vertex 0.0581666618 -0.0204999921 0.0000000000
endloop
endfacet
facet normal 0 0 1
outer loop
vertex 0.0581666618 -0.0186666588 0.0000000000
vertex 0.0599999951 -0.0204999921 0.0000000000
vertex 0.0599999951 -0.0186666588 0.0000000000
endloop
endfacet
facet normal 0 0 1
outer loop
vertex 0.0581666618 -0.0186666588 0.0000000000
vertex 0.0581666618 -0.0204999921 0.0000000000
vertex 0.0599999951 -0.0204999921 0.0000000000
endloop
endfacet
facet normal 0 0 1
outer loop
vertex 0.0599999951 -0.0186666588 0.0000000000
vertex 0.0618333284 -0.0204999921 0.0000000000
vertex 0.0618333284 -0.0186666588 0.0000000000
endloop
endfacet
facet normal 0 0 1
outer loop
vertex 0.0599999951 -0.0186666588 0.0000000000
vertex 0.0599999951 -0.0204999921 0.0000000000
vertex 0.0618333284 -0.0204999921 0.0000000000
endloop
endfacet
facet normal 0 0 1
outer loop
vertex 0.0618333284 -0.0186666588 0.0000000000
vertex 0.0636666618 -0.0204999921 0.0000000000
vertex 0.0636666618 -0.0186666588 0.0000000000
endloop
endfacet
facet normal 0 0 1
outer loop
vertex 0.0618333284 -0.0186666588 0.0000000000
vertex 0.0618333284 -0.0204999921 0.0000000000
vertex 0.0636666618 -0.0204999921 0.0000000000
endloop
endfacet
facet normal 0 0 1
outer loop
vertex 0.0636666618 -0.0186666588 0.0000000000
vertex 0.0654999951 -0.0204999921 0.0000000000
vertex 0.0654999951 -0.0186666588 0.0000000000
endloop
endfacet
facet normal 0 0 1
outer loop
vertex 0.0636666618 -0.0186666588 0.0000000000
vertex 0.0636666618 -0.0204999921 0.0000000000
vertex 0.0654999951 -0.0204999921 0.0000000000
endloop
endfacet
facet normal 0 0 1
outer loop
vertex 0.0844999963 -0.0094999921 0.0000000000
vertex 0.0863333296 -0.0113333255 0.0000000000
vertex 0.0863333296 -0.0094999921 0.0000000000
endloop
endfacet
facet normal 0 0 1
outer loop
vertex 0.0844999963 -0.0094999921 0.0000000000
vertex 0.0844999963 -0.0113333255 0.0000000000
vertex 0.0863333296 -0.0113333255 0.0000000000
endloop
endfacet
facet normal 0 0 1
outer loop
vertex 0.0863333296 -0.0094999921 0.0000000000
vertex 0.0881666630 -0.0113333255 0.0000000000
vertex 0.0881666630 -0.0094999921 0.0000000000
endloop
endfacet
facet normal 0 0 1
outer loop
vertex 0.0863333296 -0.0094999921 0.0000000000
vertex 0.0863333296 -0.0113333255 0.0000000000
vertex 0.0881666630 -0.0113333255 0.0000000000
endloop
endfacet
facet normal 0 0 1
outer loop
vertex 0.0881666630 -0.0094999921 0.0000000000
vertex 0.0899999963 -0.0113333255 0.0000000000
vertex 0.0899999963 -0.0094999921 0.0000000000
endloop
endfacet
facet normal 0 0 1
outer loop
vertex 0.0881666630 -0.0094999921 0.0000000000
vertex 0.0881666630 -0.0113333255 0.0000000000
vertex 0.0899999963 -0.0113333255 0.0000000000
endloop
endfacet
facet normal 0 0 1
outer loop
vertex 0.0899999963 -0.0094999921 0.0000000000
vertex 0.0918333296 -0.0113333255 0.0000000000
vertex 0.0918333296 -0.0094999921 0.0000000000
endloop
endfacet
facet normal 0 0 1
outer loop
vertex 0.0899999963 -0.0094999921 0.0000000000
vertex 0.0899999963 -0.0113333255 0.0000000000
vertex 0.0918333296 -0.0113333255 0.0000000000
endloop
endfacet
facet normal 0 0 1
outer loop
vertex 0.0918333296 -0.0094999921 0.0000000000
vertex 0.0936666630 -0.0113333255 0.0000000000
vertex 0.0936666630 -0.0094999921 0.0000000000
endloop
endfacet
facet normal 0 0 1
outer loop
vertex 0.0918333296 -0.0094999921 0.0000000000
vertex 0.0918333296 -0.0113333255 0.0000000000
vertex 0.0936666630 -0.0113333255 0.0000000000
endloop
endfacet
facet normal 0 0 1
outer loop
vertex 0.0936666630 -0.0094999921 0.0000000000
vertex 0.0954999963 -0.0113333255 0.0000000000
vertex 0.0954999963 -0.0094999921 0.0000000000
endloop
endfacet
facet normal 0 0 1
outer loop
vertex 0.0936666630 -0.0094999921 0.0000000000
vertex 0.0936666630 -0.0113333255 0.0000000000
vertex 0.0954999963 -0.0113333255 0.0000000000
endloop
endfacet
facet normal 0 0 1
outer loop
vertex 0.0844999963 -0.0113333255 0.0000000000
vertex 0.0863333296 -0.0131666588 0.0000000000
vertex 0.0863333296 -0.0113333255 0.0000000000
endloop
endfacet
facet normal 0 0 1
outer loop
vertex 0.0844999963 -0.0113333255 0.0000000000
vertex 0.0844999963 -0.0131666588 0.0000000000
vertex 0.0863333296 -0.0131666588 0.0000000000
endloop
endfacet
facet normal 0 0 1
outer loop
vertex 0.0863333296 -0.0113333255 0.0000000000
vertex 0.0881666630 -0.0131666588 0.0000000000
vertex 0.0881666630 -0.0113333255 0.0000000000
endloop
endfacet
facet normal 0 0 1
outer loop
vertex 0.0863333296 -0.0113333255 0.0000000000
vertex 0.0863333296 -0.0131666588 0.0000000000
vertex 0.0881666630 -0.0131666588 0.0000000000
endloop
endfacet
facet normal 0 0 1
outer loop
vertex 0.0881666630 -0.0113333255 0.0000000000
vertex 0.0899999963 -0.0131666588 0.0000000000
vertex 0.0899999963 -0.0113333255 0.0000000000
endloop
endfacet
facet normal 0 0 1
outer loop
vertex 0.0881666630 -0.0113333255 0.0000000000
vertex 0.0881666630 -0.0131666588 0.0000000000
vertex 0.0899999963 -0.0131666588 0.0000000000
endloop
endfacet
facet normal 0 0 1
outer loop
vertex 0.0899999963 -0.0113333255 0.0000000000
vertex 0.0918333296 -0.0131666588 0.0000000000
vertex 0.0918333296 -0.0113333255 0.0000000000
endloop
endfacet
facet normal 0 0 1
outer loop
vertex 0.0899999963 -0.0113333255 0.0000000000
vertex 0.0899999963 -0.0131666588 0.0000000000
vertex 0.0918333296 -0.0131666588 0.0000000000
endloop
endfacet
facet normal 0 0 1
outer loop
vertex 0.0918333296 -0.0113333255 0.0000000000
vertex 0.0936666630 -0.0131666588 0.0000000000
vertex 0.0936666630 -0.0113333255 0.0000000000
endloop
endfacet
facet normal 0 0 1
outer loop
vertex 0.0918333296 -0.0113333255 0.0000000000
vertex 0.0918333296 -0.0131666588 0.0000000000
vertex 0.0936666630 -0.0131666588 0.0000000000
endloop
endfacet
facet normal 0 0 1
outer loop
vertex 0.0936666630 -0.0113333255 0.0000000000
vertex 0.0954999963 -0.0131666588 0.0000000000
vertex 0.0954999963 -0.0113333255 0.0000000000
endloop
endfacet
facet normal 0 0 1
outer loop
vertex 0.0936666630 -0.0113333255 0.0000000000
vertex 0.0936666630 -0.0131666588 0.0000000000
vertex 0.0954999963 -0.0131666588 0.0000000000
endloop
endfacet
facet normal 0 0 1
outer loop
vertex 0.0844999963 -0.0131666588 0.0000000000
vertex 0.0863333296 -0.0149999921 0.0000000000
vertex 0.0863333296 -0.0131666588 0.0000000000
endloop
endfacet
facet normal 0 0 1
outer loop
vertex 0.0844999963 -0.0131666588 0.0000000000
vertex 0.0844999963 -0.0149999921 0.0000000000
vertex 0.0863333296 -0.0149999921 0.0000000000
endloop
endfacet
facet normal 0 0 1
outer loop
vertex 0.0899999963 -0.0131666588 0.0000000000
vertex 0.0918333296 -0.0149999921 0.0000000000
vertex 0.0918333296 -0.0131666588 0.0000000000
endloop
endfacet
facet normal 0 0 1
outer loop
vertex 0.0899999963 -0.0131666588 0.0000000000
vertex 0.0899999963 -0.0149999921 0.0000000000
vertex 0.0918333296 -0.0149999921 0.0000000000
endloop
endfacet
facet normal 0 0 1
outer loop
vertex 0.0936666630 -0.0131666588 0.0000000000
vertex 0.0954999963 -0.0149999921 0.0000000000
vertex 0.0954999963 -0.0131666588 0.0000000000
endloop
endfacet
facet normal 0 0 1
outer loop
vertex 0.0936666630 -0.0131666588 0.0000000000
vertex 0.0936666630 -0.0149999921 0.0000000000
vertex 0.0954999963 -0.0149999921 0.0000000000
endloop
endfacet
facet normal 0 0 1
outer loop
vertex 0.0844999963 -0.0149999921 0.0000000000
vertex 0.0863333296 -0.0168333255 0.0000000000
vertex 0.0863333296 -0.0149999921 0.0000000000
endloop
endfacet
facet normal 0 0 1
outer loop
vertex 0.0844999963 -0.0149999921 0.0000000000
vertex 0.0844999963 -0.0168333255 0.0000000000
vertex 0.0863333296 -0.0168333255 0.0000000000
endloop
endfacet
facet normal 0 0 1
outer loop
vertex 0.0936666630 -0.0149999921 0.0000000000
vertex 0.0954999963 -0.0168333255 0.0000000000
vertex 0.0954999963 -0.0149999921 0.0000000000
endloop
endfacet
facet normal 0 0 1
outer loop
vertex 0.0936666630 -0.0149999921 0.0000000000
vertex 0.0936666630 -0.0168333255 0.0000000000
vertex 0.0954999963 -0.0168333255 0.0000000000
endloop
endfacet
facet normal 0 0 1
outer loop
vertex 0.0844999963 -0.0168333255 0.0000000000
vertex 0.0863333296 -0.0186666588 0.0000000000
vertex 0.0863333296 -0.0168333255 0.0000000000
endloop
endfacet
facet normal 0 0 1
outer loop
vertex 0.0844999963 -0.0168333255 0.0000000000
vertex 0.0844999963 -0.0186666588 0.0000000000
vertex 0.0863333296 -0.0186666588 0.0000000000
endloop
endfacet
facet normal 0 0 1
outer loop
vertex 0.0863333296 -0.0168333255 0.0000000000
vertex 0.0881666630 -0.0186666588 0.0000000000
vertex 0.0881666630 -0.0168333255 0.0000000000
endloop
endfacet
facet normal 0 0 1
outer loop
vertex 0.0863333296 -0.0168333255 0.0000000000
vertex 0.0863333296 -0.0186666588 0.0000000000
vertex 0.0881666630 -0.0186666588 0.0000000000
endloop
endfacet
facet normal 0 0 1
outer loop
vertex 0.0918333296 -0.0168333255 0.0000000000
vertex 0.0936666630 -0.0186666588 0.0000000000
vertex 0.0936666630 -0.0168333255 0.0000000000
endloop
endfacet
facet normal 0 0 1
outer loop
vertex 0.0918333296 -0.0168333255 0.0000000000
vertex 0.0918333296 -0.0186666588 0.0000000000
vertex 0.0936666630 -0.0186666588 0.0000000000
endloop
endfacet
facet normal 0 0 1
outer loop
vertex 0.0936666630 -0.0168333255 0.0000000000
vertex 0.0954999963 -0.0186666588 0.0000000000
vertex 0.0954999963 -0.0168333255 0.0000000000
endloop
endfacet
facet normal 0 0 1
outer loop
vertex 0.0936666630 -0.0168333255 0.0000000000
vertex 0.0936666630 -0.0186666588 0.0000000000
vertex 0.0954999963 -0.0186666588 0.0000000000
endloop
endfacet
facet normal 0 0 1
outer loop
vertex 0.0844999963 -0.0186666588 0.0000000000
vertex 0.0863333296 -0.0204999921 0.0000000000
vertex 0.0863333296 -0.0186666588 0.0000000000
endloop
endfacet
facet normal 0 0 1
outer loop
vertex 0.0844999963 -0.0186666588 0.0000000000
vertex 0.0844999963 -0.0204999921 0.0000000000
vertex 0.0863333296 -0.0204999921 0.0000000000
endloop
endfacet
facet normal 0 0 1
outer loop
vertex 0.0863333296 -0.0186666588 0.0000000000
vertex 0.0881666630 -0.0204999921 0.0000000000
vertex 0.0881666630 -0.0186666588 0.0000000000
endloop
endfacet
facet normal 0 0 1
outer loop
vertex 0.0863333296 -0.0186666588 0.0000000000
vertex 0.0863333296 -0.0204999921 0.0000000000
vertex 0.0881666630 -0.0204999921 0.0000000000
endloop
endfacet
facet normal 0 0 1
outer loop
vertex 0.0881666630 -0.0186666588 0.0000000000
vertex 0.0899999963 -0.0204999921 0.0000000000
vertex 0.0899999963 -0.0186666588 0.0000000000
endloop
endfacet
facet normal 0 0 1
outer loop
vertex 0.0881666630 -0.0186666588 0.0000000000
vertex 0.0881666630 -0.0204999921 0.0000000000
vertex 0.0899999963 -0.0204999921 0.0000000000
endloop
endfacet
facet normal 0 0 1
outer loop
vertex 0.0899999963 -0.0186666588 0.0000000000
vertex 0.0918333296 -0.0204999921 0.0000000000
vertex 0.0918333296 -0.0186666588 0.0000000000
endloop
endfacet
facet normal 0 0 1
outer loop
vertex 0.0899999963 -0.0186666588 0.0000000000
vertex 0.0899999963 -0.0204999921 0.0000000000
vertex 0.0918333296 -0.0204999921 0.0000000000
endloop
endfacet
facet normal 0 0 1
outer loop
vertex 0.0918333296 -0.0186666588 0.0000000000
vertex 0.0936666630 -0.0204999921 0.0000000000
vertex 0.0936666630 -0.0186666588 0.0000000000
endloop
endfacet
facet normal 0 0 1
outer loop
vertex 0.0918333296 -0.0186666588 0.0000000000
vertex 0.0918333296 -0.0204999921 0.0000000000
vertex 0.0936666630 -0.0204999921 0.0000000000
endloop
endfacet
facet normal 0 0 1
outer loop
vertex 0.0936666630 -0.0186666588 0.0000000000
vertex 0.0954999963 -0.0204999921 0.0000000000
vertex 0.0954999963 -0.0186666588 0.0000000000
endloop
endfacet
facet normal 0 0 1
outer loop
vertex 0.0936666630 -0.0186666588 0.0000000000
vertex 0.0936666630 -0.0204999921 0.0000000000
vertex 0.0954999963 -0.0204999921 0.0000000000
endloop
endfacet
facet normal 0 0 1
outer loop
vertex -0.0805000009 -0.0244999927 0.0000000000
vertex -0.0786666676 -0.0263333261 0.0000000000
vertex -0.0786666676 -0.0244999927 0.0000000000
endloop
endfacet
facet normal 0 0 1
outer loop
vertex -0.0805000009 -0.0244999927 0.0000000000
vertex -0.0805000009 -0.0263333261 0.0000000000
vertex -0.0786666676 -0.0263333261 0.0000000000
endloop
endfacet
facet normal 0 0 1
outer loop
vertex -0.0786666676 -0.0244999927 0.0000000000
vertex -0.0768333343 -0.0263333261 0.0000000000
vertex -0.0768333343 -0.0244999927 0.0000000000
endloop
endfacet
facet normal 0 0 1
outer loop
vertex -0.0786666676 -0.0244999927 0.0000000000
vertex -0.0786666676 -0.0263333261 0.0000000000
vertex -0.0768333343 -0.0263333261 0.0000000000
endloop
endfacet
facet normal 0 0 1
outer loop
vertex -0.0768333343 -0.0244999927 0.0000000000
vertex -0.0750000009 -0.0263333261 0.0000000000
vertex -0.0750000009 -0.0244999927 0.0000000000
endloop
endfacet
facet normal 0 0 1
outer loop
vertex -0.0768333343 -0.0244999927 0.0000000000
vertex -0.0768333343 -0.0263333261 0.0000000000
vertex -0.0750000009 -0.0263333261 0.0000000000
endloop
endfacet
facet normal 0 0 1
outer loop
vertex -0.0750000009 -0.0244999927 0.0000000000
vertex -0.0731666676 -0.0263333261 0.0000000000
vertex -0.0731666676 -0.0244999927 0.0000000000
endloop
endfacet
facet normal 0 0 1
outer loop
vertex -0.0750000009 -0.0244999927 0.0000000000
vertex -0.0750000009 -0.0263333261 0.0000000000
vertex -0.0731666676 -0.0263333261 0.0000000000
endloop
endfacet
facet normal 0 0 1
outer loop
vertex -0.0731666676 -0.0244999927 0.0000000000
vertex -0.0713333343 -0.0263333261 0.0000000000
vertex -0.0713333343 -0.0244999927 0.0000000000
endloop
endfacet
facet normal 0 0 1
outer loop
vertex -0.0731666676 -0.0244999927 0.0000000000
vertex -0.0731666676 -0.0263333261 0.0000000000
vertex -0.0713333343 -0.0263333261 0.0000000000
endloop
endfacet
facet normal 0 0 1
outer loop
vertex -0.0713333343 -0.0244999927 0.0000000000
vertex -0.0695000009 -0.0263333261 0.0000000000
vertex -0.0695000009 -0.0244999927 0.0000000000
endloop
endfacet
facet normal 0 0 1
outer loop
vertex -0.0713333343 -0.0244999927 0.0000000000
vertex -0.0713333343 -0.0263333261 0.0000000000
vertex -0.0695000009 -0.0263333261 0.0000000000
endloop
endfacet
facet normal 0 0 1
outer loop
vertex -0.0805000009 -0.0263333261 0.0000000000
vertex -0.0786666676 -0.0281666594 0.0000000000
vertex -0.0786666676 -0.0263333261 0.0000000000
endloop
endfacet
facet normal 0 0 1
outer loop
vertex -0.0805000009 -0.0263333261 0.0000000000
vertex -0.0805000009 -0.0281666594 0.0000000000
vertex -0.0786666676 -0.0281666594 0.0000000000
endloop
endfacet
facet normal 0 0 1
outer loop
vertex -0.0786666676 -0.0263333261 0.0000000000
vertex -0.0768333343 -0.0281666594 0.0000000000
vertex -0.0768333343 -0.0263333261 0.0000000000
endloop
endfacet
facet normal 0 0 1
outer loop
vertex -0.0786666676 -0.0263333261 0.0000000000
vertex -0.0786666676 -0.0281666594 0.0000000000
vertex -0.0768333343 -0.0281666594 0.0000000000
endloop
endfacet
facet normal 0 0 1
outer loop
vertex -0.0768333343 -0.0263333261 0.0000000000
vertex -0.0750000009 -0.0281666594 0.0000000000
vertex -0.0750000009 -0.0263333261 0.0000000000
endloop
endfacet
facet normal 0 0 1
outer loop
vertex -0.0768333343 -0.0263333261 0.0000000000
vertex -0.0768333343 -0.0281666594 0.0000000000
vertex -0.0750000009 -0.0281666594 0.0000000000
endloop
endfacet
facet normal 0 0 1
outer loop
vertex -0.0750000009 -0.0263333261 0.0000000000
vertex -0.0731666676 -0.0281666594 0.0000000000
vertex -0.0731666676 -0.0263333261 0.0000000000
endloop
endfacet
facet normal 0 0 1
outer loop
vertex -0.0750000009 -0.0263333261 0.0000000000
vertex -0.0750000009 -0.0281666594 0.0000000000
vertex -0.0731666676 -0.0281666594 0.0000000000
endloop
endfacet
facet normal 0 0 1
outer loop
vertex -0.0713333343 -0.0263333261 0.0000000000
vertex -0.0695000009 -0.0281666594 0.0000000000
vertex -0.0695000009 -0.0263333261 0.0000000000
endloop
endfacet
facet normal 0 0 1
outer loop
vertex -0.0713333343 -0.0263333261 0.0000000000
vertex -0.0713333343 -0.0281666594 0.0000000000
vertex -0.0695000009 -0.0281666594 0.0000000000
endloop
endfacet
facet normal 0 0 1
outer loop
vertex -0.0805000009 -0.0281666594 0.0000000000
vertex -0.0786666676 -0.0299999927 0.0000000000
vertex -0.0786666676 -0.0281666594 0.0000000000
endloop
endfacet
facet normal 0 0 1
outer loop
vertex -0.0805000009 -0.0281666594 0.0000000000
vertex -0.0805000009 -0.0299999927 0.0000000000
vertex -0.0786666676 -0.0299999927 0.0000000000
endloop
endfacet
facet normal 0 0 1
outer loop
vertex -0.0750000009 -0.0281666594 0.0000000000
vertex -0.0731666676 -0.0299999927 0.0000000000
vertex -0.0731666676 -0.0281666594 0.0000000000
endloop
endfacet
facet normal 0 0 1
outer loop
vertex -0.0750000009 -0.0281666594 0.0000000000
vertex -0.0750000009 -0.0299999927 0.0000000000
vertex -0.0731666676 -0.0299999927 0.0000000000
endloop
endfacet
facet normal 0 0 1
outer loop
vertex -0.0731666676 -0.0281666594 0.0000000000
vertex -0.0713333343 -0.0299999927 0.0000000000
vertex -0.0713333343 -0.0281666594 0.0000000000
endloop
endfacet
facet normal 0 0 1
outer loop
vertex -0.0731666676 -0.0281666594 0.0000000000
vertex -0.0731666676 -0.0299999927 0.0000000000
vertex -0.0713333343 -0.0299999927 0.0000000000
endloop
endfacet
facet normal 0 0 1
outer loop
vertex -0.0713333343 -0.0281666594 0.0000000000
vertex -0.0695000009 -0.0299999927 0.0000000000
vertex -0.0695000009 -0.0281666594 0.0000000000
endloop
endfacet
facet normal 0 0 1
outer loop
vertex -0.0713333343 -0.0281666594 0.0000000000
vertex -0.0713333343 -0.0299999927 0.0000000000
vertex -0.0695000009 -0.0299999927 0.0000000000
endloop
endfacet
facet normal 0 0 1
outer loop
vertex -0.0805000009 -0.0299999927 0.0000000000
vertex -0.0786666676 -0.0318333261 0.0000000000
vertex -0.0786666676 -0.0299999927 0.0000000000
endloop
endfacet
facet normal 0 0 1
outer loop
vertex -0.0805000009 -0.0299999927 0.0000000000
vertex -0.0805000009 -0.0318333261 0.0000000000
vertex -0.0786666676 -0.0318333261 0.0000000000
endloop
endfacet
facet normal 0 0 1
outer loop
vertex -0.0786666676 -0.0299999927 0.0000000000
vertex -0.0768333343 -0.0318333261 0.0000000000
vertex -0.0768333343 -0.0299999927 0.0000000000
endloop
endfacet
facet normal 0 0 1
outer loop
vertex -0.0786666676 -0.0299999927 0.0000000000
vertex -0.0786666676 -0.0318333261 0.0000000000
vertex -0.0768333343 -0.0318333261 0.0000000000
endloop
endfacet
facet normal 0 0 1
outer loop
vertex -0.0750000009 -0.0299999927 0.0000000000
vertex -0.0731666676 -0.0318333261 0.0000000000
vertex -0.0731666676 -0.0299999927 0.0000000000
endloop
endfacet
facet normal 0 0 1
outer loop
vertex -0.0750000009 -0.0299999927 0.0000000000
vertex -0.0750000009 -0.0318333261 0.0000000000
vertex -0.0731666676 -0.0318333261 0.0000000000
endloop
endfacet
facet normal 0 0 1
outer loop
vertex -0.0713333343 -0.0299999927 0.0000000000
vertex -0.0695000009 -0.0318333261 0.0000000000
vertex -0.0695000009 -0.0299999927 0.0000000000
endloop
endfacet
facet normal 0 0 1
outer loop
vertex -0.0713333343 -0.0299999927 0.0000000000
vertex -0.0713333343 -0.0318333261 0.0000000000
vertex -0.0695000009 -0.0318333261 0.0000000000
endloop
endfacet
facet normal 0 0 1
outer loop
vertex -0.0805000009 -0.0318333261 0.0000000000
vertex -0.0786666676 -0.0336666594 0.0000000000
vertex -0.0786666676 -0.0318333261 0.0000000000
endloop
endfacet
facet normal 0 0 1
outer loop
vertex -0.0805000009 -0.0318333261 0.0000000000
vertex -0.0805000009 -0.0336666594 0.0000000000
vertex -0.0786666676 -0.0336666594 0.0000000000
endloop
endfacet
facet normal 0 0 1
outer loop
vertex -0.0768333343 -0.0318333261 0.0000000000
vertex -0.0750000009 -0.0336666594 0.0000000000
vertex -0.0750000009 -0.0318333261 0.0000000000
endloop
endfacet
facet normal 0 0 1
outer loop
vertex -0.0768333343 -0.0318333261 0.0000000000
vertex -0.0768333343 -0.0336666594 0.0000000000
vertex -0.0750000009 -0.0336666594 0.0000000000
endloop
endfacet
facet normal 0 0 1
outer loop
vertex -0.0731666676 -0.0318333261 0.0000000000
vertex -0.0713333343 -0.0336666594 0.0000000000
vertex -0.0713333343 -0.0318333261 0.0000000000
endloop
endfacet
facet normal 0 0 1
outer loop
vertex -0.0731666676 -0.0318333261 0.0000000000
vertex -0.0731666676 -0.0336666594 0.0000000000
vertex -0.0713333343 -0.0336666594 0.0000000000
endloop
endfacet
facet normal 0 0 1
outer loop
vertex -0.0713333343 -0.0318333261 0.0000000000
vertex -0.0695000009 -0.0336666594 0.0000000000
vertex -0.0695000009 -0.0318333261 0.0000000000
endloop
endfacet
facet normal 0 0 1
outer loop
vertex -0.0713333343 -0.0318333261 0.0000000000
vertex -0.0713333343 -0.0336666594 0.0000000000
vertex -0.0695000009 -0.0336666594 0.0000000000
endloop
endfacet
facet normal 0 0 1
outer loop
vertex -0.0805000009 -0.0336666594 0.0000000000
vertex -0.0786666676 -0.0354999927 0.0000000000
vertex -0.0786666676 -0.0336666594 0.0000000000
endloop
endfacet
facet normal 0 0 1
outer loop
vertex -0.0805000009 -0.0336666594 0.0000000000
vertex -0.0805000009 -0.0354999927 0.0000000000
vertex -0.0786666676 -0.0354999927 0.0000000000
endloop
endfacet
facet normal 0 0 1
outer loop
vertex -0.0786666676 -0.0336666594 0.0000000000
vertex -0.0768333343 -0.0354999927 0.0000000000
vertex -0.0768333343 -0.0336666594 0.0000000000
endloop
endfacet
facet normal 0 0 1
outer loop
vertex -0.0786666676 -0.0336666594 0.0000000000
vertex -0.0786666676 -0.0354999927 0.0000000000
vertex -0.0768333343 -0.0354999927 0.0000000000
endloop
endfacet
facet normal 0 0 1
outer loop
vertex -0.0768333343 -0.0336666594 0.0000000000
vertex -0.0750000009 -0.0354999927 0.0000000000
vertex -0.0750000009 -0.0336666594 0.0000000000
endloop
endfacet
facet normal 0 0 1
outer loop
vertex -0.0768333343 -0.0336666594 0.0000000000
vertex -0.0768333343 -0.0354999927 0.0000000000
vertex -0.0750000009 -0.0354999927 0.0000000000
endloop
endfacet
facet normal 0 0 1
outer loop
vertex -0.0750000009 -0.0336666594 0.0000000000
vertex -0.0731666676 -0.0354999927 0.0000000000
vertex -0.0731666676 -0.0336666594 0.0000000000
endloop
endfacet
facet normal 0 0 1
outer loop
vertex -0.0750000009 -0.0336666594 0.0000000000
vertex -0.0750000009 -0.0354999927 0.0000000000
vertex -0.0731666676 -0.0354999927 0.0000000000
endloop
endfacet
facet normal 0 0 1
outer loop
vertex -0.0731666676 -0.0336666594 0.0000000000
vertex -0.0713333343 -0.0354999927 0.0000000000
vertex -0.0713333343 -0.0336666594 0.0000000000
endloop
endfacet
facet normal 0 0 1
outer loop
vertex -0.0731666676 -0.0336666594 0.0000000000
vertex -0.0731666676 -0.0354999927 0.0000000000
vertex -0.0713333343 -0.0354999927 0.0000000000
endloop
endfacet
facet normal 0 0 1
outer loop
vertex -0.0713333343 -0.0336666594 0.0000000000
vertex -0.0695000009 -0.0354999927 0.0000000000
vertex -0.0695000009 -0.0336666594 0.0000000000
endloop
endfacet
facet normal 0 0 1
outer loop
vertex -0.0713333343 -0.0336666594 0.0000000000
vertex -0.0713333343 -0.0354999927 0.0000000000
vertex -0.0695000009 -0.0354999927 0.0000000000
endloop
endfacet
facet normal 0 0 1
outer loop
vertex -0.0505000016 -0.0244999927 0.0000000000
vertex -0.0486666683 -0.0263333261 0.0000000000
vertex -0.0486666683 -0.0244999927 0.0000000000
endloop
endfacet
facet normal 0 0 1
outer loop
vertex -0.0505000016 -0.0244999927 0.0000000000
vertex -0.0505000016 -0.0263333261 0.0000000000
vertex -0.0486666683 -0.0263333261 0.0000000000
endloop
endfacet
facet normal 0 0 1
outer loop
vertex -0.0486666683 -0.0244999927 0.0000000000
vertex -0.0468333349 -0.0263333261 0.0000000000
vertex -0.0468333349 -0.0244999927 0.0000000000
endloop
endfacet
facet normal 0 0 1
outer loop
vertex -0.0486666683 -0.0244999927 0.0000000000
vertex -0.0486666683 -0.0263333261 0.0000000000
vertex -0.0468333349 -0.0263333261 0.0000000000
endloop
endfacet
facet normal 0 0 1
outer loop
vertex -0.0468333349 -0.0244999927 0.0000000000
vertex -0.0450000016 -0.0263333261 0.0000000000
vertex -0.0450000016 -0.0244999927 0.0000000000
endloop
endfacet
facet normal 0 0 1
outer loop
vertex -0.0468333349 -0.0244999927 0.0000000000
vertex -0.0468333349 -0.0263333261 0.0000000000
vertex -0.0450000016 -0.0263333261 0.0000000000
endloop
endfacet
facet normal 0 0 1
outer loop
vertex -0.0450000016 -0.0244999927 0.0000000000
vertex -0.0431666683 -0.0263333261 0.0000000000
vertex -0.0431666683 -0.0244999927 0.0000000000
endloop
endfacet
facet normal 0 0 1
outer loop
vertex -0.0450000016 -0.0244999927 0.0000000000
vertex -0.0450000016 -0.0263333261 0.0000000000
vertex -0.0431666683 -0.0263333261 0.0000000000
endloop
endfacet
facet normal 0 0 1
outer loop
vertex -0.0431666683 -0.0244999927 0.0000000000
vertex -0.0413333349 -0.0263333261 0.0000000000
vertex -0.0413333349 -0.0244999927 0.0000000000
endloop
endfacet
facet normal 0 0 1
outer loop
vertex -0.0431666683 -0.0244999927 0.0000000000
vertex -0.0431666683 -0.0263333261 0.0000000000
vertex -0.0413333349 -0.0263333261 0.0000000000
endloop
endfacet
facet normal 0 0 1
outer loop
vertex -0.0413333349 -0.0244999927 0.0000000000
vertex -0.0395000016 -0.0263333261 0.0000000000
vertex -0.0395000016 -0.0244999927 0.0000000000
endloop
endfacet
facet normal 0 0 1
outer loop
vertex -0.0413333349 -0.0244999927 0.0000000000
vertex -0.0413333349 -0.0263333261 0.0000000000
vertex -0.0395000016 -0.0263333261 0.0000000000
endloop
endfacet
facet normal 0 0 1
outer loop
vertex -0.0505000016 -0.0263333261 0.0000000000
vertex -0.0486666683 -0.0281666594 0.0000000000
vertex -0.0486666683 -0.0263333261 0.0000000000
endloop
endfacet
facet normal 0 0 1
outer loop
vertex -0.0505000016 -0.0263333261 0.0000000000
vertex -0.0505000016 -0.0281666594 0.0000000000
vertex -0.0486666683 -0.0281666594 0.0000000000
endloop
endfacet
facet normal 0 0 1
outer loop
vertex -0.0486666683 -0.0263333261 0.0000000000
vertex -0.0468333349 -0.0281666594 0.0000000000
vertex -0.0468333349 -0.0263333261 0.0000000000
endloop
endfacet
facet normal 0 0 1
outer loop
vertex -0.0486666683 -0.0263333261 0.0000000000
vertex -0.0486666683 -0.0281666594 0.0000000000
vertex -0.0468333349 -0.0281666594 0.0000000000
endloop
endfacet
facet normal 0 0 1
outer loop
vertex -0.0468333349 -0.0263333261 0.0000000000
vertex -0.0450000016 -0.0281666594 0.0000000000
vertex -0.0450000016 -0.0263333261 0.0000000000
endloop
endfacet
facet normal 0 0 1
outer loop
vertex -0.0468333349 -0.0263333261 0.0000000000
vertex -0.0468333349 -0.0281666594 0.0000000000
vertex -0.0450000016 -0.0281666594 0.0000000000
endloop
endfacet
facet normal 0 0 1
outer loop
vertex -0.0450000016 -0.0263333261 0.0000000000
vertex -0.0431666683 -0.0281666594 0.0000000000
vertex -0.0431666683 -0.0263333261 0.0000000000
endloop
endfacet
facet normal 0 0 1
outer loop
vertex -0.0450000016 -0.0263333261 0.0000000000
vertex -0.0450000016 -0.0281666594 0.0000000000
vertex -0.0431666683 -0.0281666594 0.0000000000
endloop
endfacet
facet normal 0 0 1
outer loop
vertex -0.0413333349 -0.0263333261 0.0000000000
vertex -0.0395000016 -0.0281666594 0.0000000000
vertex -0.0395000016 -0.0263333261 0.0000000000
endloop
endfacet
facet normal 0 0 1
outer loop
vertex -0.0413333349 -0.0263333261 0.0000000000
vertex -0.0413333349 -0.0281666594 0.0000000000
vertex -0.0395000016 -0.0281666594 0.0000000000
endloop
endfacet
facet normal 0 0 1
outer loop
vertex -0.0505000016 -0.0281666594 0.0000000000
vertex -0.0486666683 -0.0299999927 0.0000000000
vertex -0.0486666683 -0.0281666594 0.0000000000
endloop
endfacet
facet normal 0 0 1
outer loop
vertex -0.0505000016 -0.0281666594 0.0000000000
vertex -0.0505000016 -0.0299999927 0.0000000000
vertex -0.0486666683 -0.0299999927 0.0000000000
endloop
endfacet
facet normal 0 0 1
outer loop
vertex -0.0486666683 -0.0281666594 0.0000000000
vertex -0.0468333349 -0.0299999927 0.0000000000
vertex -0.0468333349 -0.0281666594 0.0000000000
endloop
endfacet
facet normal 0 0 1
outer loop
vertex -0.0486666683 -0.0281666594 0.0000000000
vertex -0.0486666683 -0.0299999927 0.0000000000
vertex -0.0468333349 -0.0299999927 0.0000000000
endloop
endfacet
facet normal 0 0 1
outer loop
vertex -0.0413333349 -0.0281666594 0.0000000000
vertex -0.0395000016 -0.0299999927 0.0000000000
vertex -0.0395000016 -0.0281666594 0.0000000000
endloop
endfacet
facet normal 0 0 1
outer loop
vertex -0.0413333349 -0.0281666594 0.0000000000
vertex -0.0413333349 -0.0299999927 0.0000000000
vertex -0.0395000016 -0.0299999927 0.0000000000
endloop
endfacet
facet normal 0 0 1
outer loop
vertex -0.0505000016 -0.0299999927 0.0000000000
vertex -0.0486666683 -0.0318333261 0.0000000000
vertex -0.0486666683 -0.0299999927 0.0000000000
endloop
endfacet
facet normal 0 0 1
outer loop
vertex -0.0505000016 -0.0299999927 0.0000000000
vertex -0.0505000016 -0.0318333261 0.0000000000
vertex -0.0486666683 -0.0318333261 0.0000000000
endloop
endfacet
facet normal 0 0 1
outer loop
vertex -0.0486666683 -0.0299999927 0.0000000000
vertex -0.0468333349 -0.0318333261 0.0000000000
vertex -0.0468333349 -0.0299999927 0.0000000000
endloop
endfacet
facet normal 0 0 1
outer loop
vertex -0.0486666683 -0.0299999927 0.0000000000
vertex -0.0486666683 -0.0318333261 0.0000000000
vertex -0.0468333349 -0.0318333261 0.0000000000
endloop
endfacet
facet normal 0 0 1
outer loop
vertex -0.0468333349 -0.0299999927 0.0000000000
vertex -0.0450000016 -0.0318333261 0.0000000000
vertex -0.0450000016 -0.0299999927 0.0000000000
endloop
endfacet
facet normal 0 0 1
outer loop
vertex -0.0468333349 -0.0299999927 0.0000000000
vertex -0.0468333349 -0.0318333261 0.0000000000
vertex -0.0450000016 -0.0318333261 0.0000000000
endloop
endfacet
facet normal 0 0 1
outer loop
vertex -0.0450000016 -0.0299999927 0.0000000000
vertex -0.0431666683 -0.0318333261 0.0000000000
vertex -0.0431666683 -0.0299999927 0.0000000000
endloop
endfacet
facet normal 0 0 1
outer loop
vertex -0.0450000016 -0.0299999927 0.0000000000
vertex -0.0450000016 -0.0318333261 0.0000000000
vertex -0.0431666683 -0.0318333261 0.0000000000
endloop
endfacet
facet normal 0 0 1
outer loop
vertex -0.0413333349 -0.0299999927 0.0000000000
vertex -0.0395000016 -0.0318333261 0.0000000000
vertex -0.0395000016 -0.0299999927 0.0000000000
endloop
endfacet
facet normal 0 0 1
outer loop
vertex -0.0413333349 -0.0299999927 0.0000000000
vertex -0.0413333349 -0.0318333261 0.0000000000
vertex -0.0395000016 -0.0318333261 0.0000000000
endloop
endfacet
facet normal 0 0 1
outer loop
vertex -0.0505000016 -0.0318333261 0.0000000000
vertex -0.0486666683 -0.0336666594 0.0000000000
vertex -0.0486666683 -0.0318333261 0.0000000000
endloop
endfacet
facet normal 0 0 1
outer loop
vertex -0.0505000016 -0.0318333261 0.0000000000
vertex -0.0505000016 -0.0336666594 0.0000000000
vertex -0.0486666683 -0.0336666594 0.0000000000
endloop
endfacet
facet normal 0 0 1
outer loop
vertex -0.0468333349 -0.0318333261 0.0000000000
vertex -0.0450000016 -0.0336666594 0.0000000000
vertex -0.0450000016 -0.0318333261 0.0000000000
endloop
endfacet
facet normal 0 0 1
outer loop
vertex -0.0468333349 -0.0318333261 0.0000000000
vertex -0.0468333349 -0.0336666594 0.0000000000
vertex -0.0450000016 -0.0336666594 0.0000000000
endloop
endfacet
facet normal 0 0 1
outer loop
vertex -0.0450000016 -0.0318333261 0.0000000000
vertex -0.0431666683 -0.0336666594 0.0000000000
vertex -0.0431666683 -0.0318333261 0.0000000000
endloop
endfacet
facet normal 0 0 1
outer loop
vertex -0.0450000016 -0.0318333261 0.0000000000
vertex -0.0450000016 -0.0336666594 0.0000000000
vertex -0.0431666683 -0.0336666594 0.0000000000
endloop
endfacet
facet normal 0 0 1
outer loop
vertex -0.0431666683 -0.0318333261 0.0000000000
vertex -0.0413333349 -0.0336666594 0.0000000000
vertex -0.0413333349 -0.0318333261 0.0000000000
endloop
endfacet
facet normal 0 0 1
outer loop
vertex -0.0431666683 -0.0318333261 0.0000000000
vertex -0.0431666683 -0.0336666594 0.0000000000
vertex -0.0413333349 -0.0336666594 0.0000000000
endloop
endfacet
facet normal 0 0 1
outer loop
vertex -0.0413333349 -0.0318333261 0.0000000000
vertex -0.0395000016 -0.0336666594 0.0000000000
vertex -0.0395000016 -0.0318333261 0.0000000000
endloop
endfacet
facet normal 0 0 1
outer loop
vertex -0.0413333349 -0.0318333261 0.0000000000
vertex -0.0413333349 -0.0336666594 0.0000000000
vertex -0.0395000016 -0.0336666594 0.0000000000
endloop
endfacet
facet normal 0 0 1
outer loop
vertex -0.0505000016 -0.0336666594 0.0000000000
vertex -0.0486666683 -0.0354999927 0.0000000000
vertex -0.0486666683 -0.0336666594 0.0000000000
endloop
endfacet
facet normal 0 0 1
outer loop
vertex -0.0505000016 -0.0336666594 0.0000000000
vertex -0.0505000016 -0.0354999927 0.0000000000
vertex -0.0486666683 -0.0354999927 0.0000000000
endloop
endfacet
facet normal 0 0 1
outer loop
vertex -0.0486666683 -0.0336666594 0.0000000000
vertex -0.0468333349 -0.0354999927 0.0000000000
vertex -0.0468333349 -0.0336666594 0.0000000000
endloop
endfacet
facet normal 0 0 1
outer loop
vertex -0.0486666683 -0.0336666594 0.0000000000
vertex -0.0486666683 -0.0354999927 0.0000000000
vertex -0.0468333349 -0.0354999927 0.0000000000
endloop
endfacet
facet normal 0 0 1
outer loop
vertex -0.0468333349 -0.0336666594 0.0000000000
vertex -0.0450000016 -0.0354999927 0.0000000000
vertex -0.0450000016 -0.0336666594 0.0000000000
endloop
endfacet
facet normal 0 0 1
outer loop
vertex -0.0468333349 -0.0336666594 0.0000000000
vertex -0.0468333349 -0.0354999927 0.0000000000
vertex -0.0450000016 -0.0354999927 0.0000000000
endloop
endfacet
facet normal 0 0 1
outer loop
vertex -0.0450000016 -0.0336666594 0.0000000000
vertex -0.0431666683 -0.0354999927 0.0000000000
vertex -0.0431666683 -0.0336666594 0.0000000000
endloop
endfacet
facet normal 0 0 1
outer loop
vertex -0.0450000016 -0.0336666594 0.0000000000
vertex -0.0450000016 -0.0354999927 0.0000000000
vertex -0.0431666683 -0.0354999927 0.0000000000
endloop
endfacet
facet normal 0 0 1
outer loop
vertex -0.0431666683 -0.0336666594 0.0000000000
vertex -0.0413333349 -0.0354999927 0.0000000000
vertex -0.0413333349 -0.0336666594 0.0000000000
endloop
endfacet
facet normal 0 0 1
outer loop
vertex -0.0431666683 -0.0336666594 0.0000000000
vertex -0.0431666683 -0.0354999927 0.0000000000
vertex -0.0413333349 -0.0354999927 0.0000000000
endloop
endfacet
facet normal 0 0 1
outer loop
vertex -0.0413333349 -0.0336666594 0.0000000000
vertex -0.0395000016 -0.0354999927 0.0000000000
vertex -0.0395000016 -0.0336666594 0.0000000000
endloop
endfacet
facet normal 0 0 1
outer loop
vertex -0.0413333349 -0.0336666594 0.0000000000
vertex -0.0413333349 -0.0354999927 0.0000000000
vertex -0.0395000016 -0.0354999927 0.0000000000
endloop
endfacet
facet normal 0 0 1
outer loop
vertex -0.0205000079 -0.0244999927 0.0000000000
vertex -0.0186666745 -0.0263333261 0.0000000000
vertex -0.0186666745 -0.0244999927 0.0000000000
endloop
endfacet
facet normal 0 0 1
outer loop
vertex -0.0205000079 -0.0244999927 0.0000000000
vertex -0.0205000079 -0.0263333261 0.0000000000
vertex -0.0186666745 -0.0263333261 0.0000000000
endloop
endfacet
facet normal 0 0 1
outer loop
vertex -0.0186666745 -0.0244999927 0.0000000000
vertex -0.0168333412 -0.0263333261 0.0000000000
vertex -0.0168333412 -0.0244999927 0.0000000000
endloop
endfacet
facet normal 0 0 1
outer loop
vertex -0.0186666745 -0.0244999927 0.0000000000
vertex -0.0186666745 -0.0263333261 0.0000000000
vertex -0.0168333412 -0.0263333261 0.0000000000
endloop
endfacet
facet normal 0 0 1
outer loop
vertex -0.0168333412 -0.0244999927 0.0000000000
vertex -0.0150000079 -0.0263333261 0.0000000000
vertex -0.0150000079 -0.0244999927 0.0000000000
endloop
endfacet
facet normal 0 0 1
outer loop
vertex -0.0168333412 -0.0244999927 0.0000000000
vertex -0.0168333412 -0.0263333261 0.0000000000
vertex -0.0150000079 -0.0263333261 0.0000000000
endloop
endfacet
facet normal 0 0 1
outer loop
vertex -0.0150000079 -0.0244999927 0.0000000000
vertex -0.0131666745 -0.0263333261 0.0000000000
vertex -0.0131666745 -0.0244999927 0.0000000000
endloop
endfacet
facet normal 0 0 1
outer loop
vertex -0.0150000079 -0.0244999927 0.0000000000
vertex -0.0150000079 -0.0263333261 0.0000000000
vertex -0.0131666745 -0.0263333261 0.0000000000
endloop
endfacet
facet normal 0 0 1
outer loop
vertex -0.0131666745 -0.0244999927 0.0000000000
vertex -0.0113333412 -0.0263333261 0.0000000000
vertex -0.0113333412 -0.0244999927 0.0000000000
endloop
endfacet
facet normal 0 0 1
outer loop
vertex -0.0131666745 -0.0244999927 0.0000000000
vertex -0.0131666745 -0.0263333261 0.0000000000
vertex -0.0113333412 -0.0263333261 0.0000000000
endloop
endfacet
facet normal 0 0 1
outer loop
vertex -0.0113333412 -0.0244999927 0.0000000000
vertex -0.0095000079 -0.0263333261 0.0000000000
vertex -0.0095000079 -0.0244999927 0.0000000000
endloop
endfacet
facet normal 0 0 1
outer loop
vertex -0.0113333412 -0.0244999927 0.0000000000
vertex -0.0113333412 -0.0263333261 0.0000000000
vertex -0.0095000079 -0.0263333261 0.0000000000
endloop
endfacet
facet normal 0 0 1
outer loop
vertex -0.0205000079 -0.0263333261 0.0000000000
vertex -0.0186666745 -0.0281666594 0.0000000000
vertex -0.0186666745 -0.0263333261 0.0000000000
endloop
endfacet
facet normal 0 0 1
outer loop
vertex -0.0205000079 -0.0263333261 0.0000000000
vertex -0.0205000079 -0.0281666594 0.0000000000
vertex -0.0186666745 -0.0281666594 0.0000000000
endloop
endfacet
facet normal 0 0 1
outer loop
vertex -0.0186666745 -0.0263333261 0.0000000000
vertex -0.0168333412 -0.0281666594 0.0000000000
vertex -0.0168333412 -0.0263333261 0.0000000000
endloop
endfacet
facet normal 0 0 1
outer loop
vertex -0.0186666745 -0.0263333261 0.0000000000
vertex -0.0186666745 -0.0281666594 0.0000000000
vertex -0.0168333412 -0.0281666594 0.0000000000
endloop
endfacet
facet normal 0 0 1
outer loop
vertex -0.0168333412 -0.0263333261 0.0000000000
vertex -0.0150000079 -0.0281666594 0.0000000000
vertex -0.0150000079 -0.0263333261 0.0000000000
endloop
endfacet
facet normal 0 0 1
outer loop
vertex -0.0168333412 -0.0263333261 0.0000000000
vertex -0.0168333412 -0.0281666594 0.0000000000
vertex -0.0150000079 -0.0281666594 0.0000000000
endloop
endfacet
facet normal 0 0 1
outer loop
vertex -0.0131666745 -0.0263333261 0.0000000000
vertex -0.0113333412 -0.0281666594 0.0000000000
vertex -0.0113333412 -0.0263333261 0.0000000000
endloop
endfacet
facet normal 0 0 1
outer loop
vertex -0.0131666745 -0.0263333261 0.0000000000
vertex -0.0131666745 -0.0281666594 0.0000000000
vertex -0.0113333412 -0.0281666594 0.0000000000
endloop
endfacet
facet normal 0 0 1
outer loop
vertex -0.0113333412 -0.0263333261 0.0000000000
vertex -0.0095000079 -0.0281666594 0.0000000000
vertex -0.0095000079 -0.0263333261 0.0000000000
endloop
endfacet
facet normal 0 0 1
outer loop
vertex -0.0113333412 -0.0263333261 0.0000000000
vertex -0.0113333412 -0.0281666594 0.0000000000
vertex -0.0095000079 -0.0281666594 0.0000000000
endloop
endfacet
facet normal 0 0 1
outer loop
vertex -0.0205000079 -0.0281666594 0.0000000000
vertex -0.0186666745 -0.0299999927 0.0000000000
vertex -0.0186666745 -0.0281666594 0.0000000000
endloop
endfacet
facet normal 0 0 1
outer loop
vertex -0.0205000079 -0.0281666594 0.0000000000
vertex -0.0205000079 -0.0299999927 0.0000000000
vertex -0.0186666745 -0.0299999927 0.0000000000
endloop
endfacet
facet normal 0 0 1
outer loop
vertex -0.0168333412 -0.0281666594 0.0000000000
vertex -0.0150000079 -0.0299999927 0.0000000000
vertex -0.0150000079 -0.0281666594 0.0000000000
endloop
endfacet
facet normal 0 0 1
outer loop
vertex -0.0168333412 -0.0281666594 0.0000000000
vertex -0.0168333412 -0.0299999927 0.0000000000
vertex -0.0150000079 -0.0299999927 0.0000000000
endloop
endfacet
facet normal 0 0 1
outer loop
vertex -0.0131666745 -0.0281666594 0.0000000000
vertex -0.0113333412 -0.0299999927 0.0000000000
vertex -0.0113333412 -0.0281666594 0.0000000000
endloop
endfacet
facet normal 0 0 1
outer loop
vertex -0.0131666745 -0.0281666594 0.0000000000
vertex -0.0131666745 -0.0299999927 0.0000000000
vertex -0.0113333412 -0.0299999927 0.0000000000
endloop
endfacet
facet normal 0 0 1
outer loop
vertex -0.0113333412 -0.0281666594 0.0000000000
vertex -0.0095000079 -0.0299999927 0.0000000000
vertex -0.0095000079 -0.0281666594 0.0000000000
endloop
endfacet
facet normal 0 0 1
outer loop
vertex -0.0113333412 -0.0281666594 0.0000000000
vertex -0.0113333412 -0.0299999927 0.0000000000
vertex -0.0095000079 -0.0299999927 0.0000000000
endloop
endfacet
facet normal 0 0 1
outer loop
vertex -0.0205000079 -0.0299999927 0.0000000000
vertex -0.0186666745 -0.0318333261 0.0000000000
vertex -0.0186666745 -0.0299999927 0.0000000000
endloop
endfacet
facet normal 0 0 1
outer loop
vertex -0.0205000079 -0.0299999927 0.0000000000
vertex -0.0205000079 -0.0318333261 0.0000000000
vertex -0.0186666745 -0.0318333261 0.0000000000
endloop
endfacet
facet normal 0 0 1
outer loop
vertex -0.0186666745 -0.0299999927 0.0000000000
vertex -0.0168333412 -0.0318333261 0.0000000000
vertex -0.0168333412 -0.0299999927 0.0000000000
endloop
endfacet
facet normal 0 0 1
outer loop
vertex -0.0186666745 -0.0299999927 0.0000000000
vertex -0.0186666745 -0.0318333261 0.0000000000
vertex -0.0168333412 -0.0318333261 0.0000000000
endloop
endfacet
facet normal 0 0 1
outer loop
vertex -0.0168333412 -0.0299999927 0.0000000000
vertex -0.0150000079 -0.0318333261 0.0000000000
vertex -0.0150000079 -0.0299999927 0.0000000000
endloop
endfacet
facet normal 0 0 1
outer loop
vertex -0.0168333412 -0.0299999927 0.0000000000
vertex -0.0168333412 -0.0318333261 0.0000000000
vertex -0.0150000079 -0.0318333261 0.0000000000
endloop
endfacet
facet normal 0 0 1
outer loop
vertex -0.0131666745 -0.0299999927 0.0000000000
vertex -0.0113333412 -0.0318333261 0.0000000000
vertex -0.0113333412 -0.0299999927 0.0000000000
endloop
endfacet
facet normal 0 0 1
outer loop
vertex -0.0131666745 -0.0299999927 0.0000000000
vertex -0.0131666745 -0.0318333261 0.0000000000
vertex -0.0113333412 -0.0318333261 0.0000000000
endloop
endfacet
facet normal 0 0 1
outer loop
vertex -0.0113333412 -0.0299999927 0.0000000000
vertex -0.0095000079 -0.0318333261 0.0000000000
vertex -0.0095000079 -0.0299999927 0.0000000000
endloop
endfacet
facet normal 0 0 1
outer loop
vertex -0.0113333412 -0.0299999927 0.0000000000
vertex -0.0113333412 -0.0318333261 0.0000000000
vertex -0.0095000079 -0.0318333261 0.0000000000
endloop
endfacet
facet normal 0 0 1
outer loop
vertex -0.0205000079 -0.0318333261 0.0000000000
vertex -0.0186666745 -0.0336666594 0.0000000000
vertex -0.0186666745 -0.0318333261 0.0000000000
endloop
endfacet
facet normal 0 0 1
outer loop
vertex -0.0205000079 -0.0318333261 0.0000000000
vertex -0.0205000079 -0.0336666594 0.0000000000
vertex -0.0186666745 -0.0336666594 0.0000000000
endloop
endfacet
facet normal 0 0 1
outer loop
vertex -0.0168333412 -0.0318333261 0.0000000000
vertex -0.0150000079 -0.0336666594 0.0000000000
vertex -0.0150000079 -0.0318333261 0.0000000000
endloop
endfacet
facet normal 0 0 1
outer loop
vertex -0.0168333412 -0.0318333261 0.0000000000
vertex -0.0168333412 -0.0336666594 0.0000000000
vertex -0.0150000079 -0.0336666594 0.0000000000
endloop
endfacet
facet normal 0 0 1
outer loop
vertex -0.0150000079 -0.0318333261 0.0000000000
vertex -0.0131666745 -0.0336666594 0.0000000000
vertex -0.0131666745 -0.0318333261 0.0000000000
endloop
endfacet
facet normal 0 0 1
outer loop
vertex -0.0150000079 -0.0318333261 0.0000000000
vertex -0.0150000079 -0.0336666594 0.0000000000
vertex -0.0131666745 -0.0336666594 0.0000000000
endloop
endfacet
facet normal 0 0 1
outer loop
vertex -0.0131666745 -0.0318333261 0.0000000000
vertex -0.0113333412 -0.0336666594 0.0000000000
vertex -0.0113333412 -0.0318333261 0.0000000000
endloop
endfacet
facet normal 0 0 1
outer loop
vertex -0.0131666745 -0.0318333261 0.0000000000
vertex -0.0131666745 -0.0336666594 0.0000000000
vertex -0.0113333412 -0.0336666594 0.0000000000
endloop
endfacet
facet normal 0 0 1
outer loop
vertex -0.0113333412 -0.0318333261 0.0000000000
vertex -0.0095000079 -0.0336666594 0.0000000000
vertex -0.0095000079 -0.0318333261 0.0000000000
endloop
endfacet
facet normal 0 0 1
outer loop
vertex -0.0113333412 -0.0318333261 0.0000000000
vertex -0.0113333412 -0.0336666594 0.0000000000
vertex -0.0095000079 -0.0336666594 0.0000000000
endloop
endfacet
facet normal 0 0 1
outer loop
vertex -0.0205000079 -0.0336666594 0.0000000000
vertex -0.0186666745 -0.0354999927 0.0000000000
vertex -0.0186666745 -0.0336666594 0.0000000000
endloop
endfacet
facet normal 0 0 1
outer loop
vertex -0.0205000079 -0.0336666594 0.0000000000
vertex -0.0205000079 -0.0354999927 0.0000000000
vertex -0.0186666745 -0.0354999927 0.0000000000
endloop
endfacet
facet normal 0 0 1
outer loop
vertex -0.0186666745 -0.0336666594 0.0000000000
vertex -0.0168333412 -0.0354999927 0.0000000000
vertex -0.0168333412 -0.0336666594 0.0000000000
endloop
endfacet
facet normal 0 0 1
outer loop
vertex -0.0186666745 -0.0336666594 0.0000000000
vertex -0.0186666745 -0.0354999927 0.0000000000
vertex -0.0168333412 -0.0354999927 0.0000000000
endloop
endfacet
facet normal 0 0 1
outer loop
vertex -0.0168333412 -0.0336666594 0.0000000000
vertex -0.0150000079 -0.0354999927 0.0000000000
vertex -0.0150000079 -0.0336666594 0.0000000000
endloop
endfacet
facet normal 0 0 1
outer loop
vertex -0.0168333412 -0.0336666594 0.0000000000
vertex -0.0168333412 -0.0354999927 0.0000000000
vertex -0.0150000079 -0.0354999927 0.0000000000
endloop
endfacet
facet normal 0 0 1
outer loop
vertex -0.0150000079 -0.0336666594 0.0000000000
vertex -0.0131666745 -0.0354999927 0.0000000000
vertex -0.0131666745 -0.0336666594 0.0000000000
endloop
endfacet
facet normal 0 0 1
outer loop
vertex -0.0150000079 -0.0336666594 0.0000000000
vertex -0.0150000079 -0.0354999927 0.0000000000
vertex -0.0131666745 -0.0354999927 0.0000000000
endloop
endfacet
facet normal 0 0 1
outer loop
vertex -0.0131666745 -0.0336666594 0.0000000000
vertex -0.0113333412 -0.0354999927 0.0000000000
vertex -0.0113333412 -0.0336666594 0.0000000000
endloop
endfacet
facet normal 0 0 1
outer loop
vertex -0.0131666745 -0.0336666594 0.0000000000
vertex -0.0131666745 -0.0354999927 0.0000000000
vertex -0.0113333412 -0.0354999927 0.0000000000
endloop
endfacet
facet normal 0 0 1
outer loop
vertex -0.0113333412 -0.0336666594 0.0000000000
vertex -0.0095000079 -0.0354999927 0.0000000000
vertex -0.0095000079 -0.0336666594 0.0000000000
endloop
endfacet
facet normal 0 0 1
outer loop
vertex -0.0113333412 -0.0336666594 0.0000000000
vertex -0.0113333412 -0.0354999927 0.0000000000
vertex -0.0095000079 -0.0354999927 0.0000000000
endloop
endfacet
facet normal 0 0 1
outer loop
vertex 0.0094999933 -0.0244999927 0.0000000000
vertex 0.0113333267 -0.0263333261 0.0000000000
vertex 0.0113333267 -0.0244999927 0.0000000000
endloop
endfacet
facet normal 0 0 1
outer loop
vertex 0.0094999933 -0.0244999927 0.0000000000
vertex 0.0094999933 -0.0263333261 0.0000000000
vertex 0.0113333267 -0.0263333261 0.0000000000
endloop
endfacet
facet normal 0 0 1
outer loop
vertex 0.0113333267 -0.0244999927 0.0000000000
vertex 0.0131666600 -0.0263333261 0.0000000000
vertex 0.0131666600 -0.0244999927 0.0000000000
endloop
endfacet
facet normal 0 0 1
outer loop
vertex 0.0113333267 -0.0244999927 0.0000000000
vertex 0.0113333267 -0.0263333261 0.0000000000
vertex 0.0131666600 -0.0263333261 0.0000000000
endloop
endfacet
facet normal 0 0 1
outer loop
vertex 0.0131666600 -0.0244999927 0.0000000000
vertex 0.0149999933 -0.0263333261 0.0000000000
vertex 0.0149999933 -0.0244999927 0.0000000000
endloop
endfacet
facet normal 0 0 1
outer loop
vertex 0.0131666600 -0.0244999927 0.0000000000
vertex 0.0131666600 -0.0263333261 0.0000000000
vertex 0.0149999933 -0.0263333261 0.0000000000
endloop
endfacet
facet normal 0 0 1
outer loop
vertex 0.0149999933 -0.0244999927 0.0000000000
vertex 0.0168333267 -0.0263333261 0.0000000000
vertex 0.0168333267 -0.0244999927 0.0000000000
endloop
endfacet
facet normal 0 0 1
outer loop
vertex 0.0149999933 -0.0244999927 0.0000000000
vertex 0.0149999933 -0.0263333261 0.0000000000
vertex 0.0168333267 -0.0263333261 0.0000000000
endloop
endfacet
facet normal 0 0 1
outer loop
vertex 0.0168333267 -0.0244999927 0.0000000000
vertex 0.0186666600 -0.0263333261 0.0000000000
vertex 0.0186666600 -0.0244999927 0.0000000000
endloop
endfacet
facet normal 0 0 1
outer loop
vertex 0.0168333267 -0.0244999927 0.0000000000
vertex 0.0168333267 -0.0263333261 0.0000000000
vertex 0.0186666600 -0.0263333261 0.0000000000
endloop
endfacet
facet normal 0 0 1
outer loop
vertex 0.0186666600 -0.0244999927 0.0000000000
vertex 0.0204999933 -0.0263333261 0.0000000000
vertex 0.0204999933 -0.0244999927 0.0000000000
endloop
endfacet
facet normal 0 0 1
outer loop
vertex 0.0186666600 -0.0244999927 0.0000000000
vertex 0.0186666600 -0.0263333261 0.0000000000
vertex 0.0204999933 -0.0263333261 0.0000000000
endloop
endfacet
facet normal 0 0 1
outer loop
vertex 0.0094999933 -0.0263333261 0.0000000000
vertex 0.0113333267 -0.0281666594 0.0000000000
vertex 0.0113333267 -0.0263333261 0.0000000000
endloop
endfacet
facet normal 0 0 1
outer loop
vertex 0.0094999933 -0.0263333261 0.0000000000
vertex 0.0094999933 -0.0281666594 0.0000000000
vertex 0.0113333267 -0.0281666594 0.0000000000
endloop
endfacet
facet normal 0 0 1
outer loop
vertex 0.0113333267 -0.0263333261 0.0000000000
vertex 0.0131666600 -0.0281666594 0.0000000000
vertex 0.0131666600 -0.0263333261 0.0000000000
endloop
endfacet
facet normal 0 0 1
outer loop
vertex 0.0113333267 -0.0263333261 0.0000000000
vertex 0.0113333267 -0.0281666594 0.0000000000
vertex 0.0131666600 -0.0281666594 0.0000000000
endloop
endfacet
facet normal 0 0 1
outer loop
vertex 0.0131666600 -0.0263333261 0.0000000000
vertex 0.0149999933 -0.0281666594 0.0000000000
vertex 0.0149999933 -0.0263333261 0.0000000000
endloop
endfacet
facet normal 0 0 1
outer loop
vertex 0.0131666600 -0.0263333261 0.0000000000
vertex 0.0131666600 -0.0281666594 0.0000000000
vertex 0.0149999933 -0.0281666594 0.0000000000
endloop
endfacet
facet normal 0 0 1
outer loop
vertex 0.0186666600 -0.0263333261 0.0000000000
vertex 0.0204999933 -0.0281666594 0.0000000000
vertex 0.0204999933 -0.0263333261 0.0000000000
endloop
endfacet
facet normal 0 0 1
outer loop
vertex 0.0186666600 -0.0263333261 0.0000000000
vertex 0.0186666600 -0.0281666594 0.0000000000
vertex 0.0204999933 -0.0281666594 0.0000000000
endloop
endfacet
facet normal 0 0 1
outer loop
vertex 0.0094999933 -0.0281666594 0.0000000000
vertex 0.0113333267 -0.0299999927 0.0000000000
vertex 0.0113333267 -0.0281666594 0.0000000000
endloop
endfacet
facet normal 0 0 1
outer loop
vertex 0.0094999933 -0.0281666594 0.0000000000
vertex 0.0094999933 -0.0299999927 0.0000000000
vertex 0.0113333267 -0.0299999927 0.0000000000
endloop
endfacet
facet normal 0 0 1
outer loop
vertex 0.0113333267 -0.0281666594 0.0000000000
vertex 0.0131666600 -0.0299999927 0.0000000000
vertex 0.0131666600 -0.0281666594 0.0000000000
endloop
endfacet
facet normal 0 0 1
outer loop
vertex 0.0113333267 -0.0281666594 0.0000000000
vertex 0.0113333267 -0.0299999927 0.0000000000
vertex 0.0131666600 -0.0299999927 0.0000000000
endloop
endfacet
facet normal 0 0 1
outer loop
vertex 0.0131666600 -0.0281666594 0.0000000000
vertex 0.0149999933 -0.0299999927 0.0000000000
vertex 0.0149999933 -0.0281666594 0.0000000000
endloop
endfacet
facet normal 0 0 1
outer loop
vertex 0.0131666600 -0.0281666594 0.0000000000
vertex 0.0131666600 -0.0299999927 0.0000000000
vertex 0.0149999933 -0.0299999927 0.0000000000
endloop
endfacet
facet normal 0 0 1
outer loop
vertex 0.0168333267 -0.0281666594 0.0000000000
vertex 0.0186666600 -0.0299999927 0.0000000000
vertex 0.0186666600 -0.0281666594 0.0000000000
endloop
endfacet
facet normal 0 0 1
outer loop
vertex 0.0168333267 -0.0281666594 0.0000000000
vertex 0.0168333267 -0.0299999927 0.0000000000
vertex 0.0186666600 -0.0299999927 0.0000000000
endloop
endfacet
facet normal 0 0 1
outer loop
vertex 0.0186666600 -0.0281666594 0.0000000000
vertex 0.0204999933 -0.0299999927 0.0000000000
vertex 0.0204999933 -0.0281666594 0.0000000000
endloop
endfacet
facet normal 0 0 1
outer loop
vertex 0.0186666600 -0.0281666594 0.0000000000
vertex 0.0186666600 -0.0299999927 0.0000000000
vertex 0.0204999933 -0.0299999927 0.0000000000
endloop
endfacet
facet normal 0 0 1
outer loop
vertex 0.0094999933 -0.0299999927 0.0000000000
vertex 0.0113333267 -0.0318333261 0.0000000000
vertex 0.0113333267 -0.0299999927 0.0000000000
endloop
endfacet
facet normal 0 0 1
outer loop
vertex 0.0094999933 -0.0299999927 0.0000000000
vertex 0.0094999933 -0.0318333261 0.0000000000
vertex 0.0113333267 -0.0318333261 0.0000000000
endloop
endfacet
facet normal 0 0 1
outer loop
vertex 0.0131666600 -0.0299999927 0.0000000000
vertex 0.0149999933 -0.0318333261 0.0000000000
vertex 0.0149999933 -0.0299999927 0.0000000000
endloop
endfacet
facet normal 0 0 1
outer loop
vertex 0.0131666600 -0.0299999927 0.0000000000
vertex 0.0131666600 -0.0318333261 0.0000000000
vertex 0.0149999933 -0.0318333261 0.0000000000
endloop
endfacet
facet normal 0 0 1
outer loop
vertex 0.0149999933 -0.0299999927 0.0000000000
vertex 0.0168333267 -0.0318333261 0.0000000000
vertex 0.0168333267 -0.0299999927 0.0000000000
endloop
endfacet
facet normal 0 0 1
outer loop
vertex 0.0149999933 -0.0299999927 0.0000000000
vertex 0.0149999933 -0.0318333261 0.0000000000
vertex 0.0168333267 -0.0318333261 0.0000000000
endloop
endfacet
facet normal 0 0 1
outer loop
vertex 0.0168333267 -0.0299999927 0.0000000000
vertex 0.0186666600 -0.0318333261 0.0000000000
vertex 0.0186666600 -0.0299999927 0.0000000000
endloop
endfacet
facet normal 0 0 1
outer loop
vertex 0.0168333267 -0.0299999927 0.0000000000
vertex 0.0168333267 -0.0318333261 0.0000000000
vertex 0.0186666600 -0.0318333261 0.0000000000
endloop
endfacet
facet normal 0 0 1
outer loop
vertex 0.0186666600 -0.0299999927 0.0000000000
vertex 0.0204999933 -0.0318333261 0.0000000000
vertex 0.0204999933 -0.0299999927 0.0000000000
endloop
endfacet
facet normal 0 0 1
outer loop
vertex 0.0186666600 -0.0299999927 0.0000000000
vertex 0.0186666600 -0.0318333261 0.0000000000
vertex 0.0204999933 -0.0318333261 0.0000000000
endloop
endfacet
facet normal 0 0 1
outer loop
vertex 0.0094999933 -0.0318333261 0.0000000000
vertex 0.0113333267 -0.0336666594 0.0000000000
vertex 0.0113333267 -0.0318333261 0.0000000000
endloop
endfacet
facet normal 0 0 1
outer loop
vertex 0.0094999933 -0.0318333261 0.0000000000
vertex 0.0094999933 -0.0336666594 0.0000000000
vertex 0.0113333267 -0.0336666594 0.0000000000
endloop
endfacet
facet normal 0 0 1
outer loop
vertex 0.0149999933 -0.0318333261 0.0000000000
vertex 0.0168333267 -0.0336666594 0.0000000000
vertex 0.0168333267 -0.0318333261 0.0000000000
endloop
endfacet
facet normal 0 0 1
outer loop
vertex 0.0149999933 -0.0318333261 0.0000000000
vertex 0.0149999933 -0.0336666594 0.0000000000
vertex 0.0168333267 -0.0336666594 0.0000000000
endloop
endfacet
facet normal 0 0 1
outer loop
vertex 0.0168333267 -0.0318333261 0.0000000000
vertex 0.0186666600 -0.0336666594 0.0000000000
vertex 0.0186666600 -0.0318333261 0.0000000000
endloop
endfacet
facet normal 0 0 1
outer loop
vertex 0.0168333267 -0.0318333261 0.0000000000
vertex 0.0168333267 -0.0336666594 0.0000000000
vertex 0.0186666600 -0.0336666594 0.0000000000
endloop
endfacet
facet normal 0 0 1
outer loop
vertex 0.0186666600 -0.0318333261 0.0000000000
vertex 0.0204999933 -0.0336666594 0.0000000000
vertex 0.0204999933 -0.0318333261 0.0000000000
endloop
endfacet
facet normal 0 0 1
outer loop
vertex 0.0186666600 -0.0318333261 0.0000000000
vertex 0.0186666600 -0.0336666594 0.0000000000
vertex 0.0204999933 -0.0336666594 0.0000000000
endloop
endfacet
facet normal 0 0 1
outer loop
vertex 0.0094999933 -0.0336666594 0.0000000000
vertex 0.0113333267 -0.0354999927 0.0000000000
vertex 0.0113333267 -0.0336666594 0.0000000000
endloop
endfacet
facet normal 0 0 1
outer loop
vertex 0.0094999933 -0.0336666594 0.0000000000
vertex 0.0094999933 -0.0354999927 0.0000000000
vertex 0.0113333267 -0.0354999927 0.0000000000
endloop
endfacet
facet normal 0 0 1
outer loop
vertex 0.0113333267 -0.0336666594 0.0000000000
vertex 0.0131666600 -0.0354999927 0.0000000000
vertex 0.0131666600 -0.0336666594 0.0000000000
endloop
endfacet
facet normal 0 0 1
outer loop
vertex 0.0113333267 -0.0336666594 0.0000000000
vertex 0.0113333267 -0.0354999927 0.0000000000
vertex 0.0131666600 -0.0354999927 0.0000000000
endloop
endfacet
facet normal 0 0 1
outer loop
vertex 0.0131666600 -0.0336666594 0.0000000000
vertex 0.0149999933 -0.0354999927 0.0000000000
vertex 0.0149999933 -0.0336666594 0.0000000000
endloop
endfacet
facet normal 0 0 1
outer loop
vertex 0.0131666600 -0.0336666594 0.0000000000
vertex 0.0131666600 -0.0354999927 0.0000000000
vertex 0.0149999933 -0.0354999927 0.0000000000
endloop
endfacet
facet normal 0 0 1
outer loop
vertex 0.0149999933 -0.0336666594 0.0000000000
vertex 0.0168333267 -0.0354999927 0.0000000000
vertex 0.0168333267 -0.0336666594 0.0000000000
endloop
endfacet
facet normal 0 0 1
outer loop
vertex 0.0149999933 -0.0336666594 0.0000000000
vertex 0.0149999933 -0.0354999927 0.0000000000
vertex 0.0168333267 -0.0354999927 0.0000000000
endloop
endfacet
facet normal 0 0 1
outer loop
vertex 0.0168333267 -0.0336666594 0.0000000000
vertex 0.0186666600 -0.0354999927 0.0000000000
vertex 0.0186666600 -0.0336666594 0.0000000000
endloop
endfacet
facet normal 0 0 1
outer loop
vertex 0.0168333267 -0.0336666594 0.0000000000
vertex 0.0168333267 -0.0354999927 0.0000000000
vertex 0.0186666600 -0.0354999927 0.0000000000
endloop
endfacet
facet normal 0 0 1
outer loop
vertex 0.0186666600 -0.0336666594 0.0000000000
vertex 0.0204999933 -0.0354999927 0.0000000000
vertex 0.0204999933 -0.0336666594 0.0000000000
endloop
endfacet
facet normal 0 0 1
outer loop
vertex 0.0186666600 -0.0336666594 0.0000000000
vertex 0.0186666600 -0.0354999927 0.0000000000
vertex 0.0204999933 -0.0354999927 0.0000000000
endloop
endfacet
facet normal 0 0 1
outer loop
vertex 0.0394999945 -0.0244999927 0.0000000000
vertex 0.0413333278 -0.0263333261 0.0000000000
vertex 0.0413333278 -0.0244999927 0.0000000000
endloop
endfacet
facet normal 0 0 1
outer loop
vertex 0.0394999945 -0.0244999927 0.0000000000
vertex 0.0394999945 -0.0263333261 0.0000000000
vertex 0.0413333278 -0.0263333261 0.0000000000
endloop
endfacet
facet normal 0 0 1
outer loop
vertex 0.0413333278 -0.0244999927 0.0000000000
vertex 0.0431666612 -0.0263333261 0.0000000000
vertex 0.0431666612 -0.0244999927 0.0000000000
endloop
endfacet
facet normal 0 0 1
outer loop
vertex 0.0413333278 -0.0244999927 0.0000000000
vertex 0.0413333278 -0.0263333261 0.0000000000
vertex 0.0431666612 -0.0263333261 0.0000000000
endloop
endfacet
facet normal 0 0 1
outer loop
vertex 0.0431666612 -0.0244999927 0.0000000000
vertex 0.0449999945 -0.0263333261 0.0000000000
vertex 0.0449999945 -0.0244999927 0.0000000000
endloop
endfacet
facet normal 0 0 1
outer loop
vertex 0.0431666612 -0.0244999927 0.0000000000
vertex 0.0431666612 -0.0263333261 0.0000000000
vertex 0.0449999945 -0.0263333261 0.0000000000
endloop
endfacet
facet normal 0 0 1
outer loop
vertex 0.0449999945 -0.0244999927 0.0000000000
vertex 0.0468333278 -0.0263333261 0.0000000000
vertex 0.0468333278 -0.0244999927 0.0000000000
endloop
endfacet
facet normal 0 0 1
outer loop
vertex 0.0449999945 -0.0244999927 0.0000000000
vertex 0.0449999945 -0.0263333261 0.0000000000
vertex 0.0468333278 -0.0263333261 0.0000000000
endloop
endfacet
facet normal 0 0 1
outer loop
vertex 0.0468333278 -0.0244999927 0.0000000000
vertex 0.0486666612 -0.0263333261 0.0000000000
vertex 0.0486666612 -0.0244999927 0.0000000000
endloop
endfacet
facet normal 0 0 1
outer loop
vertex 0.0468333278 -0.0244999927 0.0000000000
vertex 0.0468333278 -0.0263333261 0.0000000000
vertex 0.0486666612 -0.0263333261 0.0000000000
endloop
endfacet
facet normal 0 0 1
outer loop
vertex 0.0486666612 -0.0244999927 0.0000000000
vertex 0.0504999945 -0.0263333261 0.0000000000
vertex 0.0504999945 -0.0244999927 0.0000000000
endloop
endfacet
facet normal 0 0 1
outer loop
vertex 0.0486666612 -0.0244999927 0.0000000000
vertex 0.0486666612 -0.0263333261 0.0000000000
vertex 0.0504999945 -0.0263333261 0.0000000000
endloop
endfacet
facet normal 0 0 1
outer loop
vertex 0.0394999945 -0.0263333261 0.0000000000
vertex 0.0413333278 -0.0281666594 0.0000000000
vertex 0.0413333278 -0.0263333261 0.0000000000
endloop
endfacet
facet normal 0 0 1
outer loop
vertex 0.0394999945 -0.0263333261 0.0000000000
vertex 0.0394999945 -0.0281666594 0.0000000000
vertex 0.0413333278 -0.0281666594 0.0000000000
endloop
endfacet
facet normal 0 0 1
outer loop
vertex 0.0413333278 -0.0263333261 0.0000000000
vertex 0.0431666612 -0.0281666594 0.0000000000
vertex 0.0431666612 -0.0263333261 0.0000000000
endloop
endfacet
facet normal 0 0 1
outer loop
vertex 0.0413333278 -0.0263333261 0.0000000000
vertex 0.0413333278 -0.0281666594 0.0000000000
vertex 0.0431666612 -0.0281666594 0.0000000000
endloop
endfacet
facet normal 0 0 1
outer loop
vertex 0.0431666612 -0.0263333261 0.0000000000
vertex 0.0449999945 -0.0281666594 0.0000000000
vertex 0.0449999945 -0.0263333261 0.0000000000
endloop
endfacet
facet normal 0 0 1
outer loop
vertex 0.0431666612 -0.0263333261 0.0000000000
vertex 0.0431666612 -0.0281666594 0.0000000000
vertex 0.0449999945 -0.0281666594 0.0000000000
endloop
endfacet
facet normal 0 0 1
outer loop
vertex 0.0486666612 -0.0263333261 0.0000000000
vertex 0.0504999945 -0.0281666594 0.0000000000
vertex 0.0504999945 -0.0263333261 0.0000000000
endloop
endfacet
facet normal 0 0 1
outer loop
vertex 0.0486666612 -0.0263333261 0.0000000000
vertex 0.0486666612 -0.0281666594 0.0000000000
vertex 0.0504999945 -0.0281666594 0.0000000000
endloop
endfacet
facet normal 0 0 1
outer loop
vertex 0.0394999945 -0.0281666594 0.0000000000
vertex 0.0413333278 -0.0299999927 0.0000000000
vertex 0.0413333278 -0.0281666594 0.0000000000
endloop
endfacet
facet normal 0 0 1
outer loop
vertex 0.0394999945 -0.0281666594 0.0000000000
vertex 0.0394999945 -0.0299999927 0.0000000000
vertex 0.0413333278 -0.0299999927 0.0000000000
endloop
endfacet
facet normal 0 0 1
outer loop
vertex 0.0431666612 -0.0281666594 0.0000000000
vertex 0.0449999945 -0.0299999927 0.0000000000
vertex 0.0449999945 -0.0281666594 0.0000000000
endloop
endfacet
facet normal 0 0 1
outer loop
vertex 0.0431666612 -0.0281666594 0.0000000000
vertex 0.0431666612 -0.0299999927 0.0000000000
vertex 0.0449999945 -0.0299999927 0.0000000000
endloop
endfacet
facet normal 0 0 1
outer loop
vertex 0.0449999945 -0.0281666594 0.0000000000
vertex 0.0468333278 -0.0299999927 0.0000000000
vertex 0.0468333278 -0.0281666594 0.0000000000
endloop
endfacet
facet normal 0 0 1
outer loop
vertex 0.0449999945 -0.0281666594 0.0000000000
vertex 0.0449999945 -0.0299999927 0.0000000000
vertex 0.0468333278 -0.0299999927 0.0000000000
endloop
endfacet
facet normal 0 0 1
outer loop
vertex 0.0468333278 -0.0281666594 0.0000000000
vertex 0.0486666612 -0.0299999927 0.0000000000
vertex 0.0486666612 -0.0281666594 0.0000000000
endloop
endfacet
facet normal 0 0 1
outer loop
vertex 0.0468333278 -0.0281666594 0.0000000000
vertex 0.0468333278 -0.0299999927 0.0000000000
vertex 0.0486666612 -0.0299999927 0.0000000000
endloop
endfacet
facet normal 0 0 1
outer loop
vertex 0.0486666612 -0.0281666594 0.0000000000
vertex 0.0504999945 -0.0299999927 0.0000000000
vertex 0.0504999945 -0.0281666594 0.0000000000
endloop
endfacet
facet normal 0 0 1
outer loop
vertex 0.0486666612 -0.0281666594 0.0000000000
vertex 0.0486666612 -0.0299999927 0.0000000000
vertex 0.0504999945 -0.0299999927 0.0000000000
endloop
endfacet
facet normal 0 0 1
outer loop
vertex 0.0394999945 -0.0299999927 0.0000000000
vertex 0.0413333278 -0.0318333261 0.0000000000
vertex 0.0413333278 -0.0299999927 0.0000000000
endloop
endfacet
facet normal 0 0 1
outer loop
vertex 0.0394999945 -0.0299999927 0.0000000000
vertex 0.0394999945 -0.0318333261 0.0000000000
vertex 0.0413333278 -0.0318333261 0.0000000000
endloop
endfacet
facet normal 0 0 1
outer loop
vertex 0.0431666612 -0.0299999927 0.0000000000
vertex 0.0449999945 -0.0318333261 0.0000000000
vertex 0.0449999945 -0.0299999927 0.0000000000
endloop
endfacet
facet normal 0 0 1
outer loop
vertex 0.0431666612 -0.0299999927 0.0000000000
vertex 0.0431666612 -0.0318333261 0.0000000000
vertex 0.0449999945 -0.0318333261 0.0000000000
endloop
endfacet
facet normal 0 0 1
outer loop
vertex 0.0486666612 -0.0299999927 0.0000000000
vertex 0.0504999945 -0.0318333261 0.0000000000
vertex 0.0504999945 -0.0299999927 0.0000000000
endloop
endfacet
facet normal 0 0 1
outer loop
vertex 0.0486666612 -0.0299999927 0.0000000000
vertex 0.0486666612 -0.0318333261 0.0000000000
vertex 0.0504999945 -0.0318333261 0.0000000000
endloop
endfacet
facet normal 0 0 1
outer loop
vertex 0.0394999945 -0.0318333261 0.0000000000
vertex 0.0413333278 -0.0336666594 0.0000000000
vertex 0.0413333278 -0.0318333261 0.0000000000
endloop
endfacet
facet normal 0 0 1
outer loop
vertex 0.0394999945 -0.0318333261 0.0000000000
vertex 0.0394999945 -0.0336666594 0.0000000000
vertex 0.0413333278 -0.0336666594 0.0000000000
endloop
endfacet
facet normal 0 0 1
outer loop
vertex 0.0413333278 -0.0318333261 0.0000000000
vertex 0.0431666612 -0.0336666594 0.0000000000
vertex 0.0431666612 -0.0318333261 0.0000000000
endloop
endfacet
facet normal 0 0 1
outer loop
vertex 0.0413333278 -0.0318333261 0.0000000000
vertex 0.0413333278 -0.0336666594 0.0000000000
vertex 0.0431666612 -0.0336666594 0.0000000000
endloop
endfacet
facet normal 0 0 1
outer loop
vertex 0.0431666612 -0.0318333261 0.0000000000
vertex 0.0449999945 -0.0336666594 0.0000000000
vertex 0.0449999945 -0.0318333261 0.0000000000
endloop
endfacet
facet normal 0 0 1
outer loop
vertex 0.0431666612 -0.0318333261 0.0000000000
vertex 0.0431666612 -0.0336666594 0.0000000000
vertex 0.0449999945 -0.0336666594 0.0000000000
endloop
endfacet
facet normal 0 0 1
outer loop
vertex 0.0468333278 -0.0318333261 0.0000000000
vertex 0.0486666612 -0.0336666594 0.0000000000
vertex 0.0486666612 -0.0318333261 0.0000000000
endloop
endfacet
facet normal 0 0 1
outer loop
vertex 0.0468333278 -0.0318333261 0.0000000000
vertex 0.0468333278 -0.0336666594 0.0000000000
vertex 0.0486666612 -0.0336666594 0.0000000000
endloop
endfacet
facet normal 0 0 1
outer loop
vertex 0.0486666612 -0.0318333261 0.0000000000
vertex 0.0504999945 -0.0336666594 0.0000000000
vertex 0.0504999945 -0.0318333261 0.0000000000
endloop
endfacet
facet normal 0 0 1
outer loop
vertex 0.0486666612 -0.0318333261 0.0000000000
vertex 0.0486666612 -0.0336666594 0.0000000000
vertex 0.0504999945 -0.0336666594 0.0000000000
endloop
endfacet
facet normal 0 0 1
outer loop
vertex 0.0394999945 -0.0336666594 0.0000000000
vertex 0.0413333278 -0.0354999927 0.0000000000
vertex 0.0413333278 -0.0336666594 0.0000000000
endloop
endfacet
facet normal 0 0 1
outer loop
vertex 0.0394999945 -0.0336666594 0.0000000000
vertex 0.0394999945 -0.0354999927 0.0000000000
vertex 0.0413333278 -0.0354999927 0.0000000000
endloop
endfacet
facet normal 0 0 1
outer loop
vertex 0.0413333278 -0.0336666594 0.0000000000
vertex 0.0431666612 -0.0354999927 0.0000000000
vertex 0.0431666612 -0.0336666594 0.0000000000
endloop
endfacet
facet normal 0 0 1
outer loop
vertex 0.0413333278 -0.0336666594 0.0000000000
vertex 0.0413333278 -0.0354999927 0.0000000000
vertex 0.0431666612 -0.0354999927 0.0000000000
endloop
endfacet
facet normal 0 0 1
outer loop
vertex 0.0431666612 -0.0336666594 0.0000000000
vertex 0.0449999945 -0.0354999927 0.0000000000
vertex 0.0449999945 -0.0336666594 0.0000000000
endloop
endfacet
facet normal 0 0 1
outer loop
vertex 0.0431666612 -0.0336666594 0.0000000000
vertex 0.0431666612 -0.0354999927 0.0000000000
vertex 0.0449999945 -0.0354999927 0.0000000000
endloop
endfacet
facet normal 0 0 1
outer loop
vertex 0.0449999945 -0.0336666594 0.0000000000
vertex 0.0468333278 -0.0354999927 0.0000000000
vertex 0.0468333278 -0.0336666594 0.0000000000
endloop
endfacet
facet normal 0 0 1
outer loop
vertex 0.0449999945 -0.0336666594 0.0000000000
vertex 0.0449999945 -0.0354999927 0.0000000000
vertex 0.0468333278 -0.0354999927 0.0000000000
endloop
endfacet
facet normal 0 0 1
outer loop
vertex 0.0468333278 -0.0336666594 0.0000000000
vertex 0.0486666612 -0.0354999927 0.0000000000
vertex 0.0486666612 -0.0336666594 0.0000000000
endloop
endfacet
facet normal 0 0 1
outer loop
vertex 0.0468333278 -0.0336666594 0.0000000000
vertex 0.0468333278 -0.0354999927 0.0000000000
vertex 0.0486666612 -0.0354999927 0.0000000000
endloop
endfacet
facet normal 0 0 1
outer loop
vertex 0.0486666612 -0.0336666594 0.0000000000
vertex 0.0504999945 -0.0354999927 0.0000000000
vertex 0.0504999945 -0.0336666594 0.0000000000
endloop
endfacet
facet normal 0 0 1
outer loop
vertex 0.0486666612 -0.0336666594 0.0000000000
vertex 0.0486666612 -0.0354999927 0.0000000000
vertex 0.0504999945 -0.0354999927 0.0000000000
endloop
endfacet
facet normal 0 0 1
outer loop
vertex 0.0694999957 -0.0244999927 0.0000000000
vertex 0.0713333290 -0.0263333261 0.0000000000
vertex 0.0713333290 -0.0244999927 0.0000000000
endloop
endfacet
facet normal 0 0 1
outer loop
vertex 0.0694999957 -0.0244999927 0.0000000000
vertex 0.0694999957 -0.0263333261 0.0000000000
vertex 0.0713333290 -0.0263333261 0.0000000000
endloop
endfacet
facet normal 0 0 1
outer loop
vertex 0.0713333290 -0.0244999927 0.0000000000
vertex 0.0731666624 -0.0263333261 0.0000000000
vertex 0.0731666624 -0.0244999927 0.0000000000
endloop
endfacet
facet normal 0 0 1
outer loop
vertex 0.0713333290 -0.0244999927 0.0000000000
vertex 0.0713333290 -0.0263333261 0.0000000000
vertex 0.0731666624 -0.0263333261 0.0000000000
endloop
endfacet
facet normal 0 0 1
outer loop
vertex 0.0731666624 -0.0244999927 0.0000000000
vertex 0.0749999957 -0.0263333261 0.0000000000
vertex 0.0749999957 -0.0244999927 0.0000000000
endloop
endfacet
facet normal 0 0 1
outer loop
vertex 0.0731666624 -0.0244999927 0.0000000000
vertex 0.0731666624 -0.0263333261 0.0000000000
vertex 0.0749999957 -0.0263333261 0.0000000000
endloop
endfacet
facet normal 0 0 1
outer loop
vertex 0.0749999957 -0.0244999927 0.0000000000
vertex 0.0768333290 -0.0263333261 0.0000000000
vertex 0.0768333290 -0.0244999927 0.0000000000
endloop
endfacet
facet normal 0 0 1
outer loop
vertex 0.0749999957 -0.0244999927 0.0000000000
vertex 0.0749999957 -0.0263333261 0.0000000000
vertex 0.0768333290 -0.0263333261 0.0000000000
endloop
endfacet
facet normal 0 0 1
outer loop
vertex 0.0768333290 -0.0244999927 0.0000000000
vertex 0.0786666624 -0.0263333261 0.0000000000
vertex 0.0786666624 -0.0244999927 0.0000000000
endloop
endfacet
facet normal 0 0 1
outer loop
vertex 0.0768333290 -0.0244999927 0.0000000000
vertex 0.0768333290 -0.0263333261 0.0000000000
vertex 0.0786666624 -0.0263333261 0.0000000000
endloop
endfacet
facet normal 0 0 1
outer loop
vertex 0.0786666624 -0.0244999927 0.0000000000
vertex 0.0804999957 -0.0263333261 0.0000000000
vertex 0.0804999957 -0.0244999927 0.0000000000
endloop
endfacet
facet normal 0 0 1
outer loop
vertex 0.0786666624 -0.0244999927 0.0000000000
vertex 0.0786666624 -0.0263333261 0.0000000000
vertex 0.0804999957 -0.0263333261 0.0000000000
endloop
endfacet
facet normal 0 0 1
outer loop
vertex 0.0694999957 -0.0263333261 0.0000000000
vertex 0.0713333290 -0.0281666594 0.0000000000
vertex 0.0713333290 -0.0263333261 0.0000000000
endloop
endfacet
facet normal 0 0 1
outer loop
vertex 0.0694999957 -0.0263333261 0.0000000000
vertex 0.0694999957 -0.0281666594 0.0000000000
vertex 0.0713333290 -0.0281666594 0.0000000000
endloop
endfacet
facet normal 0 0 1
outer loop
vertex 0.0713333290 -0.0263333261 0.0000000000
vertex 0.0731666624 -0.0281666594 0.0000000000
vertex 0.0731666624 -0.0263333261 0.0000000000
endloop
endfacet
facet normal 0 0 1
outer loop
vertex 0.0713333290 -0.0263333261 0.0000000000
vertex 0.0713333290 -0.0281666594 0.0000000000
vertex 0.0731666624 -0.0281666594 0.0000000000
endloop
endfacet
facet normal 0 0 1
outer loop
vertex 0.0731666624 -0.0263333261 0.0000000000
vertex 0.0749999957 -0.0281666594 0.0000000000
vertex 0.0749999957 -0.0263333261 0.0000000000
endloop
endfacet
facet normal 0 0 1
outer loop
vertex 0.0731666624 -0.0263333261 0.0000000000
vertex 0.0731666624 -0.0281666594 0.0000000000
vertex 0.0749999957 -0.0281666594 0.0000000000
endloop
endfacet
facet normal 0 0 1
outer loop
vertex 0.0768333290 -0.0263333261 0.0000000000
vertex 0.0786666624 -0.0281666594 0.0000000000
vertex 0.0786666624 -0.0263333261 0.0000000000
endloop
endfacet
facet normal 0 0 1
outer loop
vertex 0.0768333290 -0.0263333261 0.0000000000
vertex 0.0768333290 -0.0281666594 0.0000000000
vertex 0.0786666624 -0.0281666594 0.0000000000
endloop
endfacet
facet normal 0 0 1
outer loop
vertex 0.0786666624 -0.0263333261 0.0000000000
vertex 0.0804999957 -0.0281666594 0.0000000000
vertex 0.0804999957 -0.0263333261 0.0000000000
endloop
endfacet
facet normal 0 0 1
outer loop
vertex 0.0786666624 -0.0263333261 0.0000000000
vertex 0.0786666624 -0.0281666594 0.0000000000
vertex 0.0804999957 -0.0281666594 0.0000000000
endloop
endfacet
facet normal 0 0 1
outer loop
vertex 0.0694999957 -0.0281666594 0.0000000000
vertex 0.0713333290 -0.0299999927 0.0000000000
vertex 0.0713333290 -0.0281666594 0.0000000000
endloop
endfacet
facet normal 0 0 1
outer loop
vertex 0.0694999957 -0.0281666594 0.0000000000
vertex 0.0694999957 -0.0299999927 0.0000000000
vertex 0.0713333290 -0.0299999927 0.0000000000
endloop
endfacet
facet normal 0 0 1
outer loop
vertex 0.0713333290 -0.0281666594 0.0000000000
vertex 0.0731666624 -0.0299999927 0.0000000000
vertex 0.0731666624 -0.0281666594 0.0000000000
endloop
endfacet
facet normal 0 0 1
outer loop
vertex 0.0713333290 -0.0281666594 0.0000000000
vertex 0.0713333290 -0.0299999927 0.0000000000
vertex 0.0731666624 -0.0299999927 0.0000000000
endloop
endfacet
facet normal 0 0 1
outer loop
vertex 0.0749999957 -0.0281666594 0.0000000000
vertex 0.0768333290 -0.0299999927 0.0000000000
vertex 0.0768333290 -0.0281666594 0.0000000000
endloop
endfacet
facet normal 0 0 1
outer loop
vertex 0.0749999957 -0.0281666594 0.0000000000
vertex 0.0749999957 -0.0299999927 0.0000000000
vertex 0.0768333290 -0.0299999927 0.0000000000
endloop
endfacet
facet normal 0 0 1
outer loop
vertex 0.0768333290 -0.0281666594 0.0000000000
vertex 0.0786666624 -0.0299999927 0.0000000000
vertex 0.0786666624 -0.0281666594 0.0000000000
endloop
endfacet
facet normal 0 0 1
outer loop
vertex 0.0768333290 -0.0281666594 0.0000000000
vertex 0.0768333290 -0.0299999927 0.0000000000
vertex 0.0786666624 -0.0299999927 0.0000000000
endloop
endfacet
facet normal 0 0 1
outer loop
vertex 0.0786666624 -0.0281666594 0.0000000000
vertex 0.0804999957 -0.0299999927 0.0000000000
vertex 0.0804999957 -0.0281666594 0.0000000000
endloop
endfacet
facet normal 0 0 1
outer loop
vertex 0.0786666624 -0.0281666594 0.0000000000
vertex 0.0786666624 -0.0299999927 0.0000000000
vertex 0.0804999957 -0.0299999927 0.0000000000
endloop
endfacet
facet normal 0 0 1
outer loop
vertex 0.0694999957 -0.0299999927 0.0000000000
vertex 0.0713333290 -0.0318333261 0.0000000000
vertex 0.0713333290 -0.0299999927 0.0000000000
endloop
endfacet
facet normal 0 0 1
outer loop
vertex 0.0694999957 -0.0299999927 0.0000000000
vertex 0.0694999957 -0.0318333261 0.0000000000
vertex 0.0713333290 -0.0318333261 0.0000000000
endloop
endfacet
facet normal 0 0 1
outer loop
vertex 0.0768333290 -0.0299999927 0.0000000000
vertex 0.0786666624 -0.0318333261 0.0000000000
vertex 0.0786666624 -0.0299999927 0.0000000000
endloop
endfacet
facet normal 0 0 1
outer loop
vertex 0.0768333290 -0.0299999927 0.0000000000
vertex 0.0768333290 -0.0318333261 0.0000000000
vertex 0.0786666624 -0.0318333261 0.0000000000
endloop
endfacet
facet normal 0 0 1
outer loop
vertex 0.0786666624 -0.0299999927 0.0000000000
vertex 0.0804999957 -0.0318333261 0.0000000000
vertex 0.0804999957 -0.0299999927 0.0000000000
endloop
endfacet
facet normal 0 0 1
outer loop
vertex 0.0786666624 -0.0299999927 0.0000000000
vertex 0.0786666624 -0.0318333261 0.0000000000
vertex 0.0804999957 -0.0318333261 0.0000000000
endloop
endfacet
facet normal 0 0 1
outer loop
vertex 0.0694999957 -0.0318333261 0.0000000000
vertex 0.0713333290 -0.0336666594 0.0000000000
vertex 0.0713333290 -0.0318333261 0.0000000000
endloop
endfacet
facet normal 0 0 1
outer loop
vertex 0.0694999957 -0.0318333261 0.0000000000
vertex 0.0694999957 -0.0336666594 0.0000000000
vertex 0.0713333290 -0.0336666594 0.0000000000
endloop
endfacet
facet normal 0 0 1
outer loop
vertex 0.0731666624 -0.0318333261 0.0000000000
vertex 0.0749999957 -0.0336666594 0.0000000000
vertex 0.0749999957 -0.0318333261 0.0000000000
endloop
endfacet
facet normal 0 0 1
outer loop
vertex 0.0731666624 -0.0318333261 0.0000000000
vertex 0.0731666624 -0.0336666594 0.0000000000
vertex 0.0749999957 -0.0336666594 0.0000000000
endloop
endfacet
facet normal 0 0 1
outer loop
vertex 0.0749999957 -0.0318333261 0.0000000000
vertex 0.0768333290 -0.0336666594 0.0000000000
vertex 0.0768333290 -0.0318333261 0.0000000000
endloop
endfacet
facet normal 0 0 1
outer loop
vertex 0.0749999957 -0.0318333261 0.0000000000
vertex 0.0749999957 -0.0336666594 0.0000000000
vertex 0.0768333290 -0.0336666594 0.0000000000
endloop
endfacet
facet normal 0 0 1
outer loop
vertex 0.0768333290 -0.0318333261 0.0000000000
vertex 0.0786666624 -0.0336666594 0.0000000000
vertex 0.0786666624 -0.0318333261 0.0000000000
endloop
endfacet
facet normal 0 0 1
outer loop
vertex 0.0768333290 -0.0318333261 0.0000000000
vertex 0.0768333290 -0.0336666594 0.0000000000
vertex 0.0786666624 -0.0336666594 0.0000000000
endloop
endfacet
facet normal 0 0 1
outer loop
vertex 0.0786666624 -0.0318333261 0.0000000000
vertex 0.0804999957 -0.0336666594 0.0000000000
vertex 0.0804999957 -0.0318333261 0.0000000000
endloop
endfacet
facet normal 0 0 1
outer loop
vertex 0.0786666624 -0.0318333261 0.0000000000
vertex 0.0786666624 -0.0336666594 0.0000000000
vertex 0.0804999957 -0.0336666594 0.0000000000
endloop
endfacet
facet normal 0 0 1
outer loop
vertex 0.0694999957 -0.0336666594 0.0000000000
vertex 0.0713333290 -0.0354999927 0.0000000000
vertex 0.0713333290 -0.0336666594 0.0000000000
endloop
endfacet
facet normal 0 0 1
outer loop
vertex 0.0694999957 -0.0336666594 0.0000000000
vertex 0.0694999957 -0.0354999927 0.0000000000
vertex 0.0713333290 -0.0354999927 0.0000000000
endloop
endfacet
facet normal 0 0 1
outer loop
vertex 0.0713333290 -0.0336666594 0.0000000000
vertex 0.0731666624 -0.0354999927 0.0000000000
vertex 0.0731666624 -0.0336666594 0.0000000000
endloop
endfacet
facet normal 0 0 1
outer loop
vertex 0.0713333290 -0.0336666594 0.0000000000
vertex 0.0713333290 -0.0354999927 0.0000000000
vertex 0.0731666624 -0.0354999927 0.0000000000
endloop
endfacet
facet normal 0 0 1
outer loop
vertex 0.0731666624 -0.0336666594 0.0000000000
vertex 0.0749999957 -0.0354999927 0.0000000000
vertex 0.0749999957 -0.0336666594 0.0000000000
endloop
endfacet
facet normal 0 0 1
outer loop
vertex 0.0731666624 -0.0336666594 0.0000000000
vertex 0.0731666624 -0.0354999927 0.0000000000
vertex 0.0749999957 -0.0354999927 0.0000000000
endloop
endfacet
facet normal 0 0 1
outer loop
vertex 0.0749999957 -0.0336666594 0.0000000000
vertex 0.0768333290 -0.0354999927 0.0000000000
vertex 0.0768333290 -0.0336666594 0.0000000000
endloop
endfacet
facet normal 0 0 1
outer loop
vertex 0.0749999957 -0.0336666594 0.0000000000
vertex 0.0749999957 -0.0354999927 0.0000000000
vertex 0.0768333290 -0.0354999927 0.0000000000
endloop
endfacet
facet normal 0 0 1
outer loop
vertex 0.0768333290 -0.0336666594 0.0000000000
vertex 0.0786666624 -0.0354999927 0.0000000000
vertex 0.0786666624 -0.0336666594 0.0000000000
endloop
endfacet
facet normal 0 0 1
outer loop
vertex 0.0768333290 -0.0336666594 0.0000000000
vertex 0.0768333290 -0.0354999927 0.0000000000
vertex 0.0786666624 -0.0354999927 0.0000000000
endloop
endfacet
facet normal 0 0 1
outer loop
vertex 0.0786666624 -0.0336666594 0.0000000000
vertex 0.0804999957 -0.0354999927 0.0000000000
vertex 0.0804999957 -0.0336666594 0.0000000000
endloop
endfacet
facet normal 0 0 1
outer loop
vertex 0.0786666624 -0.0336666594 0.0000000000
vertex 0.0786666624 -0.0354999927 0.0000000000
vertex 0.0804999957 -0.0354999927 0.0000000000
endloop
endfacet
facet normal 0 0 1
outer loop
vertex -0.0955000001 -0.0394999933 0.0000000000
vertex -0.0936666668 -0.0413333267 0.0000000000
vertex -0.0936666668 -0.0394999933 0.0000000000
endloop
endfacet
facet normal 0 0 1
outer loop
vertex -0.0955000001 -0.0394999933 0.0000000000
vertex -0.0955000001 -0.0413333267 0.0000000000
vertex -0.0936666668 -0.0413333267 0.0000000000
endloop
endfacet
facet normal 0 0 1
outer loop
vertex -0.0936666668 -0.0394999933 0.0000000000
vertex -0.0918333335 -0.0413333267 0.0000000000
vertex -0.0918333335 -0.0394999933 0.0000000000
endloop
endfacet
facet normal 0 0 1
outer loop
vertex -0.0936666668 -0.0394999933 0.0000000000
vertex -0.0936666668 -0.0413333267 0.0000000000
vertex -0.0918333335 -0.0413333267 0.0000000000
endloop
endfacet
facet normal 0 0 1
outer loop
vertex -0.0918333335 -0.0394999933 0.0000000000
vertex -0.0900000001 -0.0413333267 0.0000000000
vertex -0.0900000001 -0.0394999933 0.0000000000
endloop
endfacet
facet normal 0 0 1
outer loop
vertex -0.0918333335 -0.0394999933 0.0000000000
vertex -0.0918333335 -0.0413333267 0.0000000000
vertex -0.0900000001 -0.0413333267 0.0000000000
endloop
endfacet
facet normal 0 0 1
outer loop
vertex -0.0900000001 -0.0394999933 0.0000000000
vertex -0.0881666668 -0.0413333267 0.0000000000
vertex -0.0881666668 -0.0394999933 0.0000000000
endloop
endfacet
facet normal 0 0 1
outer loop
vertex -0.0900000001 -0.0394999933 0.0000000000
vertex -0.0900000001 -0.0413333267 0.0000000000
vertex -0.0881666668 -0.0413333267 0.0000000000
endloop
endfacet
facet normal 0 0 1
outer loop
vertex -0.0881666668 -0.0394999933 0.0000000000
vertex -0.0863333335 -0.0413333267 0.0000000000
vertex -0.0863333335 -0.0394999933 0.0000000000
endloop
endfacet
facet normal 0 0 1
outer loop
vertex -0.0881666668 -0.0394999933 0.0000000000
vertex -0.0881666668 -0.0413333267 0.0000000000
vertex -0.0863333335 -0.0413333267 0.0000000000
endloop
endfacet
facet normal 0 0 1
outer loop
vertex -0.0863333335 -0.0394999933 0.0000000000
vertex -0.0845000001 -0.0413333267 0.0000000000
vertex -0.0845000001 -0.0394999933 0.0000000000
endloop
endfacet
facet normal 0 0 1
outer loop
vertex -0.0863333335 -0.0394999933 0.0000000000
vertex -0.0863333335 -0.0413333267 0.0000000000
vertex -0.0845000001 -0.0413333267 0.0000000000
endloop
endfacet
facet normal 0 0 1
outer loop
vertex -0.0955000001 -0.0413333267 0.0000000000
vertex -0.0936666668 -0.0431666600 0.0000000000
vertex -0.0936666668 -0.0413333267 0.0000000000
endloop
endfacet
facet normal 0 0 1
outer loop
vertex -0.0955000001 -0.0413333267 0.0000000000
vertex -0.0955000001 -0.0431666600 0.0000000000
vertex -0.0936666668 -0.0431666600 0.0000000000
endloop
endfacet
facet normal 0 0 1
outer loop
vertex -0.0936666668 -0.0413333267 0.0000000000
vertex -0.0918333335 -0.0431666600 0.0000000000
vertex -0.0918333335 -0.0413333267 0.0000000000
endloop
endfacet
facet normal 0 0 1
outer loop
vertex -0.0936666668 -0.0413333267 0.0000000000
vertex -0.0936666668 -0.0431666600 0.0000000000
vertex -0.0918333335 -0.0431666600 0.0000000000
endloop
endfacet
facet normal 0 0 1
outer loop
vertex -0.0918333335 -0.0413333267 0.0000000000
vertex -0.0900000001 -0.0431666600 0.0000000000
vertex -0.0900000001 -0.0413333267 0.0000000000
endloop
endfacet
facet normal 0 0 1
outer loop
vertex -0.0918333335 -0.0413333267 0.0000000000
vertex -0.0918333335 -0.0431666600 0.0000000000
vertex -0.0900000001 -0.0431666600 0.0000000000
endloop
endfacet
facet normal 0 0 1
outer loop
vertex -0.0881666668 -0.0413333267 0.0000000000
vertex -0.0863333335 -0.0431666600 0.0000000000
vertex -0.0863333335 -0.0413333267 0.0000000000
endloop
endfacet
facet normal 0 0 1
outer loop
vertex -0.0881666668 -0.0413333267 0.0000000000
vertex -0.0881666668 -0.0431666600 0.0000000000
vertex -0.0863333335 -0.0431666600 0.0000000000
endloop
endfacet
facet normal 0 0 1
outer loop
vertex -0.0863333335 -0.0413333267 0.0000000000
vertex -0.0845000001 -0.0431666600 0.0000000000
vertex -0.0845000001 -0.0413333267 0.0000000000
endloop
endfacet
facet normal 0 0 1
outer loop
vertex -0.0863333335 -0.0413333267 0.0000000000
vertex -0.0863333335 -0.0431666600 0.0000000000
vertex -0.0845000001 -0.0431666600 0.0000000000
endloop
endfacet
facet normal 0 0 1
outer loop
vertex -0.0955000001 -0.0431666600 0.0000000000
vertex -0.0936666668 -0.0449999933 0.0000000000
vertex -0.0936666668 -0.0431666600 0.0000000000
endloop
endfacet
facet normal 0 0 1
outer loop
vertex -0.0955000001 -0.0431666600 0.0000000000
vertex -0.0955000001 -0.0449999933 0.0000000000
vertex -0.0936666668 -0.0449999933 0.0000000000
endloop
endfacet
facet normal 0 0 1
outer loop
vertex -0.0881666668 -0.0431666600 0.0000000000
vertex -0.0863333335 -0.0449999933 0.0000000000
vertex -0.0863333335 -0.0431666600 0.0000000000
endloop
endfacet
facet normal 0 0 1
outer loop
vertex -0.0881666668 -0.0431666600 0.0000000000
vertex -0.0881666668 -0.0449999933 0.0000000000
vertex -0.0863333335 -0.0449999933 0.0000000000
endloop
endfacet
facet normal 0 0 1
outer loop
vertex -0.0863333335 -0.0431666600 0.0000000000
vertex -0.0845000001 -0.0449999933 0.0000000000
vertex -0.0845000001 -0.0431666600 0.0000000000
endloop
endfacet
facet normal 0 0 1
outer loop
vertex -0.0863333335 -0.0431666600 0.0000000000
vertex -0.0863333335 -0.0449999933 0.0000000000
vertex -0.0845000001 -0.0449999933 0.0000000000
endloop
endfacet
facet normal 0 0 1
outer loop
vertex -0.0955000001 -0.0449999933 0.0000000000
vertex -0.0936666668 -0.0468333267 0.0000000000
vertex -0.0936666668 -0.0449999933 0.0000000000
endloop
endfacet
facet normal 0 0 1
outer loop
vertex -0.0955000001 -0.0449999933 0.0000000000
vertex -0.0955000001 -0.0468333267 0.0000000000
vertex -0.0936666668 -0.0468333267 0.0000000000
endloop
endfacet
facet normal 0 0 1
outer loop
vertex -0.0881666668 -0.0449999933 0.0000000000
vertex -0.0863333335 -0.0468333267 0.0000000000
vertex -0.0863333335 -0.0449999933 0.0000000000
endloop
endfacet
facet normal 0 0 1
outer loop
vertex -0.0881666668 -0.0449999933 0.0000000000
vertex -0.0881666668 -0.0468333267 0.0000000000
vertex -0.0863333335 -0.0468333267 0.0000000000
endloop
endfacet
facet normal 0 0 1
outer loop
vertex -0.0863333335 -0.0449999933 0.0000000000
vertex -0.0845000001 -0.0468333267 0.0000000000
vertex -0.0845000001 -0.0449999933 0.0000000000
endloop
endfacet
facet normal 0 0 1
outer loop
vertex -0.0863333335 -0.0449999933 0.0000000000
vertex -0.0863333335 -0.0468333267 0.0000000000
vertex -0.0845000001 -0.0468333267 0.0000000000
endloop
endfacet
facet normal 0 0 1
outer loop
vertex -0.0955000001 -0.0468333267 0.0000000000
vertex -0.0936666668 -0.0486666600 0.0000000000
vertex -0.0936666668 -0.0468333267 0.0000000000
endloop
endfacet
facet normal 0 0 1
outer loop
vertex -0.0955000001 -0.0468333267 0.0000000000
vertex -0.0955000001 -0.0486666600 0.0000000000
vertex -0.0936666668 -0.0486666600 0.0000000000
endloop
endfacet
facet normal 0 0 1
outer loop
vertex -0.0918333335 -0.0468333267 0.0000000000
vertex -0.0900000001 -0.0486666600 0.0000000000
vertex -0.0900000001 -0.0468333267 0.0000000000
endloop
endfacet
facet normal 0 0 1
outer loop
vertex -0.0918333335 -0.0468333267 0.0000000000
vertex -0.0918333335 -0.0486666600 0.0000000000
vertex -0.0900000001 -0.0486666600 0.0000000000
endloop
endfacet
facet normal 0 0 1
outer loop
vertex -0.0863333335 -0.0468333267 0.0000000000
vertex -0.0845000001 -0.0486666600 0.0000000000
vertex -0.0845000001 -0.0468333267 0.0000000000
endloop
endfacet
facet normal 0 0 1
outer loop
vertex -0.0863333335 -0.0468333267 0.0000000000
vertex -0.0863333335 -0.0486666600 0.0000000000
vertex -0.0845000001 -0.0486666600 0.0000000000
endloop
endfacet
facet normal 0 0 1
outer loop
vertex -0.0955000001 -0.0486666600 0.0000000000
vertex -0.0936666668 -0.0504999933 0.0000000000
vertex -0.0936666668 -0.0486666600 0.0000000000
endloop
endfacet
facet normal 0 0 1
outer loop
vertex -0.0955000001 -0.0486666600 0.0000000000
vertex -0.0955000001 -0.0504999933 0.0000000000
vertex -0.0936666668 -0.0504999933 0.0000000000
endloop
endfacet
facet normal 0 0 1
outer loop
vertex -0.0936666668 -0.0486666600 0.0000000000
vertex -0.0918333335 -0.0504999933 0.0000000000
vertex -0.0918333335 -0.0486666600 0.0000000000
endloop
endfacet
facet normal 0 0 1
outer loop
vertex -0.0936666668 -0.0486666600 0.0000000000
vertex -0.0936666668 -0.0504999933 0.0000000000
vertex -0.0918333335 -0.0504999933 0.0000000000
endloop
endfacet
facet normal 0 0 1
outer loop
vertex -0.0918333335 -0.0486666600 0.0000000000
vertex -0.0900000001 -0.0504999933 0.0000000000
vertex -0.0900000001 -0.0486666600 0.0000000000
endloop
endfacet
facet normal 0 0 1
outer loop
vertex -0.0918333335 -0.0486666600 0.0000000000
vertex -0.0918333335 -0.0504999933 0.0000000000
vertex -0.0900000001 -0.0504999933 0.0000000000
endloop
endfacet
facet normal 0 0 1
outer loop
vertex -0.0900000001 -0.0486666600 0.0000000000
vertex -0.0881666668 -0.0504999933 0.0000000000
vertex -0.0881666668 -0.0486666600 0.0000000000
endloop
endfacet
facet normal 0 0 1
outer loop
vertex -0.0900000001 -0.0486666600 0.0000000000
vertex -0.0900000001 -0.0504999933 0.0000000000
vertex -0.0881666668 -0.0504999933 0.0000000000
endloop
endfacet
facet normal 0 0 1
outer loop
vertex -0.0881666668 -0.0486666600 0.0000000000
vertex -0.0863333335 -0.0504999933 0.0000000000
vertex -0.0863333335 -0.0486666600 0.0000000000
endloop
endfacet
facet normal 0 0 1
outer loop
vertex -0.0881666668 -0.0486666600 0.0000000000
vertex -0.0881666668 -0.0504999933 0.0000000000
vertex -0.0863333335 -0.0504999933 0.0000000000
endloop
endfacet
facet normal 0 0 1
outer loop
vertex -0.0863333335 -0.0486666600 0.0000000000
vertex -0.0845000001 -0.0504999933 0.0000000000
vertex -0.0845000001 -0.0486666600 0.0000000000
endloop
endfacet
facet normal 0 0 1
outer loop
vertex -0.0863333335 -0.0486666600 0.0000000000
vertex -0.0863333335 -0.0504999933 0.0000000000
vertex -0.0845000001 -0.0504999933 0.0000000000
endloop
endfacet
facet normal 0 0 1
outer loop
vertex -0.0655000022 -0.0394999933 0.0000000000
vertex -0.0636666689 -0.0413333267 0.0000000000
vertex -0.0636666689 -0.0394999933 0.0000000000
endloop
endfacet
facet normal 0 0 1
outer loop
vertex -0.0655000022 -0.0394999933 0.0000000000
vertex -0.0655000022 -0.0413333267 0.0000000000
vertex -0.0636666689 -0.0413333267 0.0000000000
endloop
endfacet
facet normal 0 0 1
outer loop
vertex -0.0636666689 -0.0394999933 0.0000000000
vertex -0.0618333355 -0.0413333267 0.0000000000
vertex -0.0618333355 -0.0394999933 0.0000000000
endloop
endfacet
facet normal 0 0 1
outer loop
vertex -0.0636666689 -0.0394999933 0.0000000000
vertex -0.0636666689 -0.0413333267 0.0000000000
vertex -0.0618333355 -0.0413333267 0.0000000000
endloop
endfacet
facet normal 0 0 1
outer loop
vertex -0.0618333355 -0.0394999933 0.0000000000
vertex -0.0600000022 -0.0413333267 0.0000000000
vertex -0.0600000022 -0.0394999933 0.0000000000
endloop
endfacet
facet normal 0 0 1
outer loop
vertex -0.0618333355 -0.0394999933 0.0000000000
vertex -0.0618333355 -0.0413333267 0.0000000000
vertex -0.0600000022 -0.0413333267 0.0000000000
endloop
endfacet
facet normal 0 0 1
outer loop
vertex -0.0600000022 -0.0394999933 0.0000000000
vertex -0.0581666689 -0.0413333267 0.0000000000
vertex -0.0581666689 -0.0394999933 0.0000000000
endloop
endfacet
facet normal 0 0 1
outer loop
vertex -0.0600000022 -0.0394999933 0.0000000000
vertex -0.0600000022 -0.0413333267 0.0000000000
vertex -0.0581666689 -0.0413333267 0.0000000000
endloop
endfacet
facet normal 0 0 1
outer loop
vertex -0.0581666689 -0.0394999933 0.0000000000
vertex -0.0563333355 -0.0413333267 0.0000000000
vertex -0.0563333355 -0.0394999933 0.0000000000
endloop
endfacet
facet normal 0 0 1
outer loop
vertex -0.0581666689 -0.0394999933 0.0000000000
vertex -0.0581666689 -0.0413333267 0.0000000000
vertex -0.0563333355 -0.0413333267 0.0000000000
endloop
endfacet
facet normal 0 0 1
outer loop
vertex -0.0563333355 -0.0394999933 0.0000000000
vertex -0.0545000022 -0.0413333267 0.0000000000
vertex -0.0545000022 -0.0394999933 0.0000000000
endloop
endfacet
facet normal 0 0 1
outer loop
vertex -0.0563333355 -0.0394999933 0.0000000000
vertex -0.0563333355 -0.0413333267 0.0000000000
vertex -0.0545000022 -0.0413333267 0.0000000000
endloop
endfacet
facet normal 0 0 1
outer loop
vertex -0.0655000022 -0.0413333267 0.0000000000
vertex -0.0636666689 -0.0431666600 0.0000000000
vertex -0.0636666689 -0.0413333267 0.0000000000
endloop
endfacet
facet normal 0 0 1
outer loop
vertex -0.0655000022 -0.0413333267 0.0000000000
vertex -0.0655000022 -0.0431666600 0.0000000000
vertex -0.0636666689 -0.0431666600 0.0000000000
endloop
endfacet
facet normal 0 0 1
outer loop
vertex -0.0636666689 -0.0413333267 0.0000000000
vertex -0.0618333355 -0.0431666600 0.0000000000
vertex -0.0618333355 -0.0413333267 0.0000000000
endloop
endfacet
facet normal 0 0 1
outer loop
vertex -0.0636666689 -0.0413333267 0.0000000000
vertex -0.0636666689 -0.0431666600 0.0000000000
vertex -0.0618333355 -0.0431666600 0.0000000000
endloop
endfacet
facet normal 0 0 1
outer loop
vertex -0.0618333355 -0.0413333267 0.0000000000
vertex -0.0600000022 -0.0431666600 0.0000000000
vertex -0.0600000022 -0.0413333267 0.0000000000
endloop
endfacet
facet normal 0 0 1
outer loop
vertex -0.0618333355 -0.0413333267 0.0000000000
vertex -0.0618333355 -0.0431666600 0.0000000000
vertex -0.0600000022 -0.0431666600 0.0000000000
endloop
endfacet
facet normal 0 0 1
outer loop
vertex -0.0581666689 -0.0413333267 0.0000000000
vertex -0.0563333355 -0.0431666600 0.0000000000
vertex -0.0563333355 -0.0413333267 0.0000000000
endloop
endfacet
facet normal 0 0 1
outer loop
vertex -0.0581666689 -0.0413333267 0.0000000000
vertex -0.0581666689 -0.0431666600 0.0000000000
vertex -0.0563333355 -0.0431666600 0.0000000000
endloop
endfacet
facet normal 0 0 1
outer loop
vertex -0.0563333355 -0.0413333267 0.0000000000
vertex -0.0545000022 -0.0431666600 0.0000000000
vertex -0.0545000022 -0.0413333267 0.0000000000
endloop
endfacet
facet normal 0 0 1
outer loop
vertex -0.0563333355 -0.0413333267 0.0000000000
vertex -0.0563333355 -0.0431666600 0.0000000000
vertex -0.0545000022 -0.0431666600 0.0000000000
endloop
endfacet
facet normal 0 0 1
outer loop
vertex -0.0655000022 -0.0431666600 0.0000000000
vertex -0.0636666689 -0.0449999933 0.0000000000
vertex -0.0636666689 -0.0431666600 0.0000000000
endloop
endfacet
facet normal 0 0 1
outer loop
vertex -0.0655000022 -0.0431666600 0.0000000000
vertex -0.0655000022 -0.0449999933 0.0000000000
vertex -0.0636666689 -0.0449999933 0.0000000000
endloop
endfacet
facet normal 0 0 1
outer loop
vertex -0.0600000022 -0.0431666600 0.0000000000
vertex -0.0581666689 -0.0449999933 0.0000000000
vertex -0.0581666689 -0.0431666600 0.0000000000
endloop
endfacet
facet normal 0 0 1
outer loop
vertex -0.0600000022 -0.0431666600 0.0000000000
vertex -0.0600000022 -0.0449999933 0.0000000000
vertex -0.0581666689 -0.0449999933 0.0000000000
endloop
endfacet
facet normal 0 0 1
outer loop
vertex -0.0563333355 -0.0431666600 0.0000000000
vertex -0.0545000022 -0.0449999933 0.0000000000
vertex -0.0545000022 -0.0431666600 0.0000000000
endloop
endfacet
facet normal 0 0 1
outer loop
vertex -0.0563333355 -0.0431666600 0.0000000000
vertex -0.0563333355 -0.0449999933 0.0000000000
vertex -0.0545000022 -0.0449999933 0.0000000000
endloop
endfacet
facet normal 0 0 1
outer loop
vertex -0.0655000022 -0.0449999933 0.0000000000
vertex -0.0636666689 -0.0468333267 0.0000000000
vertex -0.0636666689 -0.0449999933 0.0000000000
endloop
endfacet
facet normal 0 0 1
outer loop
vertex -0.0655000022 -0.0449999933 0.0000000000
vertex -0.0655000022 -0.0468333267 0.0000000000
vertex -0.0636666689 -0.0468333267 0.0000000000
endloop
endfacet
facet normal 0 0 1
outer loop
vertex -0.0636666689 -0.0449999933 0.0000000000
vertex -0.0618333355 -0.0468333267 0.0000000000
vertex -0.0618333355 -0.0449999933 0.0000000000
endloop
endfacet
facet normal 0 0 1
outer loop
vertex -0.0636666689 -0.0449999933 0.0000000000
vertex -0.0636666689 -0.0468333267 0.0000000000
vertex -0.0618333355 -0.0468333267 0.0000000000
endloop
endfacet
facet normal 0 0 1
outer loop
vertex -0.0618333355 -0.0449999933 0.0000000000
vertex -0.0600000022 -0.0468333267 0.0000000000
vertex -0.0600000022 -0.0449999933 0.0000000000
endloop
endfacet
facet normal 0 0 1
outer loop
vertex -0.0618333355 -0.0449999933 0.0000000000
vertex -0.0618333355 -0.0468333267 0.0000000000
vertex -0.0600000022 -0.0468333267 0.0000000000
endloop
endfacet
facet normal 0 0 1
outer loop
vertex -0.0563333355 -0.0449999933 0.0000000000
vertex -0.0545000022 -0.0468333267 0.0000000000
vertex -0.0545000022 -0.0449999933 0.0000000000
endloop
endfacet
facet normal 0 0 1
outer loop
vertex -0.0563333355 -0.0449999933 0.0000000000
vertex -0.0563333355 -0.0468333267 0.0000000000
vertex -0.0545000022 -0.0468333267 0.0000000000
endloop
endfacet
facet normal 0 0 1
outer loop
vertex -0.0655000022 -0.0468333267 0.0000000000
vertex -0.0636666689 -0.0486666600 0.0000000000
vertex -0.0636666689 -0.0468333267 0.0000000000
endloop
endfacet
facet normal 0 0 1
outer loop
vertex -0.0655000022 -0.0468333267 0.0000000000
vertex -0.0655000022 -0.0486666600 0.0000000000
vertex -0.0636666689 -0.0486666600 0.0000000000
endloop
endfacet
facet normal 0 0 1
outer loop
vertex -0.0563333355 -0.0468333267 0.0000000000
vertex -0.0545000022 -0.0486666600 0.0000000000
vertex -0.0545000022 -0.0468333267 0.0000000000
endloop
endfacet
facet normal 0 0 1
outer loop
vertex -0.0563333355 -0.0468333267 0.0000000000
vertex -0.0563333355 -0.0486666600 0.0000000000
vertex -0.0545000022 -0.0486666600 0.0000000000
endloop
endfacet
facet normal 0 0 1
outer loop
vertex -0.0655000022 -0.0486666600 0.0000000000
vertex -0.0636666689 -0.0504999933 0.0000000000
vertex -0.0636666689 -0.0486666600 0.0000000000
endloop
endfacet
facet normal 0 0 1
outer loop
vertex -0.0655000022 -0.0486666600 0.0000000000
vertex -0.0655000022 -0.0504999933 0.0000000000
vertex -0.0636666689 -0.0504999933 0.0000000000
endloop
endfacet
facet normal 0 0 1
outer loop
vertex -0.0636666689 -0.0486666600 0.0000000000
vertex -0.0618333355 -0.0504999933 0.0000000000
vertex -0.0618333355 -0.0486666600 0.0000000000
endloop
endfacet
facet normal 0 0 1
outer loop
vertex -0.0636666689 -0.0486666600 0.0000000000
vertex -0.0636666689 -0.0504999933 0.0000000000
vertex -0.0618333355 -0.0504999933 0.0000000000
endloop
endfacet
facet normal 0 0 1
outer loop
vertex -0.0618333355 -0.0486666600 0.0000000000
vertex -0.0600000022 -0.0504999933 0.0000000000
vertex -0.0600000022 -0.0486666600 0.0000000000
endloop
endfacet
facet normal 0 0 1
outer loop
vertex -0.0618333355 -0.0486666600 0.0000000000
vertex -0.0618333355 -0.0504999933 0.0000000000
vertex -0.0600000022 -0.0504999933 0.0000000000
endloop
endfacet
facet normal 0 0 1
outer loop
vertex -0.0600000022 -0.0486666600 0.0000000000
vertex -0.0581666689 -0.0504999933 0.0000000000
vertex -0.0581666689 -0.0486666600 0.0000000000
endloop
endfacet
facet normal 0 0 1
outer loop
vertex -0.0600000022 -0.0486666600 0.0000000000
vertex -0.0600000022 -0.0504999933 0.0000000000
vertex -0.0581666689 -0.0504999933 0.0000000000
endloop
endfacet
facet normal 0 0 1
outer loop
vertex -0.0581666689 -0.0486666600 0.0000000000
vertex -0.0563333355 -0.0504999933 0.0000000000
vertex -0.0563333355 -0.0486666600 0.0000000000
endloop
endfacet
facet normal 0 0 1
outer loop
vertex -0.0581666689 -0.0486666600 0.0000000000
vertex -0.0581666689 -0.0504999933 0.0000000000
vertex -0.0563333355 -0.0504999933 0.0000000000
endloop
endfacet
facet normal 0 0 1
outer loop
vertex -0.0563333355 -0.0486666600 0.0000000000
vertex -0.0545000022 -0.0504999933 0.0000000000
vertex -0.0545000022 -0.0486666600 0.0000000000
endloop
endfacet
facet normal 0 0 1
outer loop
vertex -0.0563333355 -0.0486666600 0.0000000000
vertex -0.0563333355 -0.0504999933 0.0000000000
vertex -0.0545000022 -0.0504999933 0.0000000000
endloop
endfacet
facet normal 0 0 1
outer loop
vertex -0.0355000010 -0.0394999933 0.0000000000
vertex -0.0336666677 -0.0413333267 0.0000000000
vertex -0.0336666677 -0.0394999933 0.0000000000
endloop
endfacet
facet normal 0 0 1
outer loop
vertex -0.0355000010 -0.0394999933 0.0000000000
vertex -0.0355000010 -0.0413333267 0.0000000000
vertex -0.0336666677 -0.0413333267 0.0000000000
endloop
endfacet
facet normal 0 0 1
outer loop
vertex -0.0336666677 -0.0394999933 0.0000000000
vertex -0.0318333343 -0.0413333267 0.0000000000
vertex -0.0318333343 -0.0394999933 0.0000000000
endloop
endfacet
facet normal 0 0 1
outer loop
vertex -0.0336666677 -0.0394999933 0.0000000000
vertex -0.0336666677 -0.0413333267 0.0000000000
vertex -0.0318333343 -0.0413333267 0.0000000000
endloop
endfacet
facet normal 0 0 1
outer loop
vertex -0.0318333343 -0.0394999933 0.0000000000
vertex -0.0300000010 -0.0413333267 0.0000000000
vertex -0.0300000010 -0.0394999933 0.0000000000
endloop
endfacet
facet normal 0 0 1
outer loop
vertex -0.0318333343 -0.0394999933 0.0000000000
vertex -0.0318333343 -0.0413333267 0.0000000000
vertex -0.0300000010 -0.0413333267 0.0000000000
endloop
endfacet
facet normal 0 0 1
outer loop
vertex -0.0300000010 -0.0394999933 0.0000000000
vertex -0.0281666677 -0.0413333267 0.0000000000
vertex -0.0281666677 -0.0394999933 0.0000000000
endloop
endfacet
facet normal 0 0 1
outer loop
vertex -0.0300000010 -0.0394999933 0.0000000000
vertex -0.0300000010 -0.0413333267 0.0000000000
vertex -0.0281666677 -0.0413333267 0.0000000000
endloop
endfacet
facet normal 0 0 1
outer loop
vertex -0.0281666677 -0.0394999933 0.0000000000
vertex -0.0263333343 -0.0413333267 0.0000000000
vertex -0.0263333343 -0.0394999933 0.0000000000
endloop
endfacet
facet normal 0 0 1
outer loop
vertex -0.0281666677 -0.0394999933 0.0000000000
vertex -0.0281666677 -0.0413333267 0.0000000000
vertex -0.0263333343 -0.0413333267 0.0000000000
endloop
endfacet
facet normal 0 0 1
outer loop
vertex -0.0263333343 -0.0394999933 0.0000000000
vertex -0.0245000010 -0.0413333267 0.0000000000
vertex -0.0245000010 -0.0394999933 0.0000000000
endloop
endfacet
facet normal 0 0 1
outer loop
vertex -0.0263333343 -0.0394999933 0.0000000000
vertex -0.0263333343 -0.0413333267 0.0000000000
vertex -0.0245000010 -0.0413333267 0.0000000000
endloop
endfacet
facet normal 0 0 1
outer loop
vertex -0.0355000010 -0.0413333267 0.0000000000
vertex -0.0336666677 -0.0431666600 0.0000000000
vertex -0.0336666677 -0.0413333267 0.0000000000
endloop
endfacet
facet normal 0 0 1
outer loop
vertex -0.0355000010 -0.0413333267 0.0000000000
vertex -0.0355000010 -0.0431666600 0.0000000000
vertex -0.0336666677 -0.0431666600 0.0000000000
endloop
endfacet
facet normal 0 0 1
outer loop
vertex -0.0336666677 -0.0413333267 0.0000000000
vertex -0.0318333343 -0.0431666600 0.0000000000
vertex -0.0318333343 -0.0413333267 0.0000000000
endloop
endfacet
facet normal 0 0 1
outer loop
vertex -0.0336666677 -0.0413333267 0.0000000000
vertex -0.0336666677 -0.0431666600 0.0000000000
vertex -0.0318333343 -0.0431666600 0.0000000000
endloop
endfacet
facet normal 0 0 1
outer loop
vertex -0.0300000010 -0.0413333267 0.0000000000
vertex -0.0281666677 -0.0431666600 0.0000000000
vertex -0.0281666677 -0.0413333267 0.0000000000
endloop
endfacet
facet normal 0 0 1
outer loop
vertex -0.0300000010 -0.0413333267 0.0000000000
vertex -0.0300000010 -0.0431666600 0.0000000000
vertex -0.0281666677 -0.0431666600 0.0000000000
endloop
endfacet
facet normal 0 0 1
outer loop
vertex -0.0281666677 -0.0413333267 0.0000000000
vertex -0.0263333343 -0.0431666600 0.0000000000
vertex -0.0263333343 -0.0413333267 0.0000000000
endloop
endfacet
facet normal 0 0 1
outer loop
vertex -0.0281666677 -0.0413333267 0.0000000000
vertex -0.0281666677 -0.0431666600 0.0000000000
vertex -0.0263333343 -0.0431666600 0.0000000000
endloop
endfacet
facet normal 0 0 1
outer loop
vertex -0.0263333343 -0.0413333267 0.0000000000
vertex -0.0245000010 -0.0431666600 0.0000000000
vertex -0.0245000010 -0.0413333267 0.0000000000
endloop
endfacet
facet normal 0 0 1
outer loop
vertex -0.0263333343 -0.0413333267 0.0000000000
vertex -0.0263333343 -0.0431666600 0.0000000000
vertex -0.0245000010 -0.0431666600 0.0000000000
endloop
endfacet
facet normal 0 0 1
outer loop
vertex -0.0355000010 -0.0431666600 0.0000000000
vertex -0.0336666677 -0.0449999933 0.0000000000
vertex -0.0336666677 -0.0431666600 0.0000000000
endloop
endfacet
facet normal 0 0 1
outer loop
vertex -0.0355000010 -0.0431666600 0.0000000000
vertex -0.0355000010 -0.0449999933 0.0000000000
vertex -0.0336666677 -0.0449999933 0.0000000000
endloop
endfacet
facet normal 0 0 1
outer loop
vertex -0.0318333343 -0.0431666600 0.0000000000
vertex -0.0300000010 -0.0449999933 0.0000000000
vertex -0.0300000010 -0.0431666600 0.0000000000
endloop
endfacet
facet normal 0 0 1
outer loop
vertex -0.0318333343 -0.0431666600 0.0000000000
vertex -0.0318333343 -0.0449999933 0.0000000000
vertex -0.0300000010 -0.0449999933 0.0000000000
endloop
endfacet
facet normal 0 0 1
outer loop
vertex -0.0263333343 -0.0431666600 0.0000000000
vertex -0.0245000010 -0.0449999933 0.0000000000
vertex -0.0245000010 -0.0431666600 0.0000000000
endloop
endfacet
facet normal 0 0 1
outer loop
vertex -0.0263333343 -0.0431666600 0.0000000000
vertex -0.0263333343 -0.0449999933 0.0000000000
vertex -0.0245000010 -0.0449999933 0.0000000000
endloop
endfacet
facet normal 0 0 1
outer loop
vertex -0.0355000010 -0.0449999933 0.0000000000
vertex -0.0336666677 -0.0468333267 0.0000000000
vertex -0.0336666677 -0.0449999933 0.0000000000
endloop
endfacet
facet normal 0 0 1
outer loop
vertex -0.0355000010 -0.0449999933 0.0000000000
vertex -0.0355000010 -0.0468333267 0.0000000000
vertex -0.0336666677 -0.0468333267 0.0000000000
endloop
endfacet
facet normal 0 0 1
outer loop
vertex -0.0336666677 -0.0449999933 0.0000000000
vertex -0.0318333343 -0.0468333267 0.0000000000
vertex -0.0318333343 -0.0449999933 0.0000000000
endloop
endfacet
facet normal 0 0 1
outer loop
vertex -0.0336666677 -0.0449999933 0.0000000000
vertex -0.0336666677 -0.0468333267 0.0000000000
vertex -0.0318333343 -0.0468333267 0.0000000000
endloop
endfacet
facet normal 0 0 1
outer loop
vertex -0.0281666677 -0.0449999933 0.0000000000
vertex -0.0263333343 -0.0468333267 0.0000000000
vertex -0.0263333343 -0.0449999933 0.0000000000
endloop
endfacet
facet normal 0 0 1
outer loop
vertex -0.0281666677 -0.0449999933 0.0000000000
vertex -0.0281666677 -0.0468333267 0.0000000000
vertex -0.0263333343 -0.0468333267 0.0000000000
endloop
endfacet
facet normal 0 0 1
outer loop
vertex -0.0263333343 -0.0449999933 0.0000000000
vertex -0.0245000010 -0.0468333267 0.0000000000
vertex -0.0245000010 -0.0449999933 0.0000000000
endloop
endfacet
facet normal 0 0 1
outer loop
vertex -0.0263333343 -0.0449999933 0.0000000000
vertex -0.0263333343 -0.0468333267 0.0000000000
vertex -0.0245000010 -0.0468333267 0.0000000000
endloop
endfacet
facet normal 0 0 1
outer loop
vertex -0.0355000010 -0.0468333267 0.0000000000
vertex -0.0336666677 -0.0486666600 0.0000000000
vertex -0.0336666677 -0.0468333267 0.0000000000
endloop
endfacet
facet normal 0 0 1
outer loop
vertex -0.0355000010 -0.0468333267 0.0000000000
vertex -0.0355000010 -0.0486666600 0.0000000000
vertex -0.0336666677 -0.0486666600 0.0000000000
endloop
endfacet
facet normal 0 0 1
outer loop
vertex -0.0336666677 -0.0468333267 0.0000000000
vertex -0.0318333343 -0.0486666600 0.0000000000
vertex -0.0318333343 -0.0468333267 0.0000000000
endloop
endfacet
facet normal 0 0 1
outer loop
vertex -0.0336666677 -0.0468333267 0.0000000000
vertex -0.0336666677 -0.0486666600 0.0000000000
vertex -0.0318333343 -0.0486666600 0.0000000000
endloop
endfacet
facet normal 0 0 1
outer loop
vertex -0.0300000010 -0.0468333267 0.0000000000
vertex -0.0281666677 -0.0486666600 0.0000000000
vertex -0.0281666677 -0.0468333267 0.0000000000
endloop
endfacet
facet normal 0 0 1
outer loop
vertex -0.0300000010 -0.0468333267 0.0000000000
vertex -0.0300000010 -0.0486666600 0.0000000000
vertex -0.0281666677 -0.0486666600 0.0000000000
endloop
endfacet
facet normal 0 0 1
outer loop
vertex -0.0281666677 -0.0468333267 0.0000000000
vertex -0.0263333343 -0.0486666600 0.0000000000
vertex -0.0263333343 -0.0468333267 0.0000000000
endloop
endfacet
facet normal 0 0 1
outer loop
vertex -0.0281666677 -0.0468333267 0.0000000000
vertex -0.0281666677 -0.0486666600 0.0000000000
vertex -0.0263333343 -0.0486666600 0.0000000000
endloop
endfacet
facet normal 0 0 1
outer loop
vertex -0.0263333343 -0.0468333267 0.0000000000
vertex -0.0245000010 -0.0486666600 0.0000000000
vertex -0.0245000010 -0.0468333267 0.0000000000
endloop
endfacet
facet normal 0 0 1
outer loop
vertex -0.0263333343 -0.0468333267 0.0000000000
vertex -0.0263333343 -0.0486666600 0.0000000000
vertex -0.0245000010 -0.0486666600 0.0000000000
endloop
endfacet
facet normal 0 0 1
outer loop
vertex -0.0355000010 -0.0486666600 0.0000000000
vertex -0.0336666677 -0.0504999933 0.0000000000
vertex -0.0336666677 -0.0486666600 0.0000000000
endloop
endfacet
facet normal 0 0 1
outer loop
vertex -0.0355000010 -0.0486666600 0.0000000000
vertex -0.0355000010 -0.0504999933 0.0000000000
vertex -0.0336666677 -0.0504999933 0.0000000000
endloop
endfacet
facet normal 0 0 1
outer loop
vertex -0.0336666677 -0.0486666600 0.0000000000
vertex -0.0318333343 -0.0504999933 0.0000000000
vertex -0.0318333343 -0.0486666600 0.0000000000
endloop
endfacet
facet normal 0 0 1
outer loop
vertex -0.0336666677 -0.0486666600 0.0000000000
vertex -0.0336666677 -0.0504999933 0.0000000000
vertex -0.0318333343 -0.0504999933 0.0000000000
endloop
endfacet
facet normal 0 0 1
outer loop
vertex -0.0318333343 -0.0486666600 0.0000000000
vertex -0.0300000010 -0.0504999933 0.0000000000
vertex -0.0300000010 -0.0486666600 0.0000000000
endloop
endfacet
facet normal 0 0 1
outer loop
vertex -0.0318333343 -0.0486666600 0.0000000000
vertex -0.0318333343 -0.0504999933 0.0000000000
vertex -0.0300000010 -0.0504999933 0.0000000000
endloop
endfacet
facet normal 0 0 1
outer loop
vertex -0.0300000010 -0.0486666600 0.0000000000
vertex -0.0281666677 -0.0504999933 0.0000000000
vertex -0.0281666677 -0.0486666600 0.0000000000
endloop
endfacet
facet normal 0 0 1
outer loop
vertex -0.0300000010 -0.0486666600 0.0000000000
vertex -0.0300000010 -0.0504999933 0.0000000000
vertex -0.0281666677 -0.0504999933 0.0000000000
endloop
endfacet
facet normal 0 0 1
outer loop
vertex -0.0281666677 -0.0486666600 0.0000000000
vertex -0.0263333343 -0.0504999933 0.0000000000
vertex -0.0263333343 -0.0486666600 0.0000000000
endloop
endfacet
facet normal 0 0 1
outer loop
vertex -0.0281666677 -0.0486666600 0.0000000000
vertex -0.0281666677 -0.0504999933 0.0000000000
vertex -0.0263333343 -0.0504999933 0.0000000000
endloop
endfacet
facet normal 0 0 1
outer loop
vertex -0.0263333343 -0.0486666600 0.0000000000
vertex -0.0245000010 -0.0504999933 0.0000000000
vertex -0.0245000010 -0.0486666600 0.0000000000
endloop
endfacet
facet normal 0 0 1
outer loop
vertex -0.0263333343 -0.0486666600 0.0000000000
vertex -0.0263333343 -0.0504999933 0.0000000000
vertex -0.0245000010 -0.0504999933 0.0000000000
endloop
endfacet
facet normal 0 0 1
outer loop
vertex -0.0055000073 -0.0394999933 0.0000000000
vertex -0.0036666739 -0.0413333267 0.0000000000
vertex -0.0036666739 -0.0394999933 0.0000000000
endloop
endfacet
facet normal 0 0 1
outer loop
vertex -0.0055000073 -0.0394999933 0.0000000000
vertex -0.0055000073 -0.0413333267 0.0000000000
vertex -0.0036666739 -0.0413333267 0.0000000000
endloop
endfacet
facet normal 0 0 1
outer loop
vertex -0.0036666739 -0.0394999933 0.0000000000
vertex -0.0018333406 -0.0413333267 0.0000000000
vertex -0.0018333406 -0.0394999933 0.0000000000
endloop
endfacet
facet normal 0 0 1
outer loop
vertex -0.0036666739 -0.0394999933 0.0000000000
vertex -0.0036666739 -0.0413333267 0.0000000000
vertex -0.0018333406 -0.0413333267 0.0000000000
endloop
endfacet
facet normal 0 0 1
outer loop
vertex -0.0018333406 -0.0394999933 0.0000000000
vertex -0.0000000073 -0.0413333267 0.0000000000
vertex -0.0000000073 -0.0394999933 0.0000000000
endloop
endfacet
facet normal 0 0 1
outer loop
vertex -0.0018333406 -0.0394999933 0.0000000000
vertex -0.0018333406 -0.0413333267 0.0000000000
vertex -0.0000000073 -0.0413333267 0.0000000000
endloop
endfacet
facet normal 0 0 1
outer loop
vertex -0.0000000073 -0.0394999933 0.0000000000
vertex 0.0018333261 -0.0413333267 0.0000000000
vertex 0.0018333261 -0.0394999933 0.0000000000
endloop
endfacet
facet normal 0 0 1
outer loop
vertex -0.0000000073 -0.0394999933 0.0000000000
vertex -0.0000000073 -0.0413333267 0.0000000000
vertex 0.0018333261 -0.0413333267 0.0000000000
endloop
endfacet
facet normal 0 0 1
outer loop
vertex 0.0018333261 -0.0394999933 0.0000000000
vertex 0.0036666594 -0.0413333267 0.0000000000
vertex 0.0036666594 -0.0394999933 0.0000000000
endloop
endfacet
facet normal 0 0 1
outer loop
vertex 0.0018333261 -0.0394999933 0.0000000000
vertex 0.0018333261 -0.0413333267 0.0000000000
vertex 0.0036666594 -0.0413333267 0.0000000000
endloop
endfacet
facet normal 0 0 1
outer loop
vertex 0.0036666594 -0.0394999933 0.0000000000
vertex 0.0054999927 -0.0413333267 0.0000000000
vertex 0.0054999927 -0.0394999933 0.0000000000
endloop
endfacet
facet normal 0 0 1
outer loop
vertex 0.0036666594 -0.0394999933 0.0000000000
vertex 0.0036666594 -0.0413333267 0.0000000000
vertex 0.0054999927 -0.0413333267 0.0000000000
endloop
endfacet
facet normal 0 0 1
outer loop
vertex -0.0055000073 -0.0413333267 0.0000000000
vertex -0.0036666739 -0.0431666600 0.0000000000
vertex -0.0036666739 -0.0413333267 0.0000000000
endloop
endfacet
facet normal 0 0 1
outer loop
vertex -0.0055000073 -0.0413333267 0.0000000000
vertex -0.0055000073 -0.0431666600 0.0000000000
vertex -0.0036666739 -0.0431666600 0.0000000000
endloop
endfacet
facet normal 0 0 1
outer loop
vertex -0.0036666739 -0.0413333267 0.0000000000
vertex -0.0018333406 -0.0431666600 0.0000000000
vertex -0.0018333406 -0.0413333267 0.0000000000
endloop
endfacet
facet normal 0 0 1
outer loop
vertex -0.0036666739 -0.0413333267 0.0000000000
vertex -0.0036666739 -0.0431666600 0.0000000000
vertex -0.0018333406 -0.0431666600 0.0000000000
endloop
endfacet
facet normal 0 0 1
outer loop
vertex -0.0000000073 -0.0413333267 0.0000000000
vertex 0.0018333261 -0.0431666600 0.0000000000
vertex 0.0018333261 -0.0413333267 0.0000000000
endloop
endfacet
facet normal 0 0 1
outer loop
vertex -0.0000000073 -0.0413333267 0.0000000000
vertex -0.0000000073 -0.0431666600 0.0000000000
vertex 0.0018333261 -0.0431666600 0.0000000000
endloop
endfacet
facet normal 0 0 1
outer loop
vertex 0.0036666594 -0.0413333267 0.0000000000
vertex 0.0054999927 -0.0431666600 0.0000000000
vertex 0.0054999927 -0.0413333267 0.0000000000
endloop
endfacet
facet normal 0 0 1
outer loop
vertex 0.0036666594 -0.0413333267 0.0000000000
vertex 0.0036666594 -0.0431666600 0.0000000000
vertex 0.0054999927 -0.0431666600 0.0000000000
endloop
endfacet
facet normal 0 0 1
outer loop
vertex -0.0055000073 -0.0431666600 0.0000000000
vertex -0.0036666739 -0.0449999933 0.0000000000
vertex -0.0036666739 -0.0431666600 0.0000000000
endloop
endfacet
facet normal 0 0 1
outer loop
vertex -0.0055000073 -0.0431666600 0.0000000000
vertex -0.0055000073 -0.0449999933 0.0000000000
vertex -0.0036666739 -0.0449999933 0.0000000000
endloop
endfacet
facet normal 0 0 1
outer loop
vertex -0.0036666739 -0.0431666600 0.0000000000
vertex -0.0018333406 -0.0449999933 0.0000000000
vertex -0.0018333406 -0.0431666600 0.0000000000
endloop
endfacet
facet normal 0 0 1
outer loop
vertex -0.0036666739 -0.0431666600 0.0000000000
vertex -0.0036666739 -0.0449999933 0.0000000000
vertex -0.0018333406 -0.0449999933 0.0000000000
endloop
endfacet
facet normal 0 0 1
outer loop
vertex -0.0018333406 -0.0431666600 0.0000000000
vertex -0.0000000073 -0.0449999933 0.0000000000
vertex -0.0000000073 -0.0431666600 0.0000000000
endloop
endfacet
facet normal 0 0 1
outer loop
vertex -0.0018333406 -0.0431666600 0.0000000000
vertex -0.0018333406 -0.0449999933 0.0000000000
vertex -0.0000000073 -0.0449999933 0.0000000000
endloop
endfacet
facet normal 0 0 1
outer loop
vertex -0.0000000073 -0.0431666600 0.0000000000
vertex 0.0018333261 -0.0449999933 0.0000000000
vertex 0.0018333261 -0.0431666600 0.0000000000
endloop
endfacet
facet normal 0 0 1
outer loop
vertex -0.0000000073 -0.0431666600 0.0000000000
vertex -0.0000000073 -0.0449999933 0.0000000000
vertex 0.0018333261 -0.0449999933 0.0000000000
endloop
endfacet
facet normal 0 0 1
outer loop
vertex 0.0018333261 -0.0431666600 0.0000000000
vertex 0.0036666594 -0.0449999933 0.0000000000
vertex 0.0036666594 -0.0431666600 0.0000000000
endloop
endfacet
facet normal 0 0 1
outer loop
vertex 0.0018333261 -0.0431666600 0.0000000000
vertex 0.0018333261 -0.0449999933 0.0000000000
vertex 0.0036666594 -0.0449999933 0.0000000000
endloop
endfacet
facet normal 0 0 1
outer loop
vertex 0.0036666594 -0.0431666600 0.0000000000
vertex 0.0054999927 -0.0449999933 0.0000000000
vertex 0.0054999927 -0.0431666600 0.0000000000
endloop
endfacet
facet normal 0 0 1
outer loop
vertex 0.0036666594 -0.0431666600 0.0000000000
vertex 0.0036666594 -0.0449999933 0.0000000000
vertex 0.0054999927 -0.0449999933 0.0000000000
endloop
endfacet
facet normal 0 0 1
outer loop
vertex -0.0055000073 -0.0449999933 0.0000000000
vertex -0.0036666739 -0.0468333267 0.0000000000
vertex -0.0036666739 -0.0449999933 0.0000000000
endloop
endfacet
facet normal 0 0 1
outer loop
vertex -0.0055000073 -0.0449999933 0.0000000000
vertex -0.0055000073 -0.0468333267 0.0000000000
vertex -0.0036666739 -0.0468333267 0.0000000000
endloop
endfacet
facet normal 0 0 1
outer loop
vertex -0.0036666739 -0.0449999933 0.0000000000
vertex -0.0018333406 -0.0468333267 0.0000000000
vertex -0.0018333406 -0.0449999933 0.0000000000
endloop
endfacet
facet normal 0 0 1
outer loop
vertex -0.0036666739 -0.0449999933 0.0000000000
vertex -0.0036666739 -0.0468333267 0.0000000000
vertex -0.0018333406 -0.0468333267 0.0000000000
endloop
endfacet
facet normal 0 0 1
outer loop
vertex -0.0018333406 -0.0449999933 0.0000000000
vertex -0.0000000073 -0.0468333267 0.0000000000
vertex -0.0000000073 -0.0449999933 0.0000000000
endloop
endfacet
facet normal 0 0 1
outer loop
vertex -0.0018333406 -0.0449999933 0.0000000000
vertex -0.0018333406 -0.0468333267 0.0000000000
vertex -0.0000000073 -0.0468333267 0.0000000000
endloop
endfacet
facet normal 0 0 1
outer loop
vertex 0.0018333261 -0.0449999933 0.0000000000
vertex 0.0036666594 -0.0468333267 0.0000000000
vertex 0.0036666594 -0.0449999933 0.0000000000
endloop
endfacet
facet normal 0 0 1
outer loop
vertex 0.0018333261 -0.0449999933 0.0000000000
vertex 0.0018333261 -0.0468333267 0.0000000000
vertex 0.0036666594 -0.0468333267 0.0000000000
endloop
endfacet
facet normal 0 0 1
outer loop
vertex 0.0036666594 -0.0449999933 0.0000000000
vertex 0.0054999927 -0.0468333267 0.0000000000
vertex 0.0054999927 -0.0449999933 0.0000000000
endloop
endfacet
facet normal 0 0 1
outer loop
vertex 0.0036666594 -0.0449999933 0.0000000000
vertex 0.0036666594 -0.0468333267 0.0000000000
vertex 0.0054999927 -0.0468333267 0.0000000000
endloop
endfacet
facet normal 0 0 1
outer loop
vertex -0.0055000073 -0.0468333267 0.0000000000
vertex -0.0036666739 -0.0486666600 0.0000000000
vertex -0.0036666739 -0.0468333267 0.0000000000
endloop
endfacet
facet normal 0 0 1
outer loop
vertex -0.0055000073 -0.0468333267 0.0000000000
vertex -0.0055000073 -0.0486666600 0.0000000000
vertex -0.0036666739 -0.0486666600 0.0000000000
endloop
endfacet
facet normal 0 0 1
outer loop
vertex 0.0018333261 -0.0468333267 0.0000000000
vertex 0.0036666594 -0.0486666600 0.0000000000
vertex 0.0036666594 -0.0468333267 0.0000000000
endloop
endfacet
facet normal 0 0 1
outer loop
vertex 0.0018333261 -0.0468333267 0.0000000000
vertex 0.0018333261 -0.0486666600 0.0000000000
vertex 0.0036666594 -0.0486666600 0.0000000000
endloop
endfacet
facet normal 0 0 1
outer loop
vertex 0.0036666594 -0.0468333267 0.0000000000
vertex 0.0054999927 -0.0486666600 0.0000000000
vertex 0.0054999927 -0.0468333267 0.0000000000
endloop
endfacet
facet normal 0 0 1
outer loop
vertex 0.0036666594 -0.0468333267 0.0000000000
vertex 0.0036666594 -0.0486666600 0.0000000000
vertex 0.0054999927 -0.0486666600 0.0000000000
endloop
endfacet
facet normal 0 0 1
outer loop
vertex -0.0055000073 -0.0486666600 0.0000000000
vertex -0.0036666739 -0.0504999933 0.0000000000
vertex -0.0036666739 -0.0486666600 0.0000000000
endloop
endfacet
facet normal 0 0 1
outer loop
vertex -0.0055000073 -0.0486666600 0.0000000000
vertex -0.0055000073 -0.0504999933 0.0000000000
vertex -0.0036666739 -0.0504999933 0.0000000000
endloop
endfacet
facet normal 0 0 1
outer loop
vertex -0.0036666739 -0.0486666600 0.0000000000
vertex -0.0018333406 -0.0504999933 0.0000000000
vertex -0.0018333406 -0.0486666600 0.0000000000
endloop
endfacet
facet normal 0 0 1
outer loop
vertex -0.0036666739 -0.0486666600 0.0000000000
vertex -0.0036666739 -0.0504999933 0.0000000000
vertex -0.0018333406 -0.0504999933 0.0000000000
endloop
endfacet
facet normal 0 0 1
outer loop
vertex -0.0018333406 -0.0486666600 0.0000000000
vertex -0.0000000073 -0.0504999933 0.0000000000
vertex -0.0000000073 -0.0486666600 0.0000000000
endloop
endfacet
facet normal 0 0 1
outer loop
vertex -0.0018333406 -0.0486666600 0.0000000000
vertex -0.0018333406 -0.0504999933 0.0000000000
vertex -0.0000000073 -0.0504999933 0.0000000000
endloop
endfacet
facet normal 0 0 1
outer loop
vertex -0.0000000073 -0.0486666600 0.0000000000
vertex 0.0018333261 -0.0504999933 0.0000000000
vertex 0.0018333261 -0.0486666600 0.0000000000
endloop
endfacet
facet normal 0 0 1
outer loop
vertex -0.0000000073 -0.0486666600 0.0000000000
vertex -0.0000000073 -0.0504999933 0.0000000000
vertex 0.0018333261 -0.0504999933 0.0000000000
endloop
endfacet
facet normal 0 0 1
outer loop
vertex 0.0018333261 -0.0486666600 0.0000000000
vertex 0.0036666594 -0.0504999933 0.0000000000
vertex 0.0036666594 -0.0486666600 0.0000000000
endloop
endfacet
facet normal 0 0 1
outer loop
vertex 0.0018333261 -0.0486666600 0.0000000000
vertex 0.0018333261 -0.0504999933 0.0000000000
vertex 0.0036666594 -0.0504999933 0.0000000000
endloop
endfacet
facet normal 0 0 1
outer loop
vertex 0.0036666594 -0.0486666600 0.0000000000
vertex 0.0054999927 -0.0504999933 0.0000000000
vertex 0.0054999927 -0.0486666600 0.0000000000
endloop
endfacet
facet normal 0 0 1
outer loop
vertex 0.0036666594 -0.0486666600 0.0000000000
vertex 0.0036666594 -0.0504999933 0.0000000000
vertex 0.0054999927 -0.0504999933 0.0000000000
endloop
endfacet
facet normal 0 0 1
outer loop
vertex 0.0244999939 -0.0394999933 0.0000000000
vertex 0.0263333273 -0.0413333267 0.0000000000
vertex 0.0263333273 -0.0394999933 0.0000000000
endloop
endfacet
facet normal 0 0 1
outer loop
vertex 0.0244999939 -0.0394999933 0.0000000000
vertex 0.0244999939 -0.0413333267 0.0000000000
vertex 0.0263333273 -0.0413333267 0.0000000000
endloop
endfacet
facet normal 0 0 1
outer loop
vertex 0.0263333273 -0.0394999933 0.0000000000
vertex 0.0281666606 -0.0413333267 0.0000000000
vertex 0.0281666606 -0.0394999933 0.0000000000
endloop
endfacet
facet normal 0 0 1
outer loop
vertex 0.0263333273 -0.0394999933 0.0000000000
vertex 0.0263333273 -0.0413333267 0.0000000000
vertex 0.0281666606 -0.0413333267 0.0000000000
endloop
endfacet
facet normal 0 0 1
outer loop
vertex 0.0281666606 -0.0394999933 0.0000000000
vertex 0.0299999939 -0.0413333267 0.0000000000
vertex 0.0299999939 -0.0394999933 0.0000000000
endloop
endfacet
facet normal 0 0 1
outer loop
vertex 0.0281666606 -0.0394999933 0.0000000000
vertex 0.0281666606 -0.0413333267 0.0000000000
vertex 0.0299999939 -0.0413333267 0.0000000000
endloop
endfacet
facet normal 0 0 1
outer loop
vertex 0.0299999939 -0.0394999933 0.0000000000
vertex 0.0318333273 -0.0413333267 0.0000000000
vertex 0.0318333273 -0.0394999933 0.0000000000
endloop
endfacet
facet normal 0 0 1
outer loop
vertex 0.0299999939 -0.0394999933 0.0000000000
vertex 0.0299999939 -0.0413333267 0.0000000000
vertex 0.0318333273 -0.0413333267 0.0000000000
endloop
endfacet
facet normal 0 0 1
outer loop
vertex 0.0318333273 -0.0394999933 0.0000000000
vertex 0.0336666606 -0.0413333267 0.0000000000
vertex 0.0336666606 -0.0394999933 0.0000000000
endloop
endfacet
facet normal 0 0 1
outer loop
vertex 0.0318333273 -0.0394999933 0.0000000000
vertex 0.0318333273 -0.0413333267 0.0000000000
vertex 0.0336666606 -0.0413333267 0.0000000000
endloop
endfacet
facet normal 0 0 1
outer loop
vertex 0.0336666606 -0.0394999933 0.0000000000
vertex 0.0354999939 -0.0413333267 0.0000000000
vertex 0.0354999939 -0.0394999933 0.0000000000
endloop
endfacet
facet normal 0 0 1
outer loop
vertex 0.0336666606 -0.0394999933 0.0000000000
vertex 0.0336666606 -0.0413333267 0.0000000000
vertex 0.0354999939 -0.0413333267 0.0000000000
endloop
endfacet
facet normal 0 0 1
outer loop
vertex 0.0244999939 -0.0413333267 0.0000000000
vertex 0.0263333273 -0.0431666600 0.0000000000
vertex 0.0263333273 -0.0413333267 0.0000000000
endloop
endfacet
facet normal 0 0 1
outer loop
vertex 0.0244999939 -0.0413333267 0.0000000000
vertex 0.0244999939 -0.0431666600 0.0000000000
vertex 0.0263333273 -0.0431666600 0.0000000000
endloop
endfacet
facet normal 0 0 1
outer loop
vertex 0.0263333273 -0.0413333267 0.0000000000
vertex 0.0281666606 -0.0431666600 0.0000000000
vertex 0.0281666606 -0.0413333267 0.0000000000
endloop
endfacet
facet normal 0 0 1
outer loop
vertex 0.0263333273 -0.0413333267 0.0000000000
vertex 0.0263333273 -0.0431666600 0.0000000000
vertex 0.0281666606 -0.0431666600 0.0000000000
endloop
endfacet
facet normal 0 0 1
outer loop
vertex 0.0299999939 -0.0413333267 0.0000000000
vertex 0.0318333273 -0.0431666600 0.0000000000
vertex 0.0318333273 -0.0413333267 0.0000000000
endloop
endfacet
facet normal 0 0 1
outer loop
vertex 0.0299999939 -0.0413333267 0.0000000000
vertex 0.0299999939 -0.0431666600 0.0000000000
vertex 0.0318333273 -0.0431666600 0.0000000000
endloop
endfacet
facet normal 0 0 1
outer loop
vertex 0.0336666606 -0.0413333267 0.0000000000
vertex 0.0354999939 -0.0431666600 0.0000000000
vertex 0.0354999939 -0.0413333267 0.0000000000
endloop
endfacet
facet normal 0 0 1
outer loop
vertex 0.0336666606 -0.0413333267 0.0000000000
vertex 0.0336666606 -0.0431666600 0.0000000000
vertex 0.0354999939 -0.0431666600 0.0000000000
endloop
endfacet
facet normal 0 0 1
outer loop
vertex 0.0244999939 -0.0431666600 0.0000000000
vertex 0.0263333273 -0.0449999933 0.0000000000
vertex 0.0263333273 -0.0431666600 0.0000000000
endloop
endfacet
facet normal 0 0 1
outer loop
vertex 0.0244999939 -0.0431666600 0.0000000000
vertex 0.0244999939 -0.0449999933 0.0000000000
vertex 0.0263333273 -0.0449999933 0.0000000000
endloop
endfacet
facet normal 0 0 1
outer loop
vertex 0.0263333273 -0.0431666600 0.0000000000
vertex 0.0281666606 -0.0449999933 0.0000000000
vertex 0.0281666606 -0.0431666600 0.0000000000
endloop
endfacet
facet normal 0 0 1
outer loop
vertex 0.0263333273 -0.0431666600 0.0000000000
vertex 0.0263333273 -0.0449999933 0.0000000000
vertex 0.0281666606 -0.0449999933 0.0000000000
endloop
endfacet
facet normal 0 0 1
outer loop
vertex 0.0281666606 -0.0431666600 0.0000000000
vertex 0.0299999939 -0.0449999933 0.0000000000
vertex 0.0299999939 -0.0431666600 0.0000000000
endloop
endfacet
facet normal 0 0 1
outer loop
vertex 0.0281666606 -0.0431666600 0.0000000000
vertex 0.0281666606 -0.0449999933 0.0000000000
vertex 0.0299999939 -0.0449999933 0.0000000000
endloop
endfacet
facet normal 0 0 1
outer loop
vertex 0.0299999939 -0.0431666600 0.0000000000
vertex 0.0318333273 -0.0449999933 0.0000000000
vertex 0.0318333273 -0.0431666600 0.0000000000
endloop
endfacet
facet normal 0 0 1
outer loop
vertex 0.0299999939 -0.0431666600 0.0000000000
vertex 0.0299999939 -0.0449999933 0.0000000000
vertex 0.0318333273 -0.0449999933 0.0000000000
endloop
endfacet
facet normal 0 0 1
outer loop
vertex 0.0318333273 -0.0431666600 0.0000000000
vertex 0.0336666606 -0.0449999933 0.0000000000
vertex 0.0336666606 -0.0431666600 0.0000000000
endloop
endfacet
facet normal 0 0 1
outer loop
vertex 0.0318333273 -0.0431666600 0.0000000000
vertex 0.0318333273 -0.0449999933 0.0000000000
vertex 0.0336666606 -0.0449999933 0.0000000000
endloop
endfacet
facet normal 0 0 1
outer loop
vertex 0.0336666606 -0.0431666600 0.0000000000
vertex 0.0354999939 -0.0449999933 0.0000000000
vertex 0.0354999939 -0.0431666600 0.0000000000
endloop
endfacet
facet normal 0 0 1
outer loop
vertex 0.0336666606 -0.0431666600 0.0000000000
vertex 0.0336666606 -0.0449999933 0.0000000000
vertex 0.0354999939 -0.0449999933 0.0000000000
endloop
endfacet
facet normal 0 0 1
outer loop
vertex 0.0244999939 -0.0449999933 0.0000000000
vertex 0.0263333273 -0.0468333267 0.0000000000
vertex 0.0263333273 -0.0449999933 0.0000000000
endloop
endfacet
facet normal 0 0 1
outer loop
vertex 0.0244999939 -0.0449999933 0.0000000000
vertex 0.0244999939 -0.0468333267 0.0000000000
vertex 0.0263333273 -0.0468333267 0.0000000000
endloop
endfacet
facet normal 0 0 1
outer loop
vertex 0.0263333273 -0.0449999933 0.0000000000
vertex 0.0281666606 -0.0468333267 0.0000000000
vertex 0.0281666606 -0.0449999933 0.0000000000
endloop
endfacet
facet normal 0 0 1
outer loop
vertex 0.0263333273 -0.0449999933 0.0000000000
vertex 0.0263333273 -0.0468333267 0.0000000000
vertex 0.0281666606 -0.0468333267 0.0000000000
endloop
endfacet
facet normal 0 0 1
outer loop
vertex 0.0281666606 -0.0449999933 0.0000000000
vertex 0.0299999939 -0.0468333267 0.0000000000
vertex 0.0299999939 -0.0449999933 0.0000000000
endloop
endfacet
facet normal 0 0 1
outer loop
vertex 0.0281666606 -0.0449999933 0.0000000000
vertex 0.0281666606 -0.0468333267 0.0000000000
vertex 0.0299999939 -0.0468333267 0.0000000000
endloop
endfacet
facet normal 0 0 1
outer loop
vertex 0.0299999939 -0.0449999933 0.0000000000
vertex 0.0318333273 -0.0468333267 0.0000000000
vertex 0.0318333273 -0.0449999933 0.0000000000
endloop
endfacet
facet normal 0 0 1
outer loop
vertex 0.0299999939 -0.0449999933 0.0000000000
vertex 0.0299999939 -0.0468333267 0.0000000000
vertex 0.0318333273 -0.0468333267 0.0000000000
endloop
endfacet
facet normal 0 0 1
outer loop
vertex 0.0336666606 -0.0449999933 0.0000000000
vertex 0.0354999939 -0.0468333267 0.0000000000
vertex 0.0354999939 -0.0449999933 0.0000000000
endloop
endfacet
facet normal 0 0 1
outer loop
vertex 0.0336666606 -0.0449999933 0.0000000000
vertex 0.0336666606 -0.0468333267 0.0000000000
vertex 0.0354999939 -0.0468333267 0.0000000000
endloop
endfacet
facet normal 0 0 1
outer loop
vertex 0.0244999939 -0.0468333267 0.0000000000
vertex 0.0263333273 -0.0486666600 0.0000000000
vertex 0.0263333273 -0.0468333267 0.0000000000
endloop
endfacet
facet normal 0 0 1
outer loop
vertex 0.0244999939 -0.0468333267 0.0000000000
vertex 0.0244999939 -0.0486666600 0.0000000000
vertex 0.0263333273 -0.0486666600 0.0000000000
endloop
endfacet
facet normal 0 0 1
outer loop
vertex 0.0263333273 -0.0468333267 0.0000000000
vertex 0.0281666606 -0.0486666600 0.0000000000
vertex 0.0281666606 -0.0468333267 0.0000000000
endloop
endfacet
facet normal 0 0 1
outer loop
vertex 0.0263333273 -0.0468333267 0.0000000000
vertex 0.0263333273 -0.0486666600 0.0000000000
vertex 0.0281666606 -0.0486666600 0.0000000000
endloop
endfacet
facet normal 0 0 1
outer loop
vertex 0.0281666606 -0.0468333267 0.0000000000
vertex 0.0299999939 -0.0486666600 0.0000000000
vertex 0.0299999939 -0.0468333267 0.0000000000
endloop
endfacet
facet normal 0 0 1
outer loop
vertex 0.0281666606 -0.0468333267 0.0000000000
vertex 0.0281666606 -0.0486666600 0.0000000000
vertex 0.0299999939 -0.0486666600 0.0000000000
endloop
endfacet
facet normal 0 0 1
outer loop
vertex 0.0336666606 -0.0468333267 0.0000000000
vertex 0.0354999939 -0.0486666600 0.0000000000
vertex 0.0354999939 -0.0468333267 0.0000000000
endloop
endfacet
facet normal 0 0 1
outer loop
vertex 0.0336666606 -0.0468333267 0.0000000000
vertex 0.0336666606 -0.0486666600 0.0000000000
vertex 0.0354999939 -0.0486666600 0.0000000000
endloop
endfacet
facet normal 0 0 1
outer loop
vertex 0.0244999939 -0.0486666600 0.0000000000
vertex 0.0263333273 -0.0504999933 0.0000000000
vertex 0.0263333273 -0.0486666600 0.0000000000
endloop
endfacet
facet normal 0 0 1
outer loop
vertex 0.0244999939 -0.0486666600 0.0000000000
vertex 0.0244999939 -0.0504999933 0.0000000000
vertex 0.0263333273 -0.0504999933 0.0000000000
endloop
endfacet
facet normal 0 0 1
outer loop
vertex 0.0263333273 -0.0486666600 0.0000000000
vertex 0.0281666606 -0.0504999933 0.0000000000
vertex 0.0281666606 -0.0486666600 0.0000000000
endloop
endfacet
facet normal 0 0 1
outer loop
vertex 0.0263333273 -0.0486666600 0.0000000000
vertex 0.0263333273 -0.0504999933 0.0000000000
vertex 0.0281666606 -0.0504999933 0.0000000000
endloop
endfacet
facet normal 0 0 1
outer loop
vertex 0.0281666606 -0.0486666600 0.0000000000
vertex 0.0299999939 -0.0504999933 0.0000000000
vertex 0.0299999939 -0.0486666600 0.0000000000
endloop
endfacet
facet normal 0 0 1
outer loop
vertex 0.0281666606 -0.0486666600 0.0000000000
vertex 0.0281666606 -0.0504999933 0.0000000000
vertex 0.0299999939 -0.0504999933 0.0000000000
endloop
endfacet
facet normal 0 0 1
outer loop
vertex 0.0299999939 -0.0486666600 0.0000000000
vertex 0.0318333273 -0.0504999933 0.0000000000
vertex 0.0318333273 -0.0486666600 0.0000000000
endloop
endfacet
facet normal 0 0 1
outer loop
vertex 0.0299999939 -0.0486666600 0.0000000000
vertex 0.0299999939 -0.0504999933 0.0000000000
vertex 0.0318333273 -0.0504999933 0.0000000000
endloop
endfacet
facet normal 0 0 1
outer loop
vertex 0.0318333273 -0.0486666600 0.0000000000
vertex 0.0336666606 -0.0504999933 0.0000000000
vertex 0.0336666606 -0.0486666600 0.0000000000
endloop
endfacet
facet normal 0 0 1
outer loop
vertex 0.0318333273 -0.0486666600 0.0000000000
vertex 0.0318333273 -0.0504999933 0.0000000000
vertex 0.0336666606 -0.0504999933 0.0000000000
endloop
endfacet
facet normal 0 0 1
outer loop
vertex 0.0336666606 -0.0486666600 0.0000000000
vertex 0.0354999939 -0.0504999933 0.0000000000
vertex 0.0354999939 -0.0486666600 0.0000000000
endloop
endfacet
facet normal 0 0 1
outer loop
vertex 0.0336666606 -0.0486666600 0.0000000000
vertex 0.0336666606 -0.0504999933 0.0000000000
vertex 0.0354999939 -0.0504999933 0.0000000000
endloop
endfacet
facet normal 0 0 1
outer loop
vertex 0.0544999951 -0.0394999933 0.0000000000
vertex 0.0563333284 -0.0413333267 0.0000000000
vertex 0.0563333284 -0.0394999933 0.0000000000
endloop
endfacet
facet normal 0 0 1
outer loop
vertex 0.0544999951 -0.0394999933 0.0000000000
vertex 0.0544999951 -0.0413333267 0.0000000000
vertex 0.0563333284 -0.0413333267 0.0000000000
endloop
endfacet
facet normal 0 0 1
outer loop
vertex 0.0563333284 -0.0394999933 0.0000000000
vertex 0.0581666618 -0.0413333267 0.0000000000
vertex 0.0581666618 -0.0394999933 0.0000000000
endloop
endfacet
facet normal 0 0 1
outer loop
vertex 0.0563333284 -0.0394999933 0.0000000000
vertex 0.0563333284 -0.0413333267 0.0000000000
vertex 0.0581666618 -0.0413333267 0.0000000000
endloop
endfacet
facet normal 0 0 1
outer loop
vertex 0.0581666618 -0.0394999933 0.0000000000
vertex 0.0599999951 -0.0413333267 0.0000000000
vertex 0.0599999951 -0.0394999933 0.0000000000
endloop
endfacet
facet normal 0 0 1
outer loop
vertex 0.0581666618 -0.0394999933 0.0000000000
vertex 0.0581666618 -0.0413333267 0.0000000000
vertex 0.0599999951 -0.0413333267 0.0000000000
endloop
endfacet
facet normal 0 0 1
outer loop
vertex 0.0599999951 -0.0394999933 0.0000000000
vertex 0.0618333284 -0.0413333267 0.0000000000
vertex 0.0618333284 -0.0394999933 0.0000000000
endloop
endfacet
facet normal 0 0 1
outer loop
vertex 0.0599999951 -0.0394999933 0.0000000000
vertex 0.0599999951 -0.0413333267 0.0000000000
vertex 0.0618333284 -0.0413333267 0.0000000000
endloop
endfacet
facet normal 0 0 1
outer loop
vertex 0.0618333284 -0.0394999933 0.0000000000
vertex 0.0636666618 -0.0413333267 0.0000000000
vertex 0.0636666618 -0.0394999933 0.0000000000
endloop
endfacet
facet normal 0 0 1
outer loop
vertex 0.0618333284 -0.0394999933 0.0000000000
vertex 0.0618333284 -0.0413333267 0.0000000000
vertex 0.0636666618 -0.0413333267 0.0000000000
endloop
endfacet
facet normal 0 0 1
outer loop
vertex 0.0636666618 -0.0394999933 0.0000000000
vertex 0.0654999951 -0.0413333267 0.0000000000
vertex 0.0654999951 -0.0394999933 0.0000000000
endloop
endfacet
facet normal 0 0 1
outer loop
vertex 0.0636666618 -0.0394999933 0.0000000000
vertex 0.0636666618 -0.0413333267 0.0000000000
vertex 0.0654999951 -0.0413333267 0.0000000000
endloop
endfacet
facet normal 0 0 1
outer loop
vertex 0.0544999951 -0.0413333267 0.0000000000
vertex 0.0563333284 -0.0431666600 0.0000000000
vertex 0.0563333284 -0.0413333267 0.0000000000
endloop
endfacet
facet normal 0 0 1
outer loop
vertex 0.0544999951 -0.0413333267 0.0000000000
vertex 0.0544999951 -0.0431666600 0.0000000000
vertex 0.0563333284 -0.0431666600 0.0000000000
endloop
endfacet
facet normal 0 0 1
outer loop
vertex 0.0563333284 -0.0413333267 0.0000000000
vertex 0.0581666618 -0.0431666600 0.0000000000
vertex 0.0581666618 -0.0413333267 0.0000000000
endloop
endfacet
facet normal 0 0 1
outer loop
vertex 0.0563333284 -0.0413333267 0.0000000000
vertex 0.0563333284 -0.0431666600 0.0000000000
vertex 0.0581666618 -0.0431666600 0.0000000000
endloop
endfacet
facet normal 0 0 1
outer loop
vertex 0.0599999951 -0.0413333267 0.0000000000
vertex 0.0618333284 -0.0431666600 0.0000000000
vertex 0.0618333284 -0.0413333267 0.0000000000
endloop
endfacet
facet normal 0 0 1
outer loop
vertex 0.0599999951 -0.0413333267 0.0000000000
vertex 0.0599999951 -0.0431666600 0.0000000000
vertex 0.0618333284 -0.0431666600 0.0000000000
endloop
endfacet
facet normal 0 0 1
outer loop
vertex 0.0636666618 -0.0413333267 0.0000000000
vertex 0.0654999951 -0.0431666600 0.0000000000
vertex 0.0654999951 -0.0413333267 0.0000000000
endloop
endfacet
facet normal 0 0 1
outer loop
vertex 0.0636666618 -0.0413333267 0.0000000000
vertex 0.0636666618 -0.0431666600 0.0000000000
vertex 0.0654999951 -0.0431666600 0.0000000000
endloop
endfacet
facet normal 0 0 1
outer loop
vertex 0.0544999951 -0.0431666600 0.0000000000
vertex 0.0563333284 -0.0449999933 0.0000000000
vertex 0.0563333284 -0.0431666600 0.0000000000
endloop
endfacet
facet normal 0 0 1
outer loop
vertex 0.0544999951 -0.0431666600 0.0000000000
vertex 0.0544999951 -0.0449999933 0.0000000000
vertex 0.0563333284 -0.0449999933 0.0000000000
endloop
endfacet
facet normal 0 0 1
outer loop
vertex 0.0563333284 -0.0431666600 0.0000000000
vertex 0.0581666618 -0.0449999933 0.0000000000
vertex 0.0581666618 -0.0431666600 0.0000000000
endloop
endfacet
facet normal 0 0 1
outer loop
vertex 0.0563333284 -0.0431666600 0.0000000000
vertex 0.0563333284 -0.0449999933 0.0000000000
vertex 0.0581666618 -0.0449999933 0.0000000000
endloop
endfacet
facet normal 0 0 1
outer loop
vertex 0.0581666618 -0.0431666600 0.0000000000
vertex 0.0599999951 -0.0449999933 0.0000000000
vertex 0.0599999951 -0.0431666600 0.0000000000
endloop
endfacet
facet normal 0 0 1
outer loop
vertex 0.0581666618 -0.0431666600 0.0000000000
vertex 0.0581666618 -0.0449999933 0.0000000000
vertex 0.0599999951 -0.0449999933 0.0000000000
endloop
endfacet
facet normal 0 0 1
outer loop
vertex 0.0599999951 -0.0431666600 0.0000000000
vertex 0.0618333284 -0.0449999933 0.0000000000
vertex 0.0618333284 -0.0431666600 0.0000000000
endloop
endfacet
facet normal 0 0 1
outer loop
vertex 0.0599999951 -0.0431666600 0.0000000000
vertex 0.0599999951 -0.0449999933 0.0000000000
vertex 0.0618333284 -0.0449999933 0.0000000000
endloop
endfacet
facet normal 0 0 1
outer loop
vertex 0.0636666618 -0.0431666600 0.0000000000
vertex 0.0654999951 -0.0449999933 0.0000000000
vertex 0.0654999951 -0.0431666600 0.0000000000
endloop
endfacet
facet normal 0 0 1
outer loop
vertex 0.0636666618 -0.0431666600 0.0000000000
vertex 0.0636666618 -0.0449999933 0.0000000000
vertex 0.0654999951 -0.0449999933 0.0000000000
endloop
endfacet
facet normal 0 0 1
outer loop
vertex 0.0544999951 -0.0449999933 0.0000000000
vertex 0.0563333284 -0.0468333267 0.0000000000
vertex 0.0563333284 -0.0449999933 0.0000000000
endloop
endfacet
facet normal 0 0 1
outer loop
vertex 0.0544999951 -0.0449999933 0.0000000000
vertex 0.0544999951 -0.0468333267 0.0000000000
vertex 0.0563333284 -0.0468333267 0.0000000000
endloop
endfacet
facet normal 0 0 1
outer loop
vertex 0.0581666618 -0.0449999933 0.0000000000
vertex 0.0599999951 -0.0468333267 0.0000000000
vertex 0.0599999951 -0.0449999933 0.0000000000
endloop
endfacet
facet normal 0 0 1
outer loop
vertex 0.0581666618 -0.0449999933 0.0000000000
vertex 0.0581666618 -0.0468333267 0.0000000000
vertex 0.0599999951 -0.0468333267 0.0000000000
endloop
endfacet
facet normal 0 0 1
outer loop
vertex 0.0599999951 -0.0449999933 0.0000000000
vertex 0.0618333284 -0.0468333267 0.0000000000
vertex 0.0618333284 -0.0449999933 0.0000000000
endloop
endfacet
facet normal 0 0 1
outer loop
vertex 0.0599999951 -0.0449999933 0.0000000000
vertex 0.0599999951 -0.0468333267 0.0000000000
vertex 0.0618333284 -0.0468333267 0.0000000000
endloop
endfacet
facet normal 0 0 1
outer loop
vertex 0.0636666618 -0.0449999933 0.0000000000
vertex 0.0654999951 -0.0468333267 0.0000000000
vertex 0.0654999951 -0.0449999933 0.0000000000
endloop
endfacet
facet normal 0 0 1
outer loop
vertex 0.0636666618 -0.0449999933 0.0000000000
vertex 0.0636666618 -0.0468333267 0.0000000000
vertex 0.0654999951 -0.0468333267 0.0000000000
endloop
endfacet
facet normal 0 0 1
outer loop
vertex 0.0544999951 -0.0468333267 0.0000000000
vertex 0.0563333284 -0.0486666600 0.0000000000
vertex 0.0563333284 -0.0468333267 0.0000000000
endloop
endfacet
facet normal 0 0 1
outer loop
vertex 0.0544999951 -0.0468333267 0.0000000000
vertex 0.0544999951 -0.0486666600 0.0000000000
vertex 0.0563333284 -0.0486666600 0.0000000000
endloop
endfacet
facet normal 0 0 1
outer loop
vertex 0.0563333284 -0.0468333267 0.0000000000
vertex 0.0581666618 -0.0486666600 0.0000000000
vertex 0.0581666618 -0.0468333267 0.0000000000
endloop
endfacet
facet normal 0 0 1
outer loop
vertex 0.0563333284 -0.0468333267 0.0000000000
vertex 0.0563333284 -0.0486666600 0.0000000000
vertex 0.0581666618 -0.0486666600 0.0000000000
endloop
endfacet
facet normal 0 0 1
outer loop
vertex 0.0599999951 -0.0468333267 0.0000000000
vertex 0.0618333284 -0.0486666600 0.0000000000
vertex 0.0618333284 -0.0468333267 0.0000000000
endloop
endfacet
facet normal 0 0 1
outer loop
vertex 0.0599999951 -0.0468333267 0.0000000000
vertex 0.0599999951 -0.0486666600 0.0000000000
vertex 0.0618333284 -0.0486666600 0.0000000000
endloop
endfacet
facet normal 0 0 1
outer loop
vertex 0.0618333284 -0.0468333267 0.0000000000
vertex 0.0636666618 -0.0486666600 0.0000000000
vertex 0.0636666618 -0.0468333267 0.0000000000
endloop
endfacet
facet normal 0 0 1
outer loop
vertex 0.0618333284 -0.0468333267 0.0000000000
vertex 0.0618333284 -0.0486666600 0.0000000000
vertex 0.0636666618 -0.0486666600 0.0000000000
endloop
endfacet
facet normal 0 0 1
outer loop
vertex 0.0636666618 -0.0468333267 0.0000000000
vertex 0.0654999951 -0.0486666600 0.0000000000
vertex 0.0654999951 -0.0468333267 0.0000000000
endloop
endfacet
facet normal 0 0 1
outer loop
vertex 0.0636666618 -0.0468333267 0.0000000000
vertex 0.0636666618 -0.0486666600 0.0000000000
vertex 0.0654999951 -0.0486666600 0.0000000000
endloop
endfacet
facet normal 0 0 1
outer loop
vertex 0.0544999951 -0.0486666600 0.0000000000
vertex 0.0563333284 -0.0504999933 0.0000000000
vertex 0.0563333284 -0.0486666600 0.0000000000
endloop
endfacet
facet normal 0 0 1
outer loop
vertex 0.0544999951 -0.0486666600 0.0000000000
vertex 0.0544999951 -0.0504999933 0.0000000000
vertex 0.0563333284 -0.0504999933 0.0000000000
endloop
endfacet
facet normal 0 0 1
outer loop
vertex 0.0563333284 -0.0486666600 0.0000000000
vertex 0.0581666618 -0.0504999933 0.0000000000
vertex 0.0581666618 -0.0486666600 0.0000000000
endloop
endfacet
facet normal 0 0 1
outer loop
vertex 0.0563333284 -0.0486666600 0.0000000000
vertex 0.0563333284 -0.0504999933 0.0000000000
vertex 0.0581666618 -0.0504999933 0.0000000000
endloop
endfacet
facet normal 0 0 1
outer loop
vertex 0.0581666618 -0.0486666600 0.0000000000
vertex 0.0599999951 -0.0504999933 0.0000000000
vertex 0.0599999951 -0.0486666600 0.0000000000
endloop
endfacet
facet normal 0 0 1
outer loop
vertex 0.0581666618 -0.0486666600 0.0000000000
vertex 0.0581666618 -0.0504999933 0.0000000000
vertex 0.0599999951 -0.0504999933 0.0000000000
endloop
endfacet
facet normal 0 0 1
outer loop
vertex 0.0599999951 -0.0486666600 0.0000000000
vertex 0.0618333284 -0.0504999933 0.0000000000
vertex 0.0618333284 -0.0486666600 0.0000000000
endloop
endfacet
facet normal 0 0 1
outer loop
vertex 0.0599999951 -0.0486666600 0.0000000000
vertex 0.0599999951 -0.0504999933 0.0000000000
vertex 0.0618333284 -0.0504999933 0.0000000000
endloop
endfacet
facet normal 0 0 1
outer loop
vertex 0.0618333284 -0.0486666600 0.0000000000
vertex 0.0636666618 -0.0504999933 0.0000000000
vertex 0.0636666618 -0.0486666600 0.0000000000
endloop
endfacet
facet normal 0 0 1
outer loop
vertex 0.0618333284 -0.0486666600 0.0000000000
vertex 0.0618333284 -0.0504999933 0.0000000000
vertex 0.0636666618 -0.0504999933 0.0000000000
endloop
endfacet
facet normal 0 0 1
outer loop
vertex 0.0636666618 -0.0486666600 0.0000000000
vertex 0.0654999951 -0.0504999933 0.0000000000
vertex 0.0654999951 -0.0486666600 0.0000000000
endloop
endfacet
facet normal 0 0 1
outer loop
vertex 0.0636666618 -0.0486666600 0.0000000000
vertex 0.0636666618 -0.0504999933 0.0000000000
vertex 0.0654999951 -0.0504999933 0.0000000000
endloop
endfacet
facet normal 0 0 1
outer loop
vertex 0.0844999963 -0.0394999933 0.0000000000
vertex 0.0863333296 -0.0413333267 0.0000000000
vertex 0.0863333296 -0.0394999933 0.0000000000
endloop
endfacet
facet normal 0 0 1
outer loop
vertex 0.0844999963 -0.0394999933 0.0000000000
vertex 0.0844999963 -0.0413333267 0.0000000000
vertex 0.0863333296 -0.0413333267 0.0000000000
endloop
endfacet
facet normal 0 0 1
outer loop
vertex 0.0863333296 -0.0394999933 0.0000000000
vertex 0.0881666630 -0.0413333267 0.0000000000
vertex 0.0881666630 -0.0394999933 0.0000000000
endloop
endfacet
facet normal 0 0 1
outer loop
vertex 0.0863333296 -0.0394999933 0.0000000000
vertex 0.0863333296 -0.0413333267 0.0000000000
vertex 0.0881666630 -0.0413333267 0.0000000000
endloop
endfacet
facet normal 0 0 1
outer loop
vertex 0.0881666630 -0.0394999933 0.0000000000
vertex 0.0899999963 -0.0413333267 0.0000000000
vertex 0.0899999963 -0.0394999933 0.0000000000
endloop
endfacet
facet normal 0 0 1
outer loop
vertex 0.0881666630 -0.0394999933 0.0000000000
vertex 0.0881666630 -0.0413333267 0.0000000000
vertex 0.0899999963 -0.0413333267 0.0000000000
endloop
endfacet
facet normal 0 0 1
outer loop
vertex 0.0899999963 -0.0394999933 0.0000000000
vertex 0.0918333296 -0.0413333267 0.0000000000
vertex 0.0918333296 -0.0394999933 0.0000000000
endloop
endfacet
facet normal 0 0 1
outer loop
vertex 0.0899999963 -0.0394999933 0.0000000000
vertex 0.0899999963 -0.0413333267 0.0000000000
vertex 0.0918333296 -0.0413333267 0.0000000000
endloop
endfacet
facet normal 0 0 1
outer loop
vertex 0.0918333296 -0.0394999933 0.0000000000
vertex 0.0936666630 -0.0413333267 0.0000000000
vertex 0.0936666630 -0.0394999933 0.0000000000
endloop
endfacet
facet normal 0 0 1
outer loop
vertex 0.0918333296 -0.0394999933 0.0000000000
vertex 0.0918333296 -0.0413333267 0.0000000000
vertex 0.0936666630 -0.0413333267 0.0000000000
endloop
endfacet
facet normal 0 0 1
outer loop
vertex 0.0936666630 -0.0394999933 0.0000000000
vertex 0.0954999963 -0.0413333267 0.0000000000
vertex 0.0954999963 -0.0394999933 0.0000000000
endloop
endfacet
facet normal 0 0 1
outer loop
vertex 0.0936666630 -0.0394999933 0.0000000000
vertex 0.0936666630 -0.0413333267 0.0000000000
vertex 0.0954999963 -0.0413333267 0.0000000000
endloop
endfacet
facet normal 0 0 1
outer loop
vertex 0.0844999963 -0.0413333267 0.0000000000
vertex 0.0863333296 -0.0431666600 0.0000000000
vertex 0.0863333296 -0.0413333267 0.0000000000
endloop
endfacet
facet normal 0 0 1
outer loop
vertex 0.0844999963 -0.0413333267 0.0000000000
vertex 0.0844999963 -0.0431666600 0.0000000000
vertex 0.0863333296 -0.0431666600 0.0000000000
endloop
endfacet
facet normal 0 0 1
outer loop
vertex 0.0863333296 -0.0413333267 0.0000000000
vertex 0.0881666630 -0.0431666600 0.0000000000
vertex 0.0881666630 -0.0413333267 0.0000000000
endloop
endfacet
facet normal 0 0 1
outer loop
vertex 0.0863333296 -0.0413333267 0.0000000000
vertex 0.0863333296 -0.0431666600 0.0000000000
vertex 0.0881666630 -0.0431666600 0.0000000000
endloop
endfacet
facet normal 0 0 1
outer loop
vertex 0.0899999963 -0.0413333267 0.0000000000
vertex 0.0918333296 -0.0431666600 0.0000000000
vertex 0.0918333296 -0.0413333267 0.0000000000
endloop
endfacet
facet normal 0 0 1
outer loop
vertex 0.0899999963 -0.0413333267 0.0000000000
vertex 0.0899999963 -0.0431666600 0.0000000000
vertex 0.0918333296 -0.0431666600 0.0000000000
endloop
endfacet
facet normal 0 0 1
outer loop
vertex 0.0936666630 -0.0413333267 0.0000000000
vertex 0.0954999963 -0.0431666600 0.0000000000
vertex 0.0954999963 -0.0413333267 0.0000000000
endloop
endfacet
facet normal 0 0 1
outer loop
vertex 0.0936666630 -0.0413333267 0.0000000000
vertex 0.0936666630 -0.0431666600 0.0000000000
vertex 0.0954999963 -0.0431666600 0.0000000000
endloop
endfacet
facet normal 0 0 1
outer loop
vertex 0.0844999963 -0.0431666600 0.0000000000
vertex 0.0863333296 -0.0449999933 0.0000000000
vertex 0.0863333296 -0.0431666600 0.0000000000
endloop
endfacet
facet normal 0 0 1
outer loop
vertex 0.0844999963 -0.0431666600 0.0000000000
vertex 0.0844999963 -0.0449999933 0.0000000000
vertex 0.0863333296 -0.0449999933 0.0000000000
endloop
endfacet
facet normal 0 0 1
outer loop
vertex 0.0863333296 -0.0431666600 0.0000000000
vertex 0.0881666630 -0.0449999933 0.0000000000
vertex 0.0881666630 -0.0431666600 0.0000000000
endloop
endfacet
facet normal 0 0 1
outer loop
vertex 0.0863333296 -0.0431666600 0.0000000000
vertex 0.0863333296 -0.0449999933 0.0000000000
vertex 0.0881666630 -0.0449999933 0.0000000000
endloop
endfacet
facet normal 0 0 1
outer loop
vertex 0.0899999963 -0.0431666600 0.0000000000
vertex 0.0918333296 -0.0449999933 0.0000000000
vertex 0.0918333296 -0.0431666600 0.0000000000
endloop
endfacet
facet normal 0 0 1
outer loop
vertex 0.0899999963 -0.0431666600 0.0000000000
vertex 0.0899999963 -0.0449999933 0.0000000000
vertex 0.0918333296 -0.0449999933 0.0000000000
endloop
endfacet
facet normal 0 0 1
outer loop
vertex 0.0936666630 -0.0431666600 0.0000000000
vertex 0.0954999963 -0.0449999933 0.0000000000
vertex 0.0954999963 -0.0431666600 0.0000000000
endloop
endfacet
facet normal 0 0 1
outer loop
vertex 0.0936666630 -0.0431666600 0.0000000000
vertex 0.0936666630 -0.0449999933 0.0000000000
vertex 0.0954999963 -0.0449999933 0.0000000000
endloop
endfacet
facet normal 0 0 1
outer loop
vertex 0.0844999963 -0.0449999933 0.0000000000
vertex 0.0863333296 -0.0468333267 0.0000000000
vertex 0.0863333296 -0.0449999933 0.0000000000
endloop
endfacet
facet normal 0 0 1
outer loop
vertex 0.0844999963 -0.0449999933 0.0000000000
vertex 0.0844999963 -0.0468333267 0.0000000000
vertex 0.0863333296 -0.0468333267 0.0000000000
endloop
endfacet
facet normal 0 0 1
outer loop
vertex 0.0863333296 -0.0449999933 0.0000000000
vertex 0.0881666630 -0.0468333267 0.0000000000
vertex 0.0881666630 -0.0449999933 0.0000000000
endloop
endfacet
facet normal 0 0 1
outer loop
vertex 0.0863333296 -0.0449999933 0.0000000000
vertex 0.0863333296 -0.0468333267 0.0000000000
vertex 0.0881666630 -0.0468333267 0.0000000000
endloop
endfacet
facet normal 0 0 1
outer loop
vertex 0.0918333296 -0.0449999933 0.0000000000
vertex 0.0936666630 -0.0468333267 0.0000000000
vertex 0.0936666630 -0.0449999933 0.0000000000
endloop
endfacet
facet normal 0 0 1
outer loop
vertex 0.0918333296 -0.0449999933 0.0000000000
vertex 0.0918333296 -0.0468333267 0.0000000000
vertex 0.0936666630 -0.0468333267 0.0000000000
endloop
endfacet
facet normal 0 0 1
outer loop
vertex 0.0936666630 -0.0449999933 0.0000000000
vertex 0.0954999963 -0.0468333267 0.0000000000
vertex 0.0954999963 -0.0449999933 0.0000000000
endloop
endfacet
facet normal 0 0 1
outer loop
vertex 0.0936666630 -0.0449999933 0.0000000000
vertex 0.0936666630 -0.0468333267 0.0000000000
vertex 0.0954999963 -0.0468333267 0.0000000000
endloop
endfacet
facet normal 0 0 1
outer loop
vertex 0.0844999963 -0.0468333267 0.0000000000
vertex 0.0863333296 -0.0486666600 0.0000000000
vertex 0.0863333296 -0.0468333267 0.0000000000
endloop
endfacet
facet normal 0 0 1
outer loop
vertex 0.0844999963 -0.0468333267 0.0000000000
vertex 0.0844999963 -0.0486666600 0.0000000000
vertex 0.0863333296 -0.0486666600 0.0000000000
endloop
endfacet
facet normal 0 0 1
outer loop
vertex 0.0881666630 -0.0468333267 0.0000000000
vertex 0.0899999963 -0.0486666600 0.0000000000
vertex 0.0899999963 -0.0468333267 0.0000000000
endloop
endfacet
facet normal 0 0 1
outer loop
vertex 0.0881666630 -0.0468333267 0.0000000000
vertex 0.0881666630 -0.0486666600 0.0000000000
vertex 0.0899999963 -0.0486666600 0.0000000000
endloop
endfacet
facet normal 0 0 1
outer loop
vertex 0.0899999963 -0.0468333267 0.0000000000
vertex 0.0918333296 -0.0486666600 0.0000000000
vertex 0.0918333296 -0.0468333267 0.0000000000
endloop
endfacet
facet normal 0 0 1
outer loop
vertex 0.0899999963 -0.0468333267 0.0000000000
vertex 0.0899999963 -0.0486666600 0.0000000000
vertex 0.0918333296 -0.0486666600 0.0000000000
endloop
endfacet
facet normal 0 0 1
outer loop
vertex 0.0918333296 -0.0468333267 0.0000000000
vertex 0.0936666630 -0.0486666600 0.0000000000
vertex 0.0936666630 -0.0468333267 0.0000000000
endloop
endfacet
facet normal 0 0 1
outer loop
vertex 0.0918333296 -0.0468333267 0.0000000000
vertex 0.0918333296 -0.0486666600 0.0000000000
vertex 0.0936666630 -0.0486666600 0.0000000000
endloop
endfacet
facet normal 0 0 1
outer loop
vertex 0.0936666630 -0.0468333267 0.0000000000
vertex 0.0954999963 -0.0486666600 0.0000000000
vertex 0.0954999963 -0.0468333267 0.0000000000
endloop
endfacet
facet normal 0 0 1
outer loop
vertex 0.0936666630 -0.0468333267 0.0000000000
vertex 0.0936666630 -0.0486666600 0.0000000000
vertex 0.0954999963 -0.0486666600 0.0000000000
endloop
endfacet
facet normal 0 0 1
outer loop
vertex 0.0844999963 -0.0486666600 0.0000000000
vertex 0.0863333296 -0.0504999933 0.0000000000
vertex 0.0863333296 -0.0486666600 0.0000000000
endloop
endfacet
facet normal 0 0 1
outer loop
vertex 0.0844999963 -0.0486666600 0.0000000000
vertex 0.0844999963 -0.0504999933 0.0000000000
vertex 0.0863333296 -0.0504999933 0.0000000000
endloop
endfacet
facet normal 0 0 1
outer loop
vertex 0.0863333296 -0.0486666600 0.0000000000
vertex 0.0881666630 -0.0504999933 0.0000000000
vertex 0.0881666630 -0.0486666600 0.0000000000
endloop
endfacet
facet normal 0 0 1
outer loop
vertex 0.0863333296 -0.0486666600 0.0000000000
vertex 0.0863333296 -0.0504999933 0.0000000000
vertex 0.0881666630 -0.0504999933 0.0000000000
endloop
endfacet
facet normal 0 0 1
outer loop
vertex 0.0881666630 -0.0486666600 0.0000000000
vertex 0.0899999963 -0.0504999933 0.0000000000
vertex 0.0899999963 -0.0486666600 0.0000000000
endloop
endfacet
facet normal 0 0 1
outer loop
vertex 0.0881666630 -0.0486666600 0.0000000000
vertex 0.0881666630 -0.0504999933 0.0000000000
vertex 0.0899999963 -0.0504999933 0.0000000000
endloop
endfacet
facet normal 0 0 1
outer loop
vertex 0.0899999963 -0.0486666600 0.0000000000
vertex 0.0918333296 -0.0504999933 0.0000000000
vertex 0.0918333296 -0.0486666600 0.0000000000
endloop
endfacet
facet normal 0 0 1
outer loop
vertex 0.0899999963 -0.0486666600 0.0000000000
vertex 0.0899999963 -0.0504999933 0.0000000000
vertex 0.0918333296 -0.0504999933 0.0000000000
endloop
endfacet
facet normal 0 0 1
outer loop
vertex 0.0918333296 -0.0486666600 0.0000000000
vertex 0.0936666630 -0.0504999933 0.0000000000
vertex 0.0936666630 -0.0486666600 0.0000000000
endloop
endfacet
facet normal 0 0 1
outer loop
vertex 0.0918333296 -0.0486666600 0.0000000000
vertex 0.0918333296 -0.0504999933 0.0000000000
vertex 0.0936666630 -0.0504999933 0.0000000000
endloop
endfacet
facet normal 0 0 1
outer loop
vertex 0.0936666630 -0.0486666600 0.0000000000
vertex 0.0954999963 -0.0504999933 0.0000000000
vertex 0.0954999963 -0.0486666600 0.0000000000
endloop
endfacet
facet normal 0 0 1
outer loop
vertex 0.0936666630 -0.0486666600 0.0000000000
vertex 0.0936666630 -0.0504999933 0.0000000000
vertex 0.0954999963 -0.0504999933 0.0000000000
endloop
endfacet
facet normal 0 0 1
outer loop
vertex -0.0805000009 -0.0544999939 0.0000000000
vertex -0.0786666676 -0.0563333273 0.0000000000
vertex -0.0786666676 -0.0544999939 0.0000000000
endloop
endfacet
facet normal 0 0 1
outer loop
vertex -0.0805000009 -0.0544999939 0.0000000000
vertex -0.0805000009 -0.0563333273 0.0000000000
vertex -0.0786666676 -0.0563333273 0.0000000000
endloop
endfacet
facet normal 0 0 1
outer loop
vertex -0.0786666676 -0.0544999939 0.0000000000
vertex -0.0768333343 -0.0563333273 0.0000000000
vertex -0.0768333343 -0.0544999939 0.0000000000
endloop
endfacet
facet normal 0 0 1
outer loop
vertex -0.0786666676 -0.0544999939 0.0000000000
vertex -0.0786666676 -0.0563333273 0.0000000000
vertex -0.0768333343 -0.0563333273 0.0000000000
endloop
endfacet
facet normal 0 0 1
outer loop
vertex -0.0768333343 -0.0544999939 0.0000000000
vertex -0.0750000009 -0.0563333273 0.0000000000
vertex -0.0750000009 -0.0544999939 0.0000000000
endloop
endfacet
facet normal 0 0 1
outer loop
vertex -0.0768333343 -0.0544999939 0.0000000000
vertex -0.0768333343 -0.0563333273 0.0000000000
vertex -0.0750000009 -0.0563333273 0.0000000000
endloop
endfacet
facet normal 0 0 1
outer loop
vertex -0.0750000009 -0.0544999939 0.0000000000
vertex -0.0731666676 -0.0563333273 0.0000000000
vertex -0.0731666676 -0.0544999939 0.0000000000
endloop
endfacet
facet normal 0 0 1
outer loop
vertex -0.0750000009 -0.0544999939 0.0000000000
vertex -0.0750000009 -0.0563333273 0.0000000000
vertex -0.0731666676 -0.0563333273 0.0000000000
endloop
endfacet
facet normal 0 0 1
outer loop
vertex -0.0731666676 -0.0544999939 0.0000000000
vertex -0.0713333343 -0.0563333273 0.0000000000
vertex -0.0713333343 -0.0544999939 0.0000000000
endloop
endfacet
facet normal 0 0 1
outer loop
vertex -0.0731666676 -0.0544999939 0.0000000000
vertex -0.0731666676 -0.0563333273 0.0000000000
vertex -0.0713333343 -0.0563333273 0.0000000000
endloop
endfacet
facet normal 0 0 1
outer loop
vertex -0.0713333343 -0.0544999939 0.0000000000
vertex -0.0695000009 -0.0563333273 0.0000000000
vertex -0.0695000009 -0.0544999939 0.0000000000
endloop
endfacet
facet normal 0 0 1
outer loop
vertex -0.0713333343 -0.0544999939 0.0000000000
vertex -0.0713333343 -0.0563333273 0.0000000000
vertex -0.0695000009 -0.0563333273 0.0000000000
endloop
endfacet
facet normal 0 0 1
outer loop
vertex -0.0805000009 -0.0563333273 0.0000000000
vertex -0.0786666676 -0.0581666606 0.0000000000
vertex -0.0786666676 -0.0563333273 0.0000000000
endloop
endfacet
facet normal 0 0 1
outer loop
vertex -0.0805000009 -0.0563333273 0.0000000000
vertex -0.0805000009 -0.0581666606 0.0000000000
vertex -0.0786666676 -0.0581666606 0.0000000000
endloop
endfacet
facet normal 0 0 1
outer loop
vertex -0.0786666676 -0.0563333273 0.0000000000
vertex -0.0768333343 -0.0581666606 0.0000000000
vertex -0.0768333343 -0.0563333273 0.0000000000
endloop
endfacet
facet normal 0 0 1
outer loop
vertex -0.0786666676 -0.0563333273 0.0000000000
vertex -0.0786666676 -0.0581666606 0.0000000000
vertex -0.0768333343 -0.0581666606 0.0000000000
endloop
endfacet
facet normal 0 0 1
outer loop
vertex -0.0750000009 -0.0563333273 0.0000000000
vertex -0.0731666676 -0.0581666606 0.0000000000
vertex -0.0731666676 -0.0563333273 0.0000000000
endloop
endfacet
facet normal 0 0 1
outer loop
vertex -0.0750000009 -0.0563333273 0.0000000000
vertex -0.0750000009 -0.0581666606 0.0000000000
vertex -0.0731666676 -0.0581666606 0.0000000000
endloop
endfacet
facet normal 0 0 1
outer loop
vertex -0.0713333343 -0.0563333273 0.0000000000
vertex -0.0695000009 -0.0581666606 0.0000000000
vertex -0.0695000009 -0.0563333273 0.0000000000
endloop
endfacet
facet normal 0 0 1
outer loop
vertex -0.0713333343 -0.0563333273 0.0000000000
vertex -0.0713333343 -0.0581666606 0.0000000000
vertex -0.0695000009 -0.0581666606 0.0000000000
endloop
endfacet
facet normal 0 0 1
outer loop
vertex -0.0805000009 -0.0581666606 0.0000000000
vertex -0.0786666676 -0.0599999939 0.0000000000
vertex -0.0786666676 -0.0581666606 0.0000000000
endloop
endfacet
facet normal 0 0 1
outer loop
vertex -0.0805000009 -0.0581666606 0.0000000000
vertex -0.0805000009 -0.0599999939 0.0000000000
vertex -0.0786666676 -0.0599999939 0.0000000000
endloop
endfacet
facet normal 0 0 1
outer loop
vertex -0.0750000009 -0.0581666606 0.0000000000
vertex -0.0731666676 -0.0599999939 0.0000000000
vertex -0.0731666676 -0.0581666606 0.0000000000
endloop
endfacet
facet normal 0 0 1
outer loop
vertex -0.0750000009 -0.0581666606 0.0000000000
vertex -0.0750000009 -0.0599999939 0.0000000000
vertex -0.0731666676 -0.0599999939 0.0000000000
endloop
endfacet
facet normal 0 0 1
outer loop
vertex -0.0713333343 -0.0581666606 0.0000000000
vertex -0.0695000009 -0.0599999939 0.0000000000
vertex -0.0695000009 -0.0581666606 0.0000000000
endloop
endfacet
facet normal 0 0 1
outer loop
vertex -0.0713333343 -0.0581666606 0.0000000000
vertex -0.0713333343 -0.0599999939 0.0000000000
vertex -0.0695000009 -0.0599999939 0.0000000000
endloop
endfacet
facet normal 0 0 1
outer loop
vertex -0.0805000009 -0.0599999939 0.0000000000
vertex -0.0786666676 -0.0618333273 0.0000000000
vertex -0.0786666676 -0.0599999939 0.0000000000
endloop
endfacet
facet normal 0 0 1
outer loop
vertex -0.0805000009 -0.0599999939 0.0000000000
vertex -0.0805000009 -0.0618333273 0.0000000000
vertex -0.0786666676 -0.0618333273 0.0000000000
endloop
endfacet
facet normal 0 0 1
outer loop
vertex -0.0786666676 -0.0599999939 0.0000000000
vertex -0.0768333343 -0.0618333273 0.0000000000
vertex -0.0768333343 -0.0599999939 0.0000000000
endloop
endfacet
facet normal 0 0 1
outer loop
vertex -0.0786666676 -0.0599999939 0.0000000000
vertex -0.0786666676 -0.0618333273 0.0000000000
vertex -0.0768333343 -0.0618333273 0.0000000000
endloop
endfacet
facet normal 0 0 1
outer loop
vertex -0.0750000009 -0.0599999939 0.0000000000
vertex -0.0731666676 -0.0618333273 0.0000000000
vertex -0.0731666676 -0.0599999939 0.0000000000
endloop
endfacet
facet normal 0 0 1
outer loop
vertex -0.0750000009 -0.0599999939 0.0000000000
vertex -0.0750000009 -0.0618333273 0.0000000000
vertex -0.0731666676 -0.0618333273 0.0000000000
endloop
endfacet
facet normal 0 0 1
outer loop
vertex -0.0731666676 -0.0599999939 0.0000000000
vertex -0.0713333343 -0.0618333273 0.0000000000
vertex -0.0713333343 -0.0599999939 0.0000000000
endloop
endfacet
facet normal 0 0 1
outer loop
vertex -0.0731666676 -0.0599999939 0.0000000000
vertex -0.0731666676 -0.0618333273 0.0000000000
vertex -0.0713333343 -0.0618333273 0.0000000000
endloop
endfacet
facet normal 0 0 1
outer loop
vertex -0.0713333343 -0.0599999939 0.0000000000
vertex -0.0695000009 -0.0618333273 0.0000000000
vertex -0.0695000009 -0.0599999939 0.0000000000
endloop
endfacet
facet normal 0 0 1
outer loop
vertex -0.0713333343 -0.0599999939 0.0000000000
vertex -0.0713333343 -0.0618333273 0.0000000000
vertex -0.0695000009 -0.0618333273 0.0000000000
endloop
endfacet
facet normal 0 0 1
outer loop
vertex -0.0805000009 -0.0618333273 0.0000000000
vertex -0.0786666676 -0.0636666606 0.0000000000
vertex -0.0786666676 -0.0618333273 0.0000000000
endloop
endfacet
facet normal 0 0 1
outer loop
vertex -0.0805000009 -0.0618333273 0.0000000000
vertex -0.0805000009 -0.0636666606 0.0000000000
vertex -0.0786666676 -0.0636666606 0.0000000000
endloop
endfacet
facet normal 0 0 1
outer loop
vertex -0.0786666676 -0.0618333273 0.0000000000
vertex -0.0768333343 -0.0636666606 0.0000000000
vertex -0.0768333343 -0.0618333273 0.0000000000
endloop
endfacet
facet normal 0 0 1
outer loop
vertex -0.0786666676 -0.0618333273 0.0000000000
vertex -0.0786666676 -0.0636666606 0.0000000000
vertex -0.0768333343 -0.0636666606 0.0000000000
endloop
endfacet
facet normal 0 0 1
outer loop
vertex -0.0768333343 -0.0618333273 0.0000000000
vertex -0.0750000009 -0.0636666606 0.0000000000
vertex -0.0750000009 -0.0618333273 0.0000000000
endloop
endfacet
facet normal 0 0 1
outer loop
vertex -0.0768333343 -0.0618333273 0.0000000000
vertex -0.0768333343 -0.0636666606 0.0000000000
vertex -0.0750000009 -0.0636666606 0.0000000000
endloop
endfacet
facet normal 0 0 1
outer loop
vertex -0.0750000009 -0.0618333273 0.0000000000
vertex -0.0731666676 -0.0636666606 0.0000000000
vertex -0.0731666676 -0.0618333273 0.0000000000
endloop
endfacet
facet normal 0 0 1
outer loop
vertex -0.0750000009 -0.0618333273 0.0000000000
vertex -0.0750000009 -0.0636666606 0.0000000000
vertex -0.0731666676 -0.0636666606 0.0000000000
endloop
endfacet
facet normal 0 0 1
outer loop
vertex -0.0713333343 -0.0618333273 0.0000000000
vertex -0.0695000009 -0.0636666606 0.0000000000
vertex -0.0695000009 -0.0618333273 0.0000000000
endloop
endfacet
facet normal 0 0 1
outer loop
vertex -0.0713333343 -0.0618333273 0.0000000000
vertex -0.0713333343 -0.0636666606 0.0000000000
vertex -0.0695000009 -0.0636666606 0.0000000000
endloop
endfacet
facet normal 0 0 1
outer loop
vertex -0.0805000009 -0.0636666606 0.0000000000
vertex -0.0786666676 -0.0654999939 0.0000000000
vertex -0.0786666676 -0.0636666606 0.0000000000
endloop
endfacet
facet normal 0 0 1
outer loop
vertex -0.0805000009 -0.0636666606 0.0000000000
vertex -0.0805000009 -0.0654999939 0.0000000000
vertex -0.0786666676 -0.0654999939 0.0000000000
endloop
endfacet
facet normal 0 0 1
outer loop
vertex -0.0786666676 -0.0636666606 0.0000000000
vertex -0.0768333343 -0.0654999939 0.0000000000
vertex -0.0768333343 -0.0636666606 0.0000000000
endloop
endfacet
facet normal 0 0 1
outer loop
vertex -0.0786666676 -0.0636666606 0.0000000000
vertex -0.0786666676 -0.0654999939 0.0000000000
vertex -0.0768333343 -0.0654999939 0.0000000000
endloop
endfacet
facet normal 0 0 1
outer loop
vertex -0.0768333343 -0.0636666606 0.0000000000
vertex -0.0750000009 -0.0654999939 0.0000000000
vertex -0.0750000009 -0.0636666606 0.0000000000
endloop
endfacet
facet normal 0 0 1
outer loop
vertex -0.0768333343 -0.0636666606 0.0000000000
vertex -0.0768333343 -0.0654999939 0.0000000000
vertex -0.0750000009 -0.0654999939 0.0000000000
endloop
endfacet
facet normal 0 0 1
outer loop
vertex -0.0750000009 -0.0636666606 0.0000000000
vertex -0.0731666676 -0.0654999939 0.0000000000
vertex -0.0731666676 -0.0636666606 0.0000000000
endloop
endfacet
facet normal 0 0 1
outer loop
vertex -0.0750000009 -0.0636666606 0.0000000000
vertex -0.0750000009 -0.0654999939 0.0000000000
vertex -0.0731666676 -0.0654999939 0.0000000000
endloop
endfacet
facet normal 0 0 1
outer loop
vertex -0.0731666676 -0.0636666606 0.0000000000
vertex -0.0713333343 -0.0654999939 0.0000000000
vertex -0.0713333343 -0.0636666606 0.0000000000
endloop
endfacet
facet normal 0 0 1
outer loop
vertex -0.0731666676 -0.0636666606 0.0000000000
vertex -0.0731666676 -0.0654999939 0.0000000000
vertex -0.0713333343 -0.0654999939 0.0000000000
endloop
endfacet
facet normal 0 0 1
outer loop
vertex -0.0713333343 -0.0636666606 0.0000000000
vertex -0.0695000009 -0.0654999939 0.0000000000
vertex -0.0695000009 -0.0636666606 0.0000000000
endloop
endfacet
facet normal 0 0 1
outer loop
vertex -0.0713333343 -0.0636666606 0.0000000000
vertex -0.0713333343 -0.0654999939 0.0000000000
vertex -0.0695000009 -0.0654999939 0.0000000000
endloop
endfacet
facet normal 0 0 1
outer loop
vertex -0.0505000016 -0.0544999939 0.0000000000
vertex -0.0486666683 -0.0563333273 0.0000000000
vertex -0.0486666683 -0.0544999939 0.0000000000
endloop
endfacet
facet normal 0 0 1
outer loop
vertex -0.0505000016 -0.0544999939 0.0000000000
vertex -0.0505000016 -0.0563333273 0.0000000000
vertex -0.0486666683 -0.0563333273 0.0000000000
endloop
endfacet
facet normal 0 0 1
outer loop
vertex -0.0486666683 -0.0544999939 0.0000000000
vertex -0.0468333349 -0.0563333273 0.0000000000
vertex -0.0468333349 -0.0544999939 0.0000000000
endloop
endfacet
facet normal 0 0 1
outer loop
vertex -0.0486666683 -0.0544999939 0.0000000000
vertex -0.0486666683 -0.0563333273 0.0000000000
vertex -0.0468333349 -0.0563333273 0.0000000000
endloop
endfacet
facet normal 0 0 1
outer loop
vertex -0.0468333349 -0.0544999939 0.0000000000
vertex -0.0450000016 -0.0563333273 0.0000000000
vertex -0.0450000016 -0.0544999939 0.0000000000
endloop
endfacet
facet normal 0 0 1
outer loop
vertex -0.0468333349 -0.0544999939 0.0000000000
vertex -0.0468333349 -0.0563333273 0.0000000000
vertex -0.0450000016 -0.0563333273 0.0000000000
endloop
endfacet
facet normal 0 0 1
outer loop
vertex -0.0450000016 -0.0544999939 0.0000000000
vertex -0.0431666683 -0.0563333273 0.0000000000
vertex -0.0431666683 -0.0544999939 0.0000000000
endloop
endfacet
facet normal 0 0 1
outer loop
vertex -0.0450000016 -0.0544999939 0.0000000000
vertex -0.0450000016 -0.0563333273 0.0000000000
vertex -0.0431666683 -0.0563333273 0.0000000000
endloop
endfacet
facet normal 0 0 1
outer loop
vertex -0.0431666683 -0.0544999939 0.0000000000
vertex -0.0413333349 -0.0563333273 0.0000000000
vertex -0.0413333349 -0.0544999939 0.0000000000
endloop
endfacet
facet normal 0 0 1
outer loop
vertex -0.0431666683 -0.0544999939 0.0000000000
vertex -0.0431666683 -0.0563333273 0.0000000000
vertex -0.0413333349 -0.0563333273 0.0000000000
endloop
endfacet
facet normal 0 0 1
outer loop
vertex -0.0413333349 -0.0544999939 0.0000000000
vertex -0.0395000016 -0.0563333273 0.0000000000
vertex -0.0395000016 -0.0544999939 0.0000000000
endloop
endfacet
facet normal 0 0 1
outer loop
vertex -0.0413333349 -0.0544999939 0.0000000000
vertex -0.0413333349 -0.0563333273 0.0000000000
vertex -0.0395000016 -0.0563333273 0.0000000000
endloop
endfacet
facet normal 0 0 1
outer loop
vertex -0.0505000016 -0.0563333273 0.0000000000
vertex -0.0486666683 -0.0581666606 0.0000000000
vertex -0.0486666683 -0.0563333273 0.0000000000
endloop
endfacet
facet normal 0 0 1
outer loop
vertex -0.0505000016 -0.0563333273 0.0000000000
vertex -0.0505000016 -0.0581666606 0.0000000000
vertex -0.0486666683 -0.0581666606 0.0000000000
endloop
endfacet
facet normal 0 0 1
outer loop
vertex -0.0486666683 -0.0563333273 0.0000000000
vertex -0.0468333349 -0.0581666606 0.0000000000
vertex -0.0468333349 -0.0563333273 0.0000000000
endloop
endfacet
facet normal 0 0 1
outer loop
vertex -0.0486666683 -0.0563333273 0.0000000000
vertex -0.0486666683 -0.0581666606 0.0000000000
vertex -0.0468333349 -0.0581666606 0.0000000000
endloop
endfacet
facet normal 0 0 1
outer loop
vertex -0.0450000016 -0.0563333273 0.0000000000
vertex -0.0431666683 -0.0581666606 0.0000000000
vertex -0.0431666683 -0.0563333273 0.0000000000
endloop
endfacet
facet normal 0 0 1
outer loop
vertex -0.0450000016 -0.0563333273 0.0000000000
vertex -0.0450000016 -0.0581666606 0.0000000000
vertex -0.0431666683 -0.0581666606 0.0000000000
endloop
endfacet
facet normal 0 0 1
outer loop
vertex -0.0413333349 -0.0563333273 0.0000000000
vertex -0.0395000016 -0.0581666606 0.0000000000
vertex -0.0395000016 -0.0563333273 0.0000000000
endloop
endfacet
facet normal 0 0 1
outer loop
vertex -0.0413333349 -0.0563333273 0.0000000000
vertex -0.0413333349 -0.0581666606 0.0000000000
vertex -0.0395000016 -0.0581666606 0.0000000000
endloop
endfacet
facet normal 0 0 1
outer loop
vertex -0.0505000016 -0.0581666606 0.0000000000
vertex -0.0486666683 -0.0599999939 0.0000000000
vertex -0.0486666683 -0.0581666606 0.0000000000
endloop
endfacet
facet normal 0 0 1
outer loop
vertex -0.0505000016 -0.0581666606 0.0000000000
vertex -0.0505000016 -0.0599999939 0.0000000000
vertex -0.0486666683 -0.0599999939 0.0000000000
endloop
endfacet
facet normal 0 0 1
outer loop
vertex -0.0413333349 -0.0581666606 0.0000000000
vertex -0.0395000016 -0.0599999939 0.0000000000
vertex -0.0395000016 -0.0581666606 0.0000000000
endloop
endfacet
facet normal 0 0 1
outer loop
vertex -0.0413333349 -0.0581666606 0.0000000000
vertex -0.0413333349 -0.0599999939 0.0000000000
vertex -0.0395000016 -0.0599999939 0.0000000000
endloop
endfacet
facet normal 0 0 1
outer loop
vertex -0.0505000016 -0.0599999939 0.0000000000
vertex -0.0486666683 -0.0618333273 0.0000000000
vertex -0.0486666683 -0.0599999939 0.0000000000
endloop
endfacet
facet normal 0 0 1
outer loop
vertex -0.0505000016 -0.0599999939 0.0000000000
vertex -0.0505000016 -0.0618333273 0.0000000000
vertex -0.0486666683 -0.0618333273 0.0000000000
endloop
endfacet
facet normal 0 0 1
outer loop
vertex -0.0468333349 -0.0599999939 0.0000000000
vertex -0.0450000016 -0.0618333273 0.0000000000
vertex -0.0450000016 -0.0599999939 0.0000000000
endloop
endfacet
facet normal 0 0 1
outer loop
vertex -0.0468333349 -0.0599999939 0.0000000000
vertex -0.0468333349 -0.0618333273 0.0000000000
vertex -0.0450000016 -0.0618333273 0.0000000000
endloop
endfacet
facet normal 0 0 1
outer loop
vertex -0.0450000016 -0.0599999939 0.0000000000
vertex -0.0431666683 -0.0618333273 0.0000000000
vertex -0.0431666683 -0.0599999939 0.0000000000
endloop
endfacet
facet normal 0 0 1
outer loop
vertex -0.0450000016 -0.0599999939 0.0000000000
vertex -0.0450000016 -0.0618333273 0.0000000000
vertex -0.0431666683 -0.0618333273 0.0000000000
endloop
endfacet
facet normal 0 0 1
outer loop
vertex -0.0413333349 -0.0599999939 0.0000000000
vertex -0.0395000016 -0.0618333273 0.0000000000
vertex -0.0395000016 -0.0599999939 0.0000000000
endloop
endfacet
facet normal 0 0 1
outer loop
vertex -0.0413333349 -0.0599999939 0.0000000000
vertex -0.0413333349 -0.0618333273 0.0000000000
vertex -0.0395000016 -0.0618333273 0.0000000000
endloop
endfacet
facet normal 0 0 1
outer loop
vertex -0.0505000016 -0.0618333273 0.0000000000
vertex -0.0486666683 -0.0636666606 0.0000000000
vertex -0.0486666683 -0.0618333273 0.0000000000
endloop
endfacet
facet normal 0 0 1
outer loop
vertex -0.0505000016 -0.0618333273 0.0000000000
vertex -0.0505000016 -0.0636666606 0.0000000000
vertex -0.0486666683 -0.0636666606 0.0000000000
endloop
endfacet
facet normal 0 0 1
outer loop
vertex -0.0486666683 -0.0618333273 0.0000000000
vertex -0.0468333349 -0.0636666606 0.0000000000
vertex -0.0468333349 -0.0618333273 0.0000000000
endloop
endfacet
facet normal 0 0 1
outer loop
vertex -0.0486666683 -0.0618333273 0.0000000000
vertex -0.0486666683 -0.0636666606 0.0000000000
vertex -0.0468333349 -0.0636666606 0.0000000000
endloop
endfacet
facet normal 0 0 1
outer loop
vertex -0.0413333349 -0.0618333273 0.0000000000
vertex -0.0395000016 -0.0636666606 0.0000000000
vertex -0.0395000016 -0.0618333273 0.0000000000
endloop
endfacet
facet normal 0 0 1
outer loop
vertex -0.0413333349 -0.0618333273 0.0000000000
vertex -0.0413333349 -0.0636666606 0.0000000000
vertex -0.0395000016 -0.0636666606 0.0000000000
endloop
endfacet
facet normal 0 0 1
outer loop
vertex -0.0505000016 -0.0636666606 0.0000000000
vertex -0.0486666683 -0.0654999939 0.0000000000
vertex -0.0486666683 -0.0636666606 0.0000000000
endloop
endfacet
facet normal 0 0 1
outer loop
vertex -0.0505000016 -0.0636666606 0.0000000000
vertex -0.0505000016 -0.0654999939 0.0000000000
vertex -0.0486666683 -0.0654999939 0.0000000000
endloop
endfacet
facet normal 0 0 1
outer loop
vertex -0.0486666683 -0.0636666606 0.0000000000
vertex -0.0468333349 -0.0654999939 0.0000000000
vertex -0.0468333349 -0.0636666606 0.0000000000
endloop
endfacet
facet normal 0 0 1
outer loop
vertex -0.0486666683 -0.0636666606 0.0000000000
vertex -0.0486666683 -0.0654999939 0.0000000000
vertex -0.0468333349 -0.0654999939 0.0000000000
endloop
endfacet
facet normal 0 0 1
outer loop
vertex -0.0468333349 -0.0636666606 0.0000000000
vertex -0.0450000016 -0.0654999939 0.0000000000
vertex -0.0450000016 -0.0636666606 0.0000000000
endloop
endfacet
facet normal 0 0 1
outer loop
vertex -0.0468333349 -0.0636666606 0.0000000000
vertex -0.0468333349 -0.0654999939 0.0000000000
vertex -0.0450000016 -0.0654999939 0.0000000000
endloop
endfacet
facet normal 0 0 1
outer loop
vertex -0.0450000016 -0.0636666606 0.0000000000
vertex -0.0431666683 -0.0654999939 0.0000000000
vertex -0.0431666683 -0.0636666606 0.0000000000
endloop
endfacet
facet normal 0 0 1
outer loop
vertex -0.0450000016 -0.0636666606 0.0000000000
vertex -0.0450000016 -0.0654999939 0.0000000000
vertex -0.0431666683 -0.0654999939 0.0000000000
endloop
endfacet
facet normal 0 0 1
outer loop
vertex -0.0431666683 -0.0636666606 0.0000000000
vertex -0.0413333349 -0.0654999939 0.0000000000
vertex -0.0413333349 -0.0636666606 0.0000000000
endloop
endfacet
facet normal 0 0 1
outer loop
vertex -0.0431666683 -0.0636666606 0.0000000000
vertex -0.0431666683 -0.0654999939 0.0000000000
vertex -0.0413333349 -0.0654999939 0.0000000000
endloop
endfacet
facet normal 0 0 1
outer loop
vertex -0.0413333349 -0.0636666606 0.0000000000
vertex -0.0395000016 -0.0654999939 0.0000000000
vertex -0.0395000016 -0.0636666606 0.0000000000
endloop
endfacet
facet normal 0 0 1
outer loop
vertex -0.0413333349 -0.0636666606 0.0000000000
vertex -0.0413333349 -0.0654999939 0.0000000000
vertex -0.0395000016 -0.0654999939 0.0000000000
endloop
endfacet
facet normal 0 0 1
outer loop
vertex -0.0205000079 -0.0544999939 0.0000000000
vertex -0.0186666745 -0.0563333273 0.0000000000
vertex -0.0186666745 -0.0544999939 0.0000000000
endloop
endfacet
facet normal 0 0 1
outer loop
vertex -0.0205000079 -0.0544999939 0.0000000000
vertex -0.0205000079 -0.0563333273 0.0000000000
vertex -0.0186666745 -0.0563333273 0.0000000000
endloop
endfacet
facet normal 0 0 1
outer loop
vertex -0.0186666745 -0.0544999939 0.0000000000
vertex -0.0168333412 -0.0563333273 0.0000000000
vertex -0.0168333412 -0.0544999939 0.0000000000
endloop
endfacet
facet normal 0 0 1
outer loop
vertex -0.0186666745 -0.0544999939 0.0000000000
vertex -0.0186666745 -0.0563333273 0.0000000000
vertex -0.0168333412 -0.0563333273 0.0000000000
endloop
endfacet
facet normal 0 0 1
outer loop
vertex -0.0168333412 -0.0544999939 0.0000000000
vertex -0.0150000079 -0.0563333273 0.0000000000
vertex -0.0150000079 -0.0544999939 0.0000000000
endloop
endfacet
facet normal 0 0 1
outer loop
vertex -0.0168333412 -0.0544999939 0.0000000000
vertex -0.0168333412 -0.0563333273 0.0000000000
vertex -0.0150000079 -0.0563333273 0.0000000000
endloop
endfacet
facet normal 0 0 1
outer loop
vertex -0.0150000079 -0.0544999939 0.0000000000
vertex -0.0131666745 -0.0563333273 0.0000000000
vertex -0.0131666745 -0.0544999939 0.0000000000
endloop
endfacet
facet normal 0 0 1
outer loop
vertex -0.0150000079 -0.0544999939 0.0000000000
vertex -0.0150000079 -0.0563333273 0.0000000000
vertex -0.0131666745 -0.0563333273 0.0000000000
endloop
endfacet
facet normal 0 0 1
outer loop
vertex -0.0131666745 -0.0544999939 0.0000000000
vertex -0.0113333412 -0.0563333273 0.0000000000
vertex -0.0113333412 -0.0544999939 0.0000000000
endloop
endfacet
facet normal 0 0 1
outer loop
vertex -0.0131666745 -0.0544999939 0.0000000000
vertex -0.0131666745 -0.0563333273 0.0000000000
vertex -0.0113333412 -0.0563333273 0.0000000000
endloop
endfacet
facet normal 0 0 1
outer loop
vertex -0.0113333412 -0.0544999939 0.0000000000
vertex -0.0095000079 -0.0563333273 0.0000000000
vertex -0.0095000079 -0.0544999939 0.0000000000
endloop
endfacet
facet normal 0 0 1
outer loop
vertex -0.0113333412 -0.0544999939 0.0000000000
vertex -0.0113333412 -0.0563333273 0.0000000000
vertex -0.0095000079 -0.0563333273 0.0000000000
endloop
endfacet
facet normal 0 0 1
outer loop
vertex -0.0205000079 -0.0563333273 0.0000000000
vertex -0.0186666745 -0.0581666606 0.0000000000
vertex -0.0186666745 -0.0563333273 0.0000000000
endloop
endfacet
facet normal 0 0 1
outer loop
vertex -0.0205000079 -0.0563333273 0.0000000000
vertex -0.0205000079 -0.0581666606 0.0000000000
vertex -0.0186666745 -0.0581666606 0.0000000000
endloop
endfacet
facet normal 0 0 1
outer loop
vertex -0.0186666745 -0.0563333273 0.0000000000
vertex -0.0168333412 -0.0581666606 0.0000000000
vertex -0.0168333412 -0.0563333273 0.0000000000
endloop
endfacet
facet normal 0 0 1
outer loop
vertex -0.0186666745 -0.0563333273 0.0000000000
vertex -0.0186666745 -0.0581666606 0.0000000000
vertex -0.0168333412 -0.0581666606 0.0000000000
endloop
endfacet
facet normal 0 0 1
outer loop
vertex -0.0131666745 -0.0563333273 0.0000000000
vertex -0.0113333412 -0.0581666606 0.0000000000
vertex -0.0113333412 -0.0563333273 0.0000000000
endloop
endfacet
facet normal 0 0 1
outer loop
vertex -0.0131666745 -0.0563333273 0.0000000000
vertex -0.0131666745 -0.0581666606 0.0000000000
vertex -0.0113333412 -0.0581666606 0.0000000000
endloop
endfacet
facet normal 0 0 1
outer loop
vertex -0.0113333412 -0.0563333273 0.0000000000
vertex -0.0095000079 -0.0581666606 0.0000000000
vertex -0.0095000079 -0.0563333273 0.0000000000
endloop
endfacet
facet normal 0 0 1
outer loop
vertex -0.0113333412 -0.0563333273 0.0000000000
vertex -0.0113333412 -0.0581666606 0.0000000000
vertex -0.0095000079 -0.0581666606 0.0000000000
endloop
endfacet
facet normal 0 0 1
outer loop
vertex -0.0205000079 -0.0581666606 0.0000000000
vertex -0.0186666745 -0.0599999939 0.0000000000
vertex -0.0186666745 -0.0581666606 0.0000000000
endloop
endfacet
facet normal 0 0 1
outer loop
vertex -0.0205000079 -0.0581666606 0.0000000000
vertex -0.0205000079 -0.0599999939 0.0000000000
vertex -0.0186666745 -0.0599999939 0.0000000000
endloop
endfacet
facet normal 0 0 1
outer loop
vertex -0.0168333412 -0.0581666606 0.0000000000
vertex -0.0150000079 -0.0599999939 0.0000000000
vertex -0.0150000079 -0.0581666606 0.0000000000
endloop
endfacet
facet normal 0 0 1
outer loop
vertex -0.0168333412 -0.0581666606 0.0000000000
vertex -0.0168333412 -0.0599999939 0.0000000000
vertex -0.0150000079 -0.0599999939 0.0000000000
endloop
endfacet
facet normal 0 0 1
outer loop
vertex -0.0150000079 -0.0581666606 0.0000000000
vertex -0.0131666745 -0.0599999939 0.0000000000
vertex -0.0131666745 -0.0581666606 0.0000000000
endloop
endfacet
facet normal 0 0 1
outer loop
vertex -0.0150000079 -0.0581666606 0.0000000000
vertex -0.0150000079 -0.0599999939 0.0000000000
vertex -0.0131666745 -0.0599999939 0.0000000000
endloop
endfacet
facet normal 0 0 1
outer loop
vertex -0.0131666745 -0.0581666606 0.0000000000
vertex -0.0113333412 -0.0599999939 0.0000000000
vertex -0.0113333412 -0.0581666606 0.0000000000
endloop
endfacet
facet normal 0 0 1
outer loop
vertex -0.0131666745 -0.0581666606 0.0000000000
vertex -0.0131666745 -0.0599999939 0.0000000000
vertex -0.0113333412 -0.0599999939 0.0000000000
endloop
endfacet
facet normal 0 0 1
outer loop
vertex -0.0113333412 -0.0581666606 0.0000000000
vertex -0.0095000079 -0.0599999939 0.0000000000
vertex -0.0095000079 -0.0581666606 0.0000000000
endloop
endfacet
facet normal 0 0 1
outer loop
vertex -0.0113333412 -0.0581666606 0.0000000000
vertex -0.0113333412 -0.0599999939 0.0000000000
vertex -0.0095000079 -0.0599999939 0.0000000000
endloop
endfacet
facet normal 0 0 1
outer loop
vertex -0.0205000079 -0.0599999939 0.0000000000
vertex -0.0186666745 -0.0618333273 0.0000000000
vertex -0.0186666745 -0.0599999939 0.0000000000
endloop
endfacet
facet normal 0 0 1
outer loop
vertex -0.0205000079 -0.0599999939 0.0000000000
vertex -0.0205000079 -0.0618333273 0.0000000000
vertex -0.0186666745 -0.0618333273 0.0000000000
endloop
endfacet
facet normal 0 0 1
outer loop
vertex -0.0186666745 -0.0599999939 0.0000000000
vertex -0.0168333412 -0.0618333273 0.0000000000
vertex -0.0168333412 -0.0599999939 0.0000000000
endloop
endfacet
facet normal 0 0 1
outer loop
vertex -0.0186666745 -0.0599999939 0.0000000000
vertex -0.0186666745 -0.0618333273 0.0000000000
vertex -0.0168333412 -0.0618333273 0.0000000000
endloop
endfacet
facet normal 0 0 1
outer loop
vertex -0.0168333412 -0.0599999939 0.0000000000
vertex -0.0150000079 -0.0618333273 0.0000000000
vertex -0.0150000079 -0.0599999939 0.0000000000
endloop
endfacet
facet normal 0 0 1
outer loop
vertex -0.0168333412 -0.0599999939 0.0000000000
vertex -0.0168333412 -0.0618333273 0.0000000000
vertex -0.0150000079 -0.0618333273 0.0000000000
endloop
endfacet
facet normal 0 0 1
outer loop
vertex -0.0150000079 -0.0599999939 0.0000000000
vertex -0.0131666745 -0.0618333273 0.0000000000
vertex -0.0131666745 -0.0599999939 0.0000000000
endloop
endfacet
facet normal 0 0 1
outer loop
vertex -0.0150000079 -0.0599999939 0.0000000000
vertex -0.0150000079 -0.0618333273 0.0000000000
vertex -0.0131666745 -0.0618333273 0.0000000000
endloop
endfacet
facet normal 0 0 1
outer loop
vertex -0.0131666745 -0.0599999939 0.0000000000
vertex -0.0113333412 -0.0618333273 0.0000000000
vertex -0.0113333412 -0.0599999939 0.0000000000
endloop
endfacet
facet normal 0 0 1
outer loop
vertex -0.0131666745 -0.0599999939 0.0000000000
vertex -0.0131666745 -0.0618333273 0.0000000000
vertex -0.0113333412 -0.0618333273 0.0000000000
endloop
endfacet
facet normal 0 0 1
outer loop
vertex -0.0113333412 -0.0599999939 0.0000000000
vertex -0.0095000079 -0.0618333273 0.0000000000
vertex -0.0095000079 -0.0599999939 0.0000000000
endloop
endfacet
facet normal 0 0 1
outer loop
vertex -0.0113333412 -0.0599999939 0.0000000000
vertex -0.0113333412 -0.0618333273 0.0000000000
vertex -0.0095000079 -0.0618333273 0.0000000000
endloop
endfacet
facet normal 0 0 1
outer loop
vertex -0.0205000079 -0.0618333273 0.0000000000
vertex -0.0186666745 -0.0636666606 0.0000000000
vertex -0.0186666745 -0.0618333273 0.0000000000
endloop
endfacet
facet normal 0 0 1
outer loop
vertex -0.0205000079 -0.0618333273 0.0000000000
vertex -0.0205000079 -0.0636666606 0.0000000000
vertex -0.0186666745 -0.0636666606 0.0000000000
endloop
endfacet
facet normal 0 0 1
outer loop
vertex -0.0186666745 -0.0618333273 0.0000000000
vertex -0.0168333412 -0.0636666606 0.0000000000
vertex -0.0168333412 -0.0618333273 0.0000000000
endloop
endfacet
facet normal 0 0 1
outer loop
vertex -0.0186666745 -0.0618333273 0.0000000000
vertex -0.0186666745 -0.0636666606 0.0000000000
vertex -0.0168333412 -0.0636666606 0.0000000000
endloop
endfacet
facet normal 0 0 1
outer loop
vertex -0.0168333412 -0.0618333273 0.0000000000
vertex -0.0150000079 -0.0636666606 0.0000000000
vertex -0.0150000079 -0.0618333273 0.0000000000
endloop
endfacet
facet normal 0 0 1
outer loop
vertex -0.0168333412 -0.0618333273 0.0000000000
vertex -0.0168333412 -0.0636666606 0.0000000000
vertex -0.0150000079 -0.0636666606 0.0000000000
endloop
endfacet
facet normal 0 0 1
outer loop
vertex -0.0150000079 -0.0618333273 0.0000000000
vertex -0.0131666745 -0.0636666606 0.0000000000
vertex -0.0131666745 -0.0618333273 0.0000000000
endloop
endfacet
facet normal 0 0 1
outer loop
vertex -0.0150000079 -0.0618333273 0.0000000000
vertex -0.0150000079 -0.0636666606 0.0000000000
vertex -0.0131666745 -0.0636666606 0.0000000000
endloop
endfacet
facet normal 0 0 1
outer loop
vertex -0.0113333412 -0.0618333273 0.0000000000
vertex -0.0095000079 -0.0636666606 0.0000000000
vertex -0.0095000079 -0.0618333273 0.0000000000
endloop
endfacet
facet normal 0 0 1
outer loop
vertex -0.0113333412 -0.0618333273 0.0000000000
vertex -0.0113333412 -0.0636666606 0.0000000000
vertex -0.0095000079 -0.0636666606 0.0000000000
endloop
endfacet
facet normal 0 0 1
outer loop
vertex -0.0205000079 -0.0636666606 0.0000000000
vertex -0.0186666745 -0.0654999939 0.0000000000
vertex -0.0186666745 -0.0636666606 0.0000000000
endloop
endfacet
facet normal 0 0 1
outer loop
vertex -0.0205000079 -0.0636666606 0.0000000000
vertex -0.0205000079 -0.0654999939 0.0000000000
vertex -0.0186666745 -0.0654999939 0.0000000000
endloop
endfacet
facet normal 0 0 1
outer loop
vertex -0.0186666745 -0.0636666606 0.0000000000
vertex -0.0168333412 -0.0654999939 0.0000000000
vertex -0.0168333412 -0.0636666606 0.0000000000
endloop
endfacet
facet normal 0 0 1
outer loop
vertex -0.0186666745 -0.0636666606 0.0000000000
vertex -0.0186666745 -0.0654999939 0.0000000000
vertex -0.0168333412 -0.0654999939 0.0000000000
endloop
endfacet
facet normal 0 0 1
outer loop
vertex -0.0168333412 -0.0636666606 0.0000000000
vertex -0.0150000079 -0.0654999939 0.0000000000
vertex -0.0150000079 -0.0636666606 0.0000000000
endloop
endfacet
facet normal 0 0 1
outer loop
vertex -0.0168333412 -0.0636666606 0.0000000000
vertex -0.0168333412 -0.0654999939 0.0000000000
vertex -0.0150000079 -0.0654999939 0.0000000000
endloop
endfacet
facet normal 0 0 1
outer loop
vertex -0.0150000079 -0.0636666606 0.0000000000
vertex -0.0131666745 -0.0654999939 0.0000000000
vertex -0.0131666745 -0.0636666606 0.0000000000
endloop
endfacet
facet normal 0 0 1
outer loop
vertex -0.0150000079 -0.0636666606 0.0000000000
vertex -0.0150000079 -0.0654999939 0.0000000000
vertex -0.0131666745 -0.0654999939 0.0000000000
endloop
endfacet
facet normal 0 0 1
outer loop
vertex -0.0131666745 -0.0636666606 0.0000000000
vertex -0.0113333412 -0.0654999939 0.0000000000
vertex -0.0113333412 -0.0636666606 0.0000000000
endloop
endfacet
facet normal 0 0 1
outer loop
vertex -0.0131666745 -0.0636666606 0.0000000000
vertex -0.0131666745 -0.0654999939 0.0000000000
vertex -0.0113333412 -0.0654999939 0.0000000000
endloop
endfacet
facet normal 0 0 1
outer loop
vertex -0.0113333412 -0.0636666606 0.0000000000
vertex -0.0095000079 -0.0654999939 0.0000000000
vertex -0.0095000079 -0.0636666606 0.0000000000
endloop
endfacet
facet normal 0 0 1
outer loop
vertex -0.0113333412 -0.0636666606 0.0000000000
vertex -0.0113333412 -0.0654999939 0.0000000000
vertex -0.0095000079 -0.0654999939 0.0000000000
endloop
endfacet
facet normal 0 0 1
outer loop
vertex 0.0094999933 -0.0544999939 0.0000000000
vertex 0.0113333267 -0.0563333273 0.0000000000
vertex 0.0113333267 -0.0544999939 0.0000000000
endloop
endfacet
facet normal 0 0 1
outer loop
vertex 0.0094999933 -0.0544999939 0.0000000000
vertex 0.0094999933 -0.0563333273 0.0000000000
vertex 0.0113333267 -0.0563333273 0.0000000000
endloop
endfacet
facet normal 0 0 1
outer loop
vertex 0.0113333267 -0.0544999939 0.0000000000
vertex 0.0131666600 -0.0563333273 0.0000000000
vertex 0.0131666600 -0.0544999939 0.0000000000
endloop
endfacet
facet normal 0 0 1
outer loop
vertex 0.0113333267 -0.0544999939 0.0000000000
vertex 0.0113333267 -0.0563333273 0.0000000000
vertex 0.0131666600 -0.0563333273 0.0000000000
endloop
endfacet
facet normal 0 0 1
outer loop
vertex 0.0131666600 -0.0544999939 0.0000000000
vertex 0.0149999933 -0.0563333273 0.0000000000
vertex 0.0149999933 -0.0544999939 0.0000000000
endloop
endfacet
facet normal 0 0 1
outer loop
vertex 0.0131666600 -0.0544999939 0.0000000000
vertex 0.0131666600 -0.0563333273 0.0000000000
vertex 0.0149999933 -0.0563333273 0.0000000000
endloop
endfacet
facet normal 0 0 1
outer loop
vertex 0.0149999933 -0.0544999939 0.0000000000
vertex 0.0168333267 -0.0563333273 0.0000000000
vertex 0.0168333267 -0.0544999939 0.0000000000
endloop
endfacet
facet normal 0 0 1
outer loop
vertex 0.0149999933 -0.0544999939 0.0000000000
vertex 0.0149999933 -0.0563333273 0.0000000000
vertex 0.0168333267 -0.0563333273 0.0000000000
endloop
endfacet
facet normal 0 0 1
outer loop
vertex 0.0168333267 -0.0544999939 0.0000000000
vertex 0.0186666600 -0.0563333273 0.0000000000
vertex 0.0186666600 -0.0544999939 0.0000000000
endloop
endfacet
facet normal 0 0 1
outer loop
vertex 0.0168333267 -0.0544999939 0.0000000000
vertex 0.0168333267 -0.0563333273 0.0000000000
vertex 0.0186666600 -0.0563333273 0.0000000000
endloop
endfacet
facet normal 0 0 1
outer loop
vertex 0.0186666600 -0.0544999939 0.0000000000
vertex 0.0204999933 -0.0563333273 0.0000000000
vertex 0.0204999933 -0.0544999939 0.0000000000
endloop
endfacet
facet normal 0 0 1
outer loop
vertex 0.0186666600 -0.0544999939 0.0000000000
vertex 0.0186666600 -0.0563333273 0.0000000000
vertex 0.0204999933 -0.0563333273 0.0000000000
endloop
endfacet
facet normal 0 0 1
outer loop
vertex 0.0094999933 -0.0563333273 0.0000000000
vertex 0.0113333267 -0.0581666606 0.0000000000
vertex 0.0113333267 -0.0563333273 0.0000000000
endloop
endfacet
facet normal 0 0 1
outer loop
vertex 0.0094999933 -0.0563333273 0.0000000000
vertex 0.0094999933 -0.0581666606 0.0000000000
vertex 0.0113333267 -0.0581666606 0.0000000000
endloop
endfacet
facet normal 0 0 1
outer loop
vertex 0.0113333267 -0.0563333273 0.0000000000
vertex 0.0131666600 -0.0581666606 0.0000000000
vertex 0.0131666600 -0.0563333273 0.0000000000
endloop
endfacet
facet normal 0 0 1
outer loop
vertex 0.0113333267 -0.0563333273 0.0000000000
vertex 0.0113333267 -0.0581666606 0.0000000000
vertex 0.0131666600 -0.0581666606 0.0000000000
endloop
endfacet
facet normal 0 0 1
outer loop
vertex 0.0168333267 -0.0563333273 0.0000000000
vertex 0.0186666600 -0.0581666606 0.0000000000
vertex 0.0186666600 -0.0563333273 0.0000000000
endloop
endfacet
facet normal 0 0 1
outer loop
vertex 0.0168333267 -0.0563333273 0.0000000000
vertex 0.0168333267 -0.0581666606 0.0000000000
vertex 0.0186666600 -0.0581666606 0.0000000000
endloop
endfacet
facet normal 0 0 1
outer loop
vertex 0.0186666600 -0.0563333273 0.0000000000
vertex 0.0204999933 -0.0581666606 0.0000000000
vertex 0.0204999933 -0.0563333273 0.0000000000
endloop
endfacet
facet normal 0 0 1
outer loop
vertex 0.0186666600 -0.0563333273 0.0000000000
vertex 0.0186666600 -0.0581666606 0.0000000000
vertex 0.0204999933 -0.0581666606 0.0000000000
endloop
endfacet
facet normal 0 0 1
outer loop
vertex 0.0094999933 -0.0581666606 0.0000000000
vertex 0.0113333267 -0.0599999939 0.0000000000
vertex 0.0113333267 -0.0581666606 0.0000000000
endloop
endfacet
facet normal 0 0 1
outer loop
vertex 0.0094999933 -0.0581666606 0.0000000000
vertex 0.0094999933 -0.0599999939 0.0000000000
vertex 0.0113333267 -0.0599999939 0.0000000000
endloop
endfacet
facet normal 0 0 1
outer loop
vertex 0.0131666600 -0.0581666606 0.0000000000
vertex 0.0149999933 -0.0599999939 0.0000000000
vertex 0.0149999933 -0.0581666606 0.0000000000
endloop
endfacet
facet normal 0 0 1
outer loop
vertex 0.0131666600 -0.0581666606 0.0000000000
vertex 0.0131666600 -0.0599999939 0.0000000000
vertex 0.0149999933 -0.0599999939 0.0000000000
endloop
endfacet
facet normal 0 0 1
outer loop
vertex 0.0149999933 -0.0581666606 0.0000000000
vertex 0.0168333267 -0.0599999939 0.0000000000
vertex 0.0168333267 -0.0581666606 0.0000000000
endloop
endfacet
facet normal 0 0 1
outer loop
vertex 0.0149999933 -0.0581666606 0.0000000000
vertex 0.0149999933 -0.0599999939 0.0000000000
vertex 0.0168333267 -0.0599999939 0.0000000000
endloop
endfacet
facet normal 0 0 1
outer loop
vertex 0.0168333267 -0.0581666606 0.0000000000
vertex 0.0186666600 -0.0599999939 0.0000000000
vertex 0.0186666600 -0.0581666606 0.0000000000
endloop
endfacet
facet normal 0 0 1
outer loop
vertex 0.0168333267 -0.0581666606 0.0000000000
vertex 0.0168333267 -0.0599999939 0.0000000000
vertex 0.0186666600 -0.0599999939 0.0000000000
endloop
endfacet
facet normal 0 0 1
outer loop
vertex 0.0186666600 -0.0581666606 0.0000000000
vertex 0.0204999933 -0.0599999939 0.0000000000
vertex 0.0204999933 -0.0581666606 0.0000000000
endloop
endfacet
facet normal 0 0 1
outer loop
vertex 0.0186666600 -0.0581666606 0.0000000000
vertex 0.0186666600 -0.0599999939 0.0000000000
vertex 0.0204999933 -0.0599999939 0.0000000000
endloop
endfacet
facet normal 0 0 1
outer loop
vertex 0.0094999933 -0.0599999939 0.0000000000
vertex 0.0113333267 -0.0618333273 0.0000000000
vertex 0.0113333267 -0.0599999939 0.0000000000
endloop
endfacet
facet normal 0 0 1
outer loop
vertex 0.0094999933 -0.0599999939 0.0000000000
vertex 0.0094999933 -0.0618333273 0.0000000000
vertex 0.0113333267 -0.0618333273 0.0000000000
endloop
endfacet
facet normal 0 0 1
outer loop
vertex 0.0113333267 -0.0599999939 0.0000000000
vertex 0.0131666600 -0.0618333273 0.0000000000
vertex 0.0131666600 -0.0599999939 0.0000000000
endloop
endfacet
facet normal 0 0 1
outer loop
vertex 0.0113333267 -0.0599999939 0.0000000000
vertex 0.0113333267 -0.0618333273 0.0000000000
vertex 0.0131666600 -0.0618333273 0.0000000000
endloop
endfacet
facet normal 0 0 1
outer loop
vertex 0.0168333267 -0.0599999939 0.0000000000
vertex 0.0186666600 -0.0618333273 0.0000000000
vertex 0.0186666600 -0.0599999939 0.0000000000
endloop
endfacet
facet normal 0 0 1
outer loop
vertex 0.0168333267 -0.0599999939 0.0000000000
vertex 0.0168333267 -0.0618333273 0.0000000000
vertex 0.0186666600 -0.0618333273 0.0000000000
endloop
endfacet
facet normal 0 0 1
outer loop
vertex 0.0186666600 -0.0599999939 0.0000000000
vertex 0.0204999933 -0.0618333273 0.0000000000
vertex 0.0204999933 -0.0599999939 0.0000000000
endloop
endfacet
facet normal 0 0 1
outer loop
vertex 0.0186666600 -0.0599999939 0.0000000000
vertex 0.0186666600 -0.0618333273 0.0000000000
vertex 0.0204999933 -0.0618333273 0.0000000000
endloop
endfacet
facet normal 0 0 1
outer loop
vertex 0.0094999933 -0.0618333273 0.0000000000
vertex 0.0113333267 -0.0636666606 0.0000000000
vertex 0.0113333267 -0.0618333273 0.0000000000
endloop
endfacet
facet normal 0 0 1
outer loop
vertex 0.0094999933 -0.0618333273 0.0000000000
vertex 0.0094999933 -0.0636666606 0.0000000000
vertex 0.0113333267 -0.0636666606 0.0000000000
endloop
endfacet
facet normal 0 0 1
outer loop
vertex 0.0113333267 -0.0618333273 0.0000000000
vertex 0.0131666600 -0.0636666606 0.0000000000
vertex 0.0131666600 -0.0618333273 0.0000000000
endloop
endfacet
facet normal 0 0 1
outer loop
vertex 0.0113333267 -0.0618333273 0.0000000000
vertex 0.0113333267 -0.0636666606 0.0000000000
vertex 0.0131666600 -0.0636666606 0.0000000000
endloop
endfacet
facet normal 0 0 1
outer loop
vertex 0.0186666600 -0.0618333273 0.0000000000
vertex 0.0204999933 -0.0636666606 0.0000000000
vertex 0.0204999933 -0.0618333273 0.0000000000
endloop
endfacet
facet normal 0 0 1
outer loop
vertex 0.0186666600 -0.0618333273 0.0000000000
vertex 0.0186666600 -0.0636666606 0.0000000000
vertex 0.0204999933 -0.0636666606 0.0000000000
endloop
endfacet
facet normal 0 0 1
outer loop
vertex 0.0094999933 -0.0636666606 0.0000000000
vertex 0.0113333267 -0.0654999939 0.0000000000
vertex 0.0113333267 -0.0636666606 0.0000000000
endloop
endfacet
facet normal 0 0 1
outer loop
vertex 0.0094999933 -0.0636666606 0.0000000000
vertex 0.0094999933 -0.0654999939 0.0000000000
vertex 0.0113333267 -0.0654999939 0.0000000000
endloop
endfacet
facet normal 0 0 1
outer loop
vertex 0.0113333267 -0.0636666606 0.0000000000
vertex 0.0131666600 -0.0654999939 0.0000000000
vertex 0.0131666600 -0.0636666606 0.0000000000
endloop
endfacet
facet normal 0 0 1
outer loop
vertex 0.0113333267 -0.0636666606 0.0000000000
vertex 0.0113333267 -0.0654999939 0.0000000000
vertex 0.0131666600 -0.0654999939 0.0000000000
endloop
endfacet
facet normal 0 0 1
outer loop
vertex 0.0131666600 -0.0636666606 0.0000000000
vertex 0.0149999933 -0.0654999939 0.0000000000
vertex 0.0149999933 -0.0636666606 0.0000000000
endloop
endfacet
facet normal 0 0 1
outer loop
vertex 0.0131666600 -0.0636666606 0.0000000000
vertex 0.0131666600 -0.0654999939 0.0000000000
vertex 0.0149999933 -0.0654999939 0.0000000000
endloop
endfacet
facet normal 0 0 1
outer loop
vertex 0.0149999933 -0.0636666606 0.0000000000
vertex 0.0168333267 -0.0654999939 0.0000000000
vertex 0.0168333267 -0.0636666606 0.0000000000
endloop
endfacet
facet normal 0 0 1
outer loop
vertex 0.0149999933 -0.0636666606 0.0000000000
vertex 0.0149999933 -0.0654999939 0.0000000000
vertex 0.0168333267 -0.0654999939 0.0000000000
endloop
endfacet
facet normal 0 0 1
outer loop
vertex 0.0168333267 -0.0636666606 0.0000000000
vertex 0.0186666600 -0.0654999939 0.0000000000
vertex 0.0186666600 -0.0636666606 0.0000000000
endloop
endfacet
facet normal 0 0 1
outer loop
vertex 0.0168333267 -0.0636666606 0.0000000000
vertex 0.0168333267 -0.0654999939 0.0000000000
vertex 0.0186666600 -0.0654999939 0.0000000000
endloop
endfacet
facet normal 0 0 1
outer loop
vertex 0.0186666600 -0.0636666606 0.0000000000
vertex 0.0204999933 -0.0654999939 0.0000000000
vertex 0.0204999933 -0.0636666606 0.0000000000
endloop
endfacet
facet normal 0 0 1
outer loop
vertex 0.0186666600 -0.0636666606 0.0000000000
vertex 0.0186666600 -0.0654999939 0.0000000000
vertex 0.0204999933 -0.0654999939 0.0000000000
endloop
endfacet
facet normal 0 0 1
outer loop
vertex 0.0394999945 -0.0544999939 0.0000000000
vertex 0.0413333278 -0.0563333273 0.0000000000
vertex 0.0413333278 -0.0544999939 0.0000000000
endloop
endfacet
facet normal 0 0 1
outer loop
vertex 0.0394999945 -0.0544999939 0.0000000000
vertex 0.0394999945 -0.0563333273 0.0000000000
vertex 0.0413333278 -0.0563333273 0.0000000000
endloop
endfacet
facet normal 0 0 1
outer loop
vertex 0.0413333278 -0.0544999939 0.0000000000
vertex 0.0431666612 -0.0563333273 0.0000000000
vertex 0.0431666612 -0.0544999939 0.0000000000
endloop
endfacet
facet normal 0 0 1
outer loop
vertex 0.0413333278 -0.0544999939 0.0000000000
vertex 0.0413333278 -0.0563333273 0.0000000000
vertex 0.0431666612 -0.0563333273 0.0000000000
endloop
endfacet
facet normal 0 0 1
outer loop
vertex 0.0431666612 -0.0544999939 0.0000000000
vertex 0.0449999945 -0.0563333273 0.0000000000
vertex 0.0449999945 -0.0544999939 0.0000000000
endloop
endfacet
facet normal 0 0 1
outer loop
vertex 0.0431666612 -0.0544999939 0.0000000000
vertex 0.0431666612 -0.0563333273 0.0000000000
vertex 0.0449999945 -0.0563333273 0.0000000000
endloop
endfacet
facet normal 0 0 1
outer loop
vertex 0.0449999945 -0.0544999939 0.0000000000
vertex 0.0468333278 -0.0563333273 0.0000000000
vertex 0.0468333278 -0.0544999939 0.0000000000
endloop
endfacet
facet normal 0 0 1
outer loop
vertex 0.0449999945 -0.0544999939 0.0000000000
vertex 0.0449999945 -0.0563333273 0.0000000000
vertex 0.0468333278 -0.0563333273 0.0000000000
endloop
endfacet
facet normal 0 0 1
outer loop
vertex 0.0468333278 -0.0544999939 0.0000000000
vertex 0.0486666612 -0.0563333273 0.0000000000
vertex 0.0486666612 -0.0544999939 0.0000000000
endloop
endfacet
facet normal 0 0 1
outer loop
vertex 0.0468333278 -0.0544999939 0.0000000000
vertex 0.0468333278 -0.0563333273 0.0000000000
vertex 0.0486666612 -0.0563333273 0.0000000000
endloop
endfacet
facet normal 0 0 1
outer loop
vertex 0.0486666612 -0.0544999939 0.0000000000
vertex 0.0504999945 -0.0563333273 0.0000000000
vertex 0.0504999945 -0.0544999939 0.0000000000
endloop
endfacet
facet normal 0 0 1
outer loop
vertex 0.0486666612 -0.0544999939 0.0000000000
vertex 0.0486666612 -0.0563333273 0.0000000000
vertex 0.0504999945 -0.0563333273 0.0000000000
endloop
endfacet
facet normal 0 0 1
outer loop
vertex 0.0394999945 -0.0563333273 0.0000000000
vertex 0.0413333278 -0.0581666606 0.0000000000
vertex 0.0413333278 -0.0563333273 0.0000000000
endloop
endfacet
facet normal 0 0 1
outer loop
vertex 0.0394999945 -0.0563333273 0.0000000000
vertex 0.0394999945 -0.0581666606 0.0000000000
vertex 0.0413333278 -0.0581666606 0.0000000000
endloop
endfacet
facet normal 0 0 1
outer loop
vertex 0.0413333278 -0.0563333273 0.0000000000
vertex 0.0431666612 -0.0581666606 0.0000000000
vertex 0.0431666612 -0.0563333273 0.0000000000
endloop
endfacet
facet normal 0 0 1
outer loop
vertex 0.0413333278 -0.0563333273 0.0000000000
vertex 0.0413333278 -0.0581666606 0.0000000000
vertex 0.0431666612 -0.0581666606 0.0000000000
endloop
endfacet
facet normal 0 0 1
outer loop
vertex 0.0468333278 -0.0563333273 0.0000000000
vertex 0.0486666612 -0.0581666606 0.0000000000
vertex 0.0486666612 -0.0563333273 0.0000000000
endloop
endfacet
facet normal 0 0 1
outer loop
vertex 0.0468333278 -0.0563333273 0.0000000000
vertex 0.0468333278 -0.0581666606 0.0000000000
vertex 0.0486666612 -0.0581666606 0.0000000000
endloop
endfacet
facet normal 0 0 1
outer loop
vertex 0.0486666612 -0.0563333273 0.0000000000
vertex 0.0504999945 -0.0581666606 0.0000000000
vertex 0.0504999945 -0.0563333273 0.0000000000
endloop
endfacet
facet normal 0 0 1
outer loop
vertex 0.0486666612 -0.0563333273 0.0000000000
vertex 0.0486666612 -0.0581666606 0.0000000000
vertex 0.0504999945 -0.0581666606 0.0000000000
endloop
endfacet
facet normal 0 0 1
outer loop
vertex 0.0394999945 -0.0581666606 0.0000000000
vertex 0.0413333278 -0.0599999939 0.0000000000
vertex 0.0413333278 -0.0581666606 0.0000000000
endloop
endfacet
facet normal 0 0 1
outer loop
vertex 0.0394999945 -0.0581666606 0.0000000000
vertex 0.0394999945 -0.0599999939 0.0000000000
vertex 0.0413333278 -0.0599999939 0.0000000000
endloop
endfacet
facet normal 0 0 1
outer loop
vertex 0.0413333278 -0.0581666606 0.0000000000
vertex 0.0431666612 -0.0599999939 0.0000000000
vertex 0.0431666612 -0.0581666606 0.0000000000
endloop
endfacet
facet normal 0 0 1
outer loop
vertex 0.0413333278 -0.0581666606 0.0000000000
vertex 0.0413333278 -0.0599999939 0.0000000000
vertex 0.0431666612 -0.0599999939 0.0000000000
endloop
endfacet
facet normal 0 0 1
outer loop
vertex 0.0431666612 -0.0581666606 0.0000000000
vertex 0.0449999945 -0.0599999939 0.0000000000
vertex 0.0449999945 -0.0581666606 0.0000000000
endloop
endfacet
facet normal 0 0 1
outer loop
vertex 0.0431666612 -0.0581666606 0.0000000000
vertex 0.0431666612 -0.0599999939 0.0000000000
vertex 0.0449999945 -0.0599999939 0.0000000000
endloop
endfacet
facet normal 0 0 1
outer loop
vertex 0.0449999945 -0.0581666606 0.0000000000
vertex 0.0468333278 -0.0599999939 0.0000000000
vertex 0.0468333278 -0.0581666606 0.0000000000
endloop
endfacet
facet normal 0 0 1
outer loop
vertex 0.0449999945 -0.0581666606 0.0000000000
vertex 0.0449999945 -0.0599999939 0.0000000000
vertex 0.0468333278 -0.0599999939 0.0000000000
endloop
endfacet
facet normal 0 0 1
outer loop
vertex 0.0486666612 -0.0581666606 0.0000000000
vertex 0.0504999945 -0.0599999939 0.0000000000
vertex 0.0504999945 -0.0581666606 0.0000000000
endloop
endfacet
facet normal 0 0 1
outer loop
vertex 0.0486666612 -0.0581666606 0.0000000000
vertex 0.0486666612 -0.0599999939 0.0000000000
vertex 0.0504999945 -0.0599999939 0.0000000000
endloop
endfacet
facet normal 0 0 1
outer loop
vertex 0.0394999945 -0.0599999939 0.0000000000
vertex 0.0413333278 -0.0618333273 0.0000000000
vertex 0.0413333278 -0.0599999939 0.0000000000
endloop
endfacet
facet normal 0 0 1
outer loop
vertex 0.0394999945 -0.0599999939 0.0000000000
vertex 0.0394999945 -0.0618333273 0.0000000000
vertex 0.0413333278 -0.0618333273 0.0000000000
endloop
endfacet
facet normal 0 0 1
outer loop
vertex 0.0413333278 -0.0599999939 0.0000000000
vertex 0.0431666612 -0.0618333273 0.0000000000
vertex 0.0431666612 -0.0599999939 0.0000000000
endloop
endfacet
facet normal 0 0 1
outer loop
vertex 0.0413333278 -0.0599999939 0.0000000000
vertex 0.0413333278 -0.0618333273 0.0000000000
vertex 0.0431666612 -0.0618333273 0.0000000000
endloop
endfacet
facet normal 0 0 1
outer loop
vertex 0.0431666612 -0.0599999939 0.0000000000
vertex 0.0449999945 -0.0618333273 0.0000000000
vertex 0.0449999945 -0.0599999939 0.0000000000
endloop
endfacet
facet normal 0 0 1
outer loop
vertex 0.0431666612 -0.0599999939 0.0000000000
vertex 0.0431666612 -0.0618333273 0.0000000000
vertex 0.0449999945 -0.0618333273 0.0000000000
endloop
endfacet
facet normal 0 0 1
outer loop
vertex 0.0468333278 -0.0599999939 0.0000000000
vertex 0.0486666612 -0.0618333273 0.0000000000
vertex 0.0486666612 -0.0599999939 0.0000000000
endloop
endfacet
facet normal 0 0 1
outer loop
vertex 0.0468333278 -0.0599999939 0.0000000000
vertex 0.0468333278 -0.0618333273 0.0000000000
vertex 0.0486666612 -0.0618333273 0.0000000000
endloop
endfacet
facet normal 0 0 1
outer loop
vertex 0.0486666612 -0.0599999939 0.0000000000
vertex 0.0504999945 -0.0618333273 0.0000000000
vertex 0.0504999945 -0.0599999939 0.0000000000
endloop
endfacet
facet normal 0 0 1
outer loop
vertex 0.0486666612 -0.0599999939 0.0000000000
vertex 0.0486666612 -0.0618333273 0.0000000000
vertex 0.0504999945 -0.0618333273 0.0000000000
endloop
endfacet
facet normal 0 0 1
outer loop
vertex 0.0394999945 -0.0618333273 0.0000000000
vertex 0.0413333278 -0.0636666606 0.0000000000
vertex 0.0413333278 -0.0618333273 0.0000000000
endloop
endfacet
facet normal 0 0 1
outer loop
vertex 0.0394999945 -0.0618333273 0.0000000000
vertex 0.0394999945 -0.0636666606 0.0000000000
vertex 0.0413333278 -0.0636666606 0.0000000000
endloop
endfacet
facet normal 0 0 1
outer loop
vertex 0.0413333278 -0.0618333273 0.0000000000
vertex 0.0431666612 -0.0636666606 0.0000000000
vertex 0.0431666612 -0.0618333273 0.0000000000
endloop
endfacet
facet normal 0 0 1
outer loop
vertex 0.0413333278 -0.0618333273 0.0000000000
vertex 0.0413333278 -0.0636666606 0.0000000000
vertex 0.0431666612 -0.0636666606 0.0000000000
endloop
endfacet
facet normal 0 0 1
outer loop
vertex 0.0449999945 -0.0618333273 0.0000000000
vertex 0.0468333278 -0.0636666606 0.0000000000
vertex 0.0468333278 -0.0618333273 0.0000000000
endloop
endfacet
facet normal 0 0 1
outer loop
vertex 0.0449999945 -0.0618333273 0.0000000000
vertex 0.0449999945 -0.0636666606 0.0000000000
vertex 0.0468333278 -0.0636666606 0.0000000000
endloop
endfacet
facet normal 0 0 1
outer loop
vertex 0.0468333278 -0.0618333273 0.0000000000
vertex 0.0486666612 -0.0636666606 0.0000000000
vertex 0.0486666612 -0.0618333273 0.0000000000
endloop
endfacet
facet normal 0 0 1
outer loop
vertex 0.0468333278 -0.0618333273 0.0000000000
vertex 0.0468333278 -0.0636666606 0.0000000000
vertex 0.0486666612 -0.0636666606 0.0000000000
endloop
endfacet
facet normal 0 0 1
outer loop
vertex 0.0486666612 -0.0618333273 0.0000000000
vertex 0.0504999945 -0.0636666606 0.0000000000
vertex 0.0504999945 -0.0618333273 0.0000000000
endloop
endfacet
facet normal 0 0 1
outer loop
vertex 0.0486666612 -0.0618333273 0.0000000000
vertex 0.0486666612 -0.0636666606 0.0000000000
vertex 0.0504999945 -0.0636666606 0.0000000000
endloop
endfacet
facet normal 0 0 1
outer loop
vertex 0.0394999945 -0.0636666606 0.0000000000
vertex 0.0413333278 -0.0654999939 0.0000000000
vertex 0.0413333278 -0.0636666606 0.0000000000
endloop
endfacet
facet normal 0 0 1
outer loop
vertex 0.0394999945 -0.0636666606 0.0000000000
vertex 0.0394999945 -0.0654999939 0.0000000000
vertex 0.0413333278 -0.0654999939 0.0000000000
endloop
endfacet
facet normal 0 0 1
outer loop
vertex 0.0413333278 -0.0636666606 0.0000000000
vertex 0.0431666612 -0.0654999939 0.0000000000
vertex 0.0431666612 -0.0636666606 0.0000000000
endloop
endfacet
facet normal 0 0 1
outer loop
vertex 0.0413333278 -0.0636666606 0.0000000000
vertex 0.0413333278 -0.0654999939 0.0000000000
vertex 0.0431666612 -0.0654999939 0.0000000000
endloop
endfacet
facet normal 0 0 1
outer loop
vertex 0.0431666612 -0.0636666606 0.0000000000
vertex 0.0449999945 -0.0654999939 0.0000000000
vertex 0.0449999945 -0.0636666606 0.0000000000
endloop
endfacet
facet normal 0 0 1
outer loop
vertex 0.0431666612 -0.0636666606 0.0000000000
vertex 0.0431666612 -0.0654999939 0.0000000000
vertex 0.0449999945 -0.0654999939 0.0000000000
endloop
endfacet
facet normal 0 0 1
outer loop
vertex 0.0449999945 -0.0636666606 0.0000000000
vertex 0.0468333278 -0.0654999939 0.0000000000
vertex 0.0468333278 -0.0636666606 0.0000000000
endloop
endfacet
facet normal 0 0 1
outer loop
vertex 0.0449999945 -0.0636666606 0.0000000000
vertex 0.0449999945 -0.0654999939 0.0000000000
vertex 0.0468333278 -0.0654999939 0.0000000000
endloop
endfacet
facet normal 0 0 1
outer loop
vertex 0.0468333278 -0.0636666606 0.0000000000
vertex 0.0486666612 -0.0654999939 0.0000000000
vertex 0.0486666612 -0.0636666606 0.0000000000
endloop
endfacet
facet normal 0 0 1
outer loop
vertex 0.0468333278 -0.0636666606 0.0000000000
vertex 0.0468333278 -0.0654999939 0.0000000000
vertex 0.0486666612 -0.0654999939 0.0000000000
endloop
endfacet
facet normal 0 0 1
outer loop
vertex 0.0486666612 -0.0636666606 0.0000000000
vertex 0.0504999945 -0.0654999939 0.0000000000
vertex 0.0504999945 -0.0636666606 0.0000000000
endloop
endfacet
facet normal 0 0 1
outer loop
vertex 0.0486666612 -0.0636666606 0.0000000000
vertex 0.0486666612 -0.0654999939 0.0000000000
vertex 0.0504999945 -0.0654999939 0.0000000000
endloop
endfacet
facet normal 0 0 1
outer loop
vertex 0.0694999957 -0.0544999939 0.0000000000
vertex 0.0713333290 -0.0563333273 0.0000000000
vertex 0.0713333290 -0.0544999939 0.0000000000
endloop
endfacet
facet normal 0 0 1
outer loop
vertex 0.0694999957 -0.0544999939 0.0000000000
vertex 0.0694999957 -0.0563333273 0.0000000000
vertex 0.0713333290 -0.0563333273 0.0000000000
endloop
endfacet
facet normal 0 0 1
outer loop
vertex 0.0713333290 -0.0544999939 0.0000000000
vertex 0.0731666624 -0.0563333273 0.0000000000
vertex 0.0731666624 -0.0544999939 0.0000000000
endloop
endfacet
facet normal 0 0 1
outer loop
vertex 0.0713333290 -0.0544999939 0.0000000000
vertex 0.0713333290 -0.0563333273 0.0000000000
vertex 0.0731666624 -0.0563333273 0.0000000000
endloop
endfacet
facet normal 0 0 1
outer loop
vertex 0.0731666624 -0.0544999939 0.0000000000
vertex 0.0749999957 -0.0563333273 0.0000000000
vertex 0.0749999957 -0.0544999939 0.0000000000
endloop
endfacet
facet normal 0 0 1
outer loop
vertex 0.0731666624 -0.0544999939 0.0000000000
vertex 0.0731666624 -0.0563333273 0.0000000000
vertex 0.0749999957 -0.0563333273 0.0000000000
endloop
endfacet
facet normal 0 0 1
outer loop
vertex 0.0749999957 -0.0544999939 0.0000000000
vertex 0.0768333290 -0.0563333273 0.0000000000
vertex 0.0768333290 -0.0544999939 0.0000000000
endloop
endfacet
facet normal 0 0 1
outer loop
vertex 0.0749999957 -0.0544999939 0.0000000000
vertex 0.0749999957 -0.0563333273 0.0000000000
vertex 0.0768333290 -0.0563333273 0.0000000000
endloop
endfacet
facet normal 0 0 1
outer loop
vertex 0.0768333290 -0.0544999939 0.0000000000
vertex 0.0786666624 -0.0563333273 0.0000000000
vertex 0.0786666624 -0.0544999939 0.0000000000
endloop
endfacet
facet normal 0 0 1
outer loop
vertex 0.0768333290 -0.0544999939 0.0000000000
vertex 0.0768333290 -0.0563333273 0.0000000000
vertex 0.0786666624 -0.0563333273 0.0000000000
endloop
endfacet
facet normal 0 0 1
outer loop
vertex 0.0786666624 -0.0544999939 0.0000000000
vertex 0.0804999957 -0.0563333273 0.0000000000
vertex 0.0804999957 -0.0544999939 0.0000000000
endloop
endfacet
facet normal 0 0 1
outer loop
vertex 0.0786666624 -0.0544999939 0.0000000000
vertex 0.0786666624 -0.0563333273 0.0000000000
vertex 0.0804999957 -0.0563333273 0.0000000000
endloop
endfacet
facet normal 0 0 1
outer loop
vertex 0.0694999957 -0.0563333273 0.0000000000
vertex 0.0713333290 -0.0581666606 0.0000000000
vertex 0.0713333290 -0.0563333273 0.0000000000
endloop
endfacet
facet normal 0 0 1
outer loop
vertex 0.0694999957 -0.0563333273 0.0000000000
vertex 0.0694999957 -0.0581666606 0.0000000000
vertex 0.0713333290 -0.0581666606 0.0000000000
endloop
endfacet
facet normal 0 0 1
outer loop
vertex 0.0713333290 -0.0563333273 0.0000000000
vertex 0.0731666624 -0.0581666606 0.0000000000
vertex 0.0731666624 -0.0563333273 0.0000000000
endloop
endfacet
facet normal 0 0 1
outer loop
vertex 0.0713333290 -0.0563333273 0.0000000000
vertex 0.0713333290 -0.0581666606 0.0000000000
vertex 0.0731666624 -0.0581666606 0.0000000000
endloop
endfacet
facet normal 0 0 1
outer loop
vertex 0.0768333290 -0.0563333273 0.0000000000
vertex 0.0786666624 -0.0581666606 0.0000000000
vertex 0.0786666624 -0.0563333273 0.0000000000
endloop
endfacet
facet normal 0 0 1
outer loop
vertex 0.0768333290 -0.0563333273 0.0000000000
vertex 0.0768333290 -0.0581666606 0.0000000000
vertex 0.0786666624 -0.0581666606 0.0000000000
endloop
endfacet
facet normal 0 0 1
outer loop
vertex 0.0786666624 -0.0563333273 0.0000000000
vertex 0.0804999957 -0.0581666606 0.0000000000
vertex 0.0804999957 -0.0563333273 0.0000000000
endloop
endfacet
facet normal 0 0 1
outer loop
vertex 0.0786666624 -0.0563333273 0.0000000000
vertex 0.0786666624 -0.0581666606 0.0000000000
vertex 0.0804999957 -0.0581666606 0.0000000000
endloop
endfacet
facet normal 0 0 1
outer loop
vertex 0.0694999957 -0.0581666606 0.0000000000
vertex 0.0713333290 -0.0599999939 0.0000000000
vertex 0.0713333290 -0.0581666606 0.0000000000
endloop
endfacet
facet normal 0 0 1
outer loop
vertex 0.0694999957 -0.0581666606 0.0000000000
vertex 0.0694999957 -0.0599999939 0.0000000000
vertex 0.0713333290 -0.0599999939 0.0000000000
endloop
endfacet
facet normal 0 0 1
outer loop
vertex 0.0713333290 -0.0581666606 0.0000000000
vertex 0.0731666624 -0.0599999939 0.0000000000
vertex 0.0731666624 -0.0581666606 0.0000000000
endloop
endfacet
facet normal 0 0 1
outer loop
vertex 0.0713333290 -0.0581666606 0.0000000000
vertex 0.0713333290 -0.0599999939 0.0000000000
vertex 0.0731666624 -0.0599999939 0.0000000000
endloop
endfacet
facet normal 0 0 1
outer loop
vertex 0.0731666624 -0.0581666606 0.0000000000
vertex 0.0749999957 -0.0599999939 0.0000000000
vertex 0.0749999957 -0.0581666606 0.0000000000
endloop
endfacet
facet normal 0 0 1
outer loop
vertex 0.0731666624 -0.0581666606 0.0000000000
vertex 0.0731666624 -0.0599999939 0.0000000000
vertex 0.0749999957 -0.0599999939 0.0000000000
endloop
endfacet
facet normal 0 0 1
outer loop
vertex 0.0749999957 -0.0581666606 0.0000000000
vertex 0.0768333290 -0.0599999939 0.0000000000
vertex 0.0768333290 -0.0581666606 0.0000000000
endloop
endfacet
facet normal 0 0 1
outer loop
vertex 0.0749999957 -0.0581666606 0.0000000000
vertex 0.0749999957 -0.0599999939 0.0000000000
vertex 0.0768333290 -0.0599999939 0.0000000000
endloop
endfacet
facet normal 0 0 1
outer loop
vertex 0.0786666624 -0.0581666606 0.0000000000
vertex 0.0804999957 -0.0599999939 0.0000000000
vertex 0.0804999957 -0.0581666606 0.0000000000
endloop
endfacet
facet normal 0 0 1
outer loop
vertex 0.0786666624 -0.0581666606 0.0000000000
vertex 0.0786666624 -0.0599999939 0.0000000000
vertex 0.0804999957 -0.0599999939 0.0000000000
endloop
endfacet
facet normal 0 0 1
outer loop
vertex 0.0694999957 -0.0599999939 0.0000000000
vertex 0.0713333290 -0.0618333273 0.0000000000
vertex 0.0713333290 -0.0599999939 0.0000000000
endloop
endfacet
facet normal 0 0 1
outer loop
vertex 0.0694999957 -0.0599999939 0.0000000000
vertex 0.0694999957 -0.0618333273 0.0000000000
vertex 0.0713333290 -0.0618333273 0.0000000000
endloop
endfacet
facet normal 0 0 1
outer loop
vertex 0.0768333290 -0.0599999939 0.0000000000
vertex 0.0786666624 -0.0618333273 0.0000000000
vertex 0.0786666624 -0.0599999939 0.0000000000
endloop
endfacet
facet normal 0 0 1
outer loop
vertex 0.0768333290 -0.0599999939 0.0000000000
vertex 0.0768333290 -0.0618333273 0.0000000000
vertex 0.0786666624 -0.0618333273 0.0000000000
endloop
endfacet
facet normal 0 0 1
outer loop
vertex 0.0786666624 -0.0599999939 0.0000000000
vertex 0.0804999957 -0.0618333273 0.0000000000
vertex 0.0804999957 -0.0599999939 0.0000000000
endloop
endfacet
facet normal 0 0 1
outer loop
vertex 0.0786666624 -0.0599999939 0.0000000000
vertex 0.0786666624 -0.0618333273 0.0000000000
vertex 0.0804999957 -0.0618333273 0.0000000000
endloop
endfacet
facet normal 0 0 1
outer loop
vertex 0.0694999957 -0.0618333273 0.0000000000
vertex 0.0713333290 -0.0636666606 0.0000000000
vertex 0.0713333290 -0.0618333273 0.0000000000
endloop
endfacet
facet normal 0 0 1
outer loop
vertex 0.0694999957 -0.0618333273 0.0000000000
vertex 0.0694999957 -0.0636666606 0.0000000000
vertex 0.0713333290 -0.0636666606 0.0000000000
endloop
endfacet
facet normal 0 0 1
outer loop
vertex 0.0731666624 -0.0618333273 0.0000000000
vertex 0.0749999957 -0.0636666606 0.0000000000
vertex 0.0749999957 -0.0618333273 0.0000000000
endloop
endfacet
facet normal 0 0 1
outer loop
vertex 0.0731666624 -0.0618333273 0.0000000000
vertex 0.0731666624 -0.0636666606 0.0000000000
vertex 0.0749999957 -0.0636666606 0.0000000000
endloop
endfacet
facet normal 0 0 1
outer loop
vertex 0.0749999957 -0.0618333273 0.0000000000
vertex 0.0768333290 -0.0636666606 0.0000000000
vertex 0.0768333290 -0.0618333273 0.0000000000
endloop
endfacet
facet normal 0 0 1
outer loop
vertex 0.0749999957 -0.0618333273 0.0000000000
vertex 0.0749999957 -0.0636666606 0.0000000000
vertex 0.0768333290 -0.0636666606 0.0000000000
endloop
endfacet
facet normal 0 0 1
outer loop
vertex 0.0786666624 -0.0618333273 0.0000000000
vertex 0.0804999957 -0.0636666606 0.0000000000
vertex 0.0804999957 -0.0618333273 0.0000000000
endloop
endfacet
facet normal 0 0 1
outer loop
vertex 0.0786666624 -0.0618333273 0.0000000000
vertex 0.0786666624 -0.0636666606 0.0000000000
vertex 0.0804999957 -0.0636666606 0.0000000000
endloop
endfacet
facet normal 0 0 1
outer loop
vertex 0.0694999957 -0.0636666606 0.0000000000
vertex 0.0713333290 -0.0654999939 0.0000000000
vertex 0.0713333290 -0.0636666606 0.0000000000
endloop
endfacet
facet normal 0 0 1
outer loop
vertex 0.0694999957 -0.0636666606 0.0000000000
vertex 0.0694999957 -0.0654999939 0.0000000000
vertex 0.0713333290 -0.0654999939 0.0000000000
endloop
endfacet
facet normal 0 0 1
outer loop
vertex 0.0713333290 -0.0636666606 0.0000000000
vertex 0.0731666624 -0.0654999939 0.0000000000
vertex 0.0731666624 -0.0636666606 0.0000000000
endloop
endfacet
facet normal 0 0 1
outer loop
vertex 0.0713333290 -0.0636666606 0.0000000000
vertex 0.0713333290 -0.0654999939 0.0000000000
vertex 0.0731666624 -0.0654999939 0.0000000000
endloop
endfacet
facet normal 0 0 1
outer loop
vertex 0.0731666624 -0.0636666606 0.0000000000
vertex 0.0749999957 -0.0654999939 0.0000000000
vertex 0.0749999957 -0.0636666606 0.0000000000
endloop
endfacet
facet normal 0 0 1
outer loop
vertex 0.0731666624 -0.0636666606 0.0000000000
vertex 0.0731666624 -0.0654999939 0.0000000000
vertex 0.0749999957 -0.0654999939 0.0000000000
endloop
endfacet
facet normal 0 0 1
outer loop
vertex 0.0749999957 -0.0636666606 0.0000000000
vertex 0.0768333290 -0.0654999939 0.0000000000
vertex 0.0768333290 -0.0636666606 0.0000000000
endloop
endfacet
facet normal 0 0 1
outer loop
vertex 0.0749999957 -0.0636666606 0.0000000000
vertex 0.0749999957 -0.0654999939 0.0000000000
vertex 0.0768333290 -0.0654999939 0.0000000000
endloop
endfacet
facet normal 0 0 1
outer loop
vertex 0.0768333290 -0.0636666606 0.0000000000
vertex 0.0786666624 -0.0654999939 0.0000000000
vertex 0.0786666624 -0.0636666606 0.0000000000
endloop
endfacet
facet normal 0 0 1
outer loop
vertex 0.0768333290 -0.0636666606 0.0000000000
vertex 0.0768333290 -0.0654999939 0.0000000000
vertex 0.0786666624 -0.0654999939 0.0000000000
endloop
endfacet
facet normal 0 0 1
outer loop
vertex 0.0786666624 -0.0636666606 0.0000000000
vertex 0.0804999957 -0.0654999939 0.0000000000
vertex 0.0804999957 -0.0636666606 0.0000000000
endloop
endfacet
facet normal 0 0 1
outer loop
vertex 0.0786666624 -0.0636666606 0.0000000000
vertex 0.0786666624 -0.0654999939 0.0000000000
vertex 0.0804999957 -0.0654999939 0.0000000000
endloop
endfacet
endsolid charuco
